"Serial","ID","Asset Number","Friendly Name","Username","First Name","Last Name","Email","Model","OS","IMEI","Wi-Fi MAC Address","Last Seen","Tags","Organization Group"
"D74HYTD9LT","SC875","จักราชวิทยา_SC875","จักราชวิทยา_SC875_D74HYTD9LT","Student_175_1030201383","Student175","Admin","obec68zone1@obec.org","iPad (A16) (Wi-Fi + Cellular 128 GB Silver)","26.5.0","357879850156726","AC:82:F0:9F:9B:82","6/8/2026 2:38:25 PM","SC; All; สพม.นครราชสีมา; จักราชวิทยา; SC_จักราชวิทยา","รร.จักราชวิทยา"
"HCFC4R7WDN","SC788","จักราชวิทยา_SC788","จักราชวิทยา_SC788_HCFC4R7WDN","Student_158_1030201383","Student158","Admin","obec68zone1@obec.org","iPad (A16) (Wi-Fi + Cellular 128 GB Silver)","26.5.0","357879850319928","AC:82:F0:A3:44:B4","6/8/2026 2:38:19 PM","SC; All; สพม.นครราชสีมา; จักราชวิทยา; SC_จักราชวิทยา","รร.จักราชวิทยา"
"MD2GVGYVYG","SC964","จักราชวิทยา_SC964","จักราชวิทยา_SC964_MD2GVGYVYG","Student_193_1030201383","Student193","Admin","obec68zone1@obec.org","iPad (A16) (Wi-Fi + Cellular 128 GB Silver)","26.5.0","357879850307931","AC:82:F0:9D:1D:70","6/8/2026 2:38:15 PM","SC; All; สพม.นครราชสีมา; จักราชวิทยา; SC_จักราชวิทยา","รร.จักราชวิทยา"
"M773WQYXJ5","SC1054","จักราชวิทยา_SC1054","จักราชวิทยา_SC1054_M773WQYXJ5","Student_211_1030201383","Student211","Admin","obec68zone1@obec.org","iPad (A16) (Wi-Fi + Cellular 128 GB Silver)","26.5.0","357879850932308","AC:82:F0:AD:05:AB","6/8/2026 2:37:53 PM","SC; All; สพม.นครราชสีมา; จักราชวิทยา; SC_จักราชวิทยา","รร.จักราชวิทยา"
"KHQN6VC6KK","SC1072","จักราชวิทยา_SC1072","จักราชวิทยา_SC1072_KHQN6VC6KK","Student_215_1030201383","Student215","Admin","obec68zone1@obec.org","iPad (A16) (Wi-Fi + Cellular 128 GB Silver)","26.5.0","357879850923331","AC:82:F0:A8:31:EA","6/8/2026 2:37:44 PM","SC; All; สพม.นครราชสีมา; จักราชวิทยา; SC_จักราชวิทยา","รร.จักราชวิทยา"
"JKYHHMQ1VM","SC408","จักราชวิทยา_SC408","จักราชวิทยา_SC408_JKYHHMQ1VM","Student_82_1030201383","Student82","Admin","obec68zone1@obec.org","iPad (A16) (Wi-Fi + Cellular 128 GB Silver)","26.2.1","357879850059904","AC:82:F0:A8:C9:58","6/8/2026 2:37:35 PM","SC; All; สพม.นครราชสีมา; จักราชวิทยา; SC_จักราชวิทยา","รร.จักราชวิทยา"
"HFW1R4JQPK","SC593","จักราชวิทยา_SC593","จักราชวิทยา_SC593_HFW1R4JQPK","Student_119_1030201383","Student119","Admin","obec68zone1@obec.org","iPad (A16) (Wi-Fi + Cellular 128 GB Silver)","26.5.0","357879850963832","AC:82:F0:AD:5B:79","6/8/2026 2:37:34 PM","SC; All; สพม.นครราชสีมา; จักราชวิทยา; SC_จักราชวิทยา","รร.จักราชวิทยา"
"JJ4NK9PYPN","SC840","จักราชวิทยา_SC840","จักราชวิทยา_SC840_JJ4NK9PYPN","Student_168_1030201383","Student168","Admin","obec68zone1@obec.org","iPad (A16) (Wi-Fi + Cellular 128 GB Silver)","26.5.0","357879850718376","AC:82:F0:AA:D3:29","6/8/2026 2:37:27 PM","SC; All; สพม.นครราชสีมา; จักราชวิทยา; SC_จักราชวิทยา","รร.จักราชวิทยา"
"D44TYQ5FK6","SC830","จักราชวิทยา_SC830","จักราชวิทยา_SC830_D44TYQ5FK6","Student_166_1030201383","Student166","Admin","obec68zone1@obec.org","iPad (A16) (Wi-Fi + Cellular 128 GB Silver)","26.5.0","357879850341302","AC:82:F0:AA:27:C3","6/8/2026 2:37:24 PM","SC; All; สพม.นครราชสีมา; จักราชวิทยา; SC_จักราชวิทยา","รร.จักราชวิทยา"
"FQHCQVP42P","SC416","จักราชวิทยา_SC416","จักราชวิทยา_SC416_FQHCQVP42P","Student_84_1030201383","Student84","Admin","obec68zone1@obec.org","iPad (A16) (Wi-Fi + Cellular 128 GB Silver)","26.5.0","357879850688058","AC:82:F0:A8:7B:E5","6/8/2026 2:37:23 PM","SC; All; สพม.นครราชสีมา; จักราชวิทยา; SC_จักราชวิทยา","รร.จักราชวิทยา"
"CMWLWL4PW1","SC378","จักราชวิทยา_SC378","จักราชวิทยา_SC378_CMWLWL4PW1","Student_76_1030201383","Student76","Admin","obec68zone1@obec.org","iPad (A16) (Wi-Fi + Cellular 128 GB Silver)","26.5.0","357879850215290","AC:82:F0:AA:EF:6A","6/8/2026 2:37:22 PM","SC; All; สพม.นครราชสีมา; จักราชวิทยา; SC_จักราชวิทยา","รร.จักราชวิทยา"
"M63M2QNWN2","SC197","จักราชวิทยา_SC197","จักราชวิทยา_SC197_M63M2QNWN2","Student_40_1030201383","Student40","Admin","obec68zone1@obec.org","iPad (A16) (Wi-Fi + Cellular 128 GB Silver)","26.4.2","357585650849861","AC:82:F0:A7:DB:17","6/8/2026 2:37:14 PM","SC; All; สพม.นครราชสีมา; จักราชวิทยา; SC_จักราชวิทยา","รร.จักราชวิทยา"
"DL7N00M2Y0","SC860","จักราชวิทยา_SC860","จักราชวิทยา_SC860_DL7N00M2Y0","Student_172_1030201383","Student172","Admin","obec68zone1@obec.org","iPad (A16) (Wi-Fi + Cellular 128 GB Silver)","26.5.0","357879850197159","AC:82:F0:A5:C4:B3","6/8/2026 2:37:07 PM","SC; All; สพม.นครราชสีมา; จักราชวิทยา; SC_จักราชวิทยา","รร.จักราชวิทยา"
"LF0JVVVVJX","SC564","จักราชวิทยา_SC564","จักราชวิทยา_SC564_LF0JVVVVJX","Student_113_1030201383","Student113","Admin","obec68zone1@obec.org","iPad (A16) (Wi-Fi + Cellular 128 GB Silver)","26.5.0","357879850010824","AC:82:F0:9F:91:0F","6/8/2026 2:37:04 PM","SC; All; สพม.นครราชสีมา; จักราชวิทยา; SC_จักราชวิทยา","รร.จักราชวิทยา"
"F9VVF5Q49F","TC45","จักราชวิทยา_TC45","จักราชวิทยา_TC45_F9VVF5Q49F","Teacher_09_1030201383","Teacher09","Admin","obec68zone1@obec.org","iPad (A16) (Wi-Fi + Cellular 128 GB Silver)","26.5.0","357879850957354","AC:82:F0:A5:13:21","6/8/2026 2:37:02 PM","TC; All; สพม.นครราชสีมา; TC_จักราชวิทยา; จักราชวิทยา","รร.จักราชวิทยา"
"H6Q17NJQWN","SC716","จักราชวิทยา_SC716","จักราชวิทยา_SC716_H6Q17NJQWN","Student_144_1030201383","Student144","Admin","obec68zone1@obec.org","iPad (A16) (Wi-Fi + Cellular 128 GB Silver)","26.5.0","357879850358397","AC:82:F0:A7:16:1F","6/8/2026 2:36:21 PM","SC; All; สพม.นครราชสีมา; จักราชวิทยา; SC_จักราชวิทยา","รร.จักราชวิทยา"
"GD4DXDC9QT","SC687","จักราชวิทยา_SC687","จักราชวิทยา_SC687_GD4DXDC9QT","Student_138_1030201383","Student138","Admin","obec68zone1@obec.org","iPad (A16) (Wi-Fi + Cellular 128 GB Silver)","26.5.0","357879850575180","AC:82:F0:9E:1C:42","6/8/2026 2:36:20 PM","SC; All; สพม.นครราชสีมา; จักราชวิทยา; SC_จักราชวิทยา","รร.จักราชวิทยา"
"CH77JWN6GH","SC912","จักราชวิทยา_SC912","จักราชวิทยา_SC912_CH77JWN6GH","Student_183_1030201383","Student183","Admin","obec68zone1@obec.org","iPad (A16) (Wi-Fi + Cellular 128 GB Silver)","26.5.0","357879850277597","AC:82:F0:9F:F4:6E","6/8/2026 2:36:19 PM","SC; All; สพม.นครราชสีมา; จักราชวิทยา; SC_จักราชวิทยา","รร.จักราชวิทยา"
"F799J45YGR","SC502","จักราชวิทยา_SC502","จักราชวิทยา_SC502_F799J45YGR","Student_101_1030201383","Student101","Admin","obec68zone1@obec.org","iPad (A16) (Wi-Fi + Cellular 128 GB Silver)","26.5.0","357879850095882","AC:82:F0:9C:AB:B0","6/8/2026 2:36:19 PM","SC; All; สพม.นครราชสีมา; จักราชวิทยา; SC_จักราชวิทยา","รร.จักราชวิทยา"
"CMF93XKHQ6","SC115","จักราชวิทยา_SC115","จักราชวิทยา_SC115_CMF93XKHQ6","Student_23_1030201383","Student23","Admin","obec68zone1@obec.org","iPad (A16) (Wi-Fi + Cellular 128 GB Silver)","26.1.0","357585650386245","AC:82:F0:9C:C5:AF","6/8/2026 2:36:18 PM","SC; All; สพม.นครราชสีมา; จักราชวิทยา; SC_จักราชวิทยา","รร.จักราชวิทยา"
"GYV2334TXL","SC417","จักราชวิทยา_SC417","จักราชวิทยา_SC417_GYV2334TXL","Student_84_1030201383","Student84","Admin","obec68zone1@obec.org","iPad (A16) (Wi-Fi + Cellular 128 GB Silver)","26.5.0","357879850638392","AC:82:F0:A2:B9:E2","6/8/2026 2:36:18 PM","SC; All; สพม.นครราชสีมา; จักราชวิทยา; SC_จักราชวิทยา","รร.จักราชวิทยา"
"MFH3Q992NN","SC215","จักราชวิทยา_SC215","จักราชวิทยา_SC215_MFH3Q992NN","Student_43_1030201383","Student43","Admin","obec68zone1@obec.org","iPad (A16) (Wi-Fi + Cellular 128 GB Silver)","26.5.0","357585650532467","AC:82:F0:A3:EA:1D","6/8/2026 2:36:18 PM","SC; All; สพม.นครราชสีมา; จักราชวิทยา; SC_จักราชวิทยา","รร.จักราชวิทยา"
"H4NVK3XRWK","SC466","จักราชวิทยา_SC466","จักราชวิทยา_SC466_H4NVK3XRWK","Student_94_1030201383","Student94","Admin","obec68zone1@obec.org","iPad (A16) (Wi-Fi + Cellular 128 GB Silver)","26.1.0","357879850400199","AC:82:F0:AA:6D:B7","6/8/2026 2:36:18 PM","SC; All; สพม.นครราชสีมา; จักราชวิทยา; SC_จักราชวิทยา","รร.จักราชวิทยา"
"MP43D7PWR4","SC476","จักราชวิทยา_SC476","จักราชวิทยา_SC476_MP43D7PWR4","Student_96_1030201383","Student96","Admin","obec68zone1@obec.org","iPad (A16) (Wi-Fi + Cellular 128 GB Silver)","26.5.0","357879850909793","AC:82:F0:A1:33:91","6/8/2026 2:36:18 PM","SC; All; สพม.นครราชสีมา; จักราชวิทยา; SC_จักราชวิทยา","รร.จักราชวิทยา"
"J49W5QDQJT","SC728","จักราชวิทยา_SC728","จักราชวิทยา_SC728_J49W5QDQJT","Student_146_1030201383","Student146","Admin","obec68zone1@obec.org","iPad (A16) (Wi-Fi + Cellular 128 GB Silver)","26.5.0","357879850803038","AC:82:F0:98:E0:7C","6/8/2026 2:36:17 PM","SC; All; สพม.นครราชสีมา; จักราชวิทยา; SC_จักราชวิทยา","รร.จักราชวิทยา"
"LP979VMVTG","SC556","จักราชวิทยา_SC556","จักราชวิทยา_SC556_LP979VMVTG","Student_112_1030201383","Student112","Admin","obec68zone1@obec.org","iPad (A16) (Wi-Fi + Cellular 128 GB Silver)","26.4.2","357879850763992","AC:82:F0:9C:97:FD","6/8/2026 2:36:17 PM","SC; All; สพม.นครราชสีมา; จักราชวิทยา; SC_จักราชวิทยา","รร.จักราชวิทยา"
"G76H06MXYC","SC426","จักราชวิทยา_SC426","จักราชวิทยา_SC426_G76H06MXYC","Student_86_1030201383","Student86","Admin","obec68zone1@obec.org","iPad (A16) (Wi-Fi + Cellular 128 GB Silver)","26.5.0","357879850465689","AC:82:F0:AB:D1:7A","6/8/2026 2:36:17 PM","SC; All; สพม.นครราชสีมา; จักราชวิทยา; SC_จักราชวิทยา","รร.จักราชวิทยา"
"JVMWFP437K","SC198","จักราชวิทยา_SC198","จักราชวิทยา_SC198_JVMWFP437K","Student_40_1030201383","Student40","Admin","obec68zone1@obec.org","iPad (A16) (Wi-Fi + Cellular 128 GB Silver)","26.5.0","357585650527855","AC:82:F0:AA:FA:F9","6/8/2026 2:36:17 PM","SC; All; สพม.นครราชสีมา; จักราชวิทยา; SC_จักราชวิทยา","รร.จักราชวิทยา"
"J1QQ9T40MF","SC677","จักราชวิทยา_SC677","จักราชวิทยา_SC677_J1QQ9T40MF","Student_136_1030201383","Student136","Admin","obec68zone1@obec.org","iPad (A16) (Wi-Fi + Cellular 128 GB Silver)","26.3.1 (a)","357879850090974","AC:82:F0:AA:A8:E2","6/8/2026 2:36:17 PM","SC; All; สพม.นครราชสีมา; จักราชวิทยา; SC_จักราชวิทยา","รร.จักราชวิทยา"
"J6FGPD63N9","SC233","จักราชวิทยา_SC233","จักราชวิทยา_SC233_J6FGPD63N9","Student_47_1030201383","Student47","Admin","obec68zone1@obec.org","iPad (A16) (Wi-Fi + Cellular 128 GB Silver)","26.5.0","357879850414281","AC:82:F0:9F:0E:4C","6/8/2026 2:36:16 PM","SC; All; สพม.นครราชสีมา; จักราชวิทยา; SC_จักราชวิทยา","รร.จักราชวิทยา"
"FNX42R09VC","SC377","จักราชวิทยา_SC377","จักราชวิทยา_SC377_FNX42R09VC","Student_76_1030201383","Student76","Admin","obec68zone1@obec.org","iPad (A16) (Wi-Fi + Cellular 128 GB Silver)","26.5.0","357879850361532","AC:82:F0:AD:2F:BF","6/8/2026 2:36:16 PM","SC; All; สพม.นครราชสีมา; จักราชวิทยา; SC_จักราชวิทยา","รร.จักราชวิทยา"
"HQKXW3V653","SC193","จักราชวิทยา_SC193","จักราชวิทยา_SC193_HQKXW3V653","Student_39_1030201383","Student39","Admin","obec68zone1@obec.org","iPad (A16) (Wi-Fi + Cellular 128 GB Silver)","26.5.0","357585650010381","AC:82:F0:9D:E4:D4","6/8/2026 2:36:16 PM","SC; All; สพม.นครราชสีมา; จักราชวิทยา; SC_จักราชวิทยา","รร.จักราชวิทยา"
"JFMWT9KL7H","SC542","จักราชวิทยา_SC542","จักราชวิทยา_SC542_JFMWT9KL7H","Student_109_1030201383","Student109","Admin","obec68zone1@obec.org","iPad (A16) (Wi-Fi + Cellular 128 GB Silver)","26.5.0","357879850561487","AC:82:F0:A5:39:5C","6/8/2026 2:36:16 PM","SC; All; สพม.นครราชสีมา; จักราชวิทยา; SC_จักราชวิทยา","รร.จักราชวิทยา"
"D57JGKLQ2R","SC336","จักราชวิทยา_SC336","จักราชวิทยา_SC336_D57JGKLQ2R","Student_68_1030201383","Student68","Admin","obec68zone1@obec.org","iPad (A16) (Wi-Fi + Cellular 128 GB Silver)","26.2.1","357879850580636","AC:82:F0:AC:12:B5","6/8/2026 2:36:13 PM","SC; All; สพม.นครราชสีมา; จักราชวิทยา; SC_จักราชวิทยา","รร.จักราชวิทยา"
"LG3G9LXLN4","TC23","จักราชวิทยา_TC23","จักราชวิทยา_TC23_LG3G9LXLN4","Teacher_05_1030201383","Teacher05","Admin","obec68zone1@obec.org","iPad (A16) (Wi-Fi + Cellular 128 GB Silver)","26.5.0","357879850470788","AC:82:F0:9E:F6:0F","6/8/2026 2:36:06 PM","TC; All; สพม.นครราชสีมา; TC_จักราชวิทยา; จักราชวิทยา","รร.จักราชวิทยา"
"JX0NV6DX01","SC349","จักราชวิทยา_SC349","จักราชวิทยา_SC349_JX0NV6DX01","Student_70_1030201383","Student70","Admin","obec68zone1@obec.org","iPad (A16) (Wi-Fi + Cellular 128 GB Silver)","26.5.0","357879850600947","AC:82:F0:A2:94:FD","6/8/2026 2:36:03 PM","SC; All; สพม.นครราชสีมา; จักราชวิทยา; SC_จักราชวิทยา","รร.จักราชวิทยา"
"GJWKXLHFLX","SC776","จักราชวิทยา_SC776","จักราชวิทยา_SC776_GJWKXLHFLX","Student_156_1030201383","Student156","Admin","obec68zone1@obec.org","iPad (A16) (Wi-Fi + Cellular 128 GB Silver)","26.5.0","357879850325859","AC:82:F0:A8:1E:CA","6/8/2026 2:35:46 PM","SC; All; สพม.นครราชสีมา; จักราชวิทยา; SC_จักราชวิทยา","รร.จักราชวิทยา"
"LNXHYGGF7G","SC324","จักราชวิทยา_SC324","จักราชวิทยา_SC324_LNXHYGGF7G","Student_65_1030201383","Student65","Admin","obec68zone1@obec.org","iPad (A16) (Wi-Fi + Cellular 128 GB Silver)","26.5.0","357879850818416","AC:82:F0:9A:5F:7C","6/8/2026 2:35:46 PM","SC; All; สพม.นครราชสีมา; จักราชวิทยา; SC_จักราชวิทยา","รร.จักราชวิทยา"
"M7X0MHH2JM","SC975","จักราชวิทยา_SC975","จักราชวิทยา_SC975_M7X0MHH2JM","Student_195_1030201383","Student195","Admin","obec68zone1@obec.org","iPad (A16) (Wi-Fi + Cellular 128 GB Silver)","26.5.0","357879850547056","AC:82:F0:AA:B6:25","6/8/2026 2:35:12 PM","SC; All; สพม.นครราชสีมา; จักราชวิทยา; SC_จักราชวิทยา","รร.จักราชวิทยา"
"C0941Y7P32","SC856","จักราชวิทยา_SC856","จักราชวิทยา_SC856_C0941Y7P32","Student_172_1030201383","Student172","Admin","obec68zone1@obec.org","iPad (A16) (Wi-Fi + Cellular 128 GB Silver)","26.5.0","357879850537396","AC:82:F0:A5:E9:91","6/8/2026 2:34:59 PM","SC; All; สพม.นครราชสีมา; จักราชวิทยา; SC_จักราชวิทยา","รร.จักราชวิทยา"
"HM66M3V55Q","SC857","จักราชวิทยา_SC857","จักราชวิทยา_SC857_HM66M3V55Q","Student_172_1030201383","Student172","Admin","obec68zone1@obec.org","iPad (A16) (Wi-Fi + Cellular 128 GB Silver)","26.5.0","357879850234556","AC:82:F0:A0:96:CB","6/8/2026 2:34:59 PM","SC; All; สพม.นครราชสีมา; จักราชวิทยา; SC_จักราชวิทยา","รร.จักราชวิทยา"
"K9QXKM9H4R","SC161","จักราชวิทยา_SC161","จักราชวิทยา_SC161_K9QXKM9H4R","Student_33_1030201383","Student33","Admin","obec68zone1@obec.org","iPad (A16) (Wi-Fi + Cellular 128 GB Silver)","26.5.0","357585650982605","AC:82:F0:AA:C1:03","6/8/2026 2:34:36 PM","SC; All; สพม.นครราชสีมา; จักราชวิทยา; SC_จักราชวิทยา","รร.จักราชวิทยา"
"JWQ3Q9CWNT","SC576","จักราชวิทยา_SC576","จักราชวิทยา_SC576_JWQ3Q9CWNT","Student_116_1030201383","Student116","Admin","obec68zone1@obec.org","iPad (A16) (Wi-Fi + Cellular 128 GB Silver)","26.5.0","357879850327715","AC:82:F0:A6:01:57","6/8/2026 2:34:35 PM","SC; All; สพม.นครราชสีมา; จักราชวิทยา; SC_จักราชวิทยา","รร.จักราชวิทยา"
"CYDX1KH4K2","SC326","จักราชวิทยา_SC326","จักราชวิทยา_SC326_CYDX1KH4K2","Student_66_1030201383","Student66","Admin","obec68zone1@obec.org","iPad (A16) (Wi-Fi + Cellular 128 GB Silver)","26.5.0","357879850387602","AC:82:F0:9A:21:F5","6/8/2026 2:34:30 PM","SC; All; สพม.นครราชสีมา; จักราชวิทยา; SC_จักราชวิทยา","รร.จักราชวิทยา"
"C7JH40M7TN","SC1030","จักราชวิทยา_SC1030","จักราชวิทยา_SC1030_C7JH40M7TN","Student_206_1030201383","Student206","Admin","obec68zone1@obec.org","iPad (A16) (Wi-Fi + Cellular 128 GB Silver)","26.5.0","357879850171378","AC:82:F0:AC:C2:24","6/8/2026 2:34:11 PM","SC; All; สพม.นครราชสีมา; จักราชวิทยา; SC_จักราชวิทยา","รร.จักราชวิทยา"
"C7ML9KD9LM","SC918","จักราชวิทยา_SC918","จักราชวิทยา_SC918_C7ML9KD9LM","Student_184_1030201383","Student184","Admin","obec68zone1@obec.org","iPad (A16) (Wi-Fi + Cellular 128 GB Silver)","26.5.0","357879850424363","AC:82:F0:AB:D5:2E","6/8/2026 2:34:09 PM","SC; All; สพม.นครราชสีมา; จักราชวิทยา; SC_จักราชวิทยา","รร.จักราชวิทยา"
"JTJHKWG2H5","SC585","จักราชวิทยา_SC585","จักราชวิทยา_SC585_JTJHKWG2H5","Student_117_1030201383","Student117","Admin","obec68zone1@obec.org","iPad (A16) (Wi-Fi + Cellular 128 GB Silver)","26.5.0","357879850840329","AC:82:F0:AB:7C:01","6/8/2026 2:34:00 PM","SC; All; สพม.นครราชสีมา; จักราชวิทยา; SC_จักราชวิทยา","รร.จักราชวิทยา"
"L37Q7W4713","SC538","จักราชวิทยา_SC538","จักราชวิทยา_SC538_L37Q7W4713","Student_108_1030201383","Student108","Admin","obec68zone1@obec.org","iPad (A16) (Wi-Fi + Cellular 128 GB Silver)","26.5.0","357879850707411","AC:82:F0:AA:08:00","6/8/2026 2:33:55 PM","SC; All; สพม.นครราชสีมา; จักราชวิทยา; SC_จักราชวิทยา","รร.จักราชวิทยา"
"H0F33H3JFC","SC785","จักราชวิทยา_SC785","จักราชวิทยา_SC785_H0F33H3JFC","Student_157_1030201383","Student157","Admin","obec68zone1@obec.org","iPad (A16) (Wi-Fi + Cellular 128 GB Silver)","26.5.0","357879850090750","AC:82:F0:A5:31:0D","6/8/2026 2:33:35 PM","SC; All; สพม.นครราชสีมา; จักราชวิทยา; SC_จักราชวิทยา","รร.จักราชวิทยา"
"HDYHGPHGGK","SC239","จักราชวิทยา_SC239","จักราชวิทยา_SC239_HDYHGPHGGK","Student_48_1030201383","Student48","Admin","obec68zone1@obec.org","iPad (A16) (Wi-Fi + Cellular 128 GB Silver)","26.4.2","357879850395985","AC:82:F0:A4:EC:A9","6/8/2026 2:33:24 PM","SC; All; สพม.นครราชสีมา; จักราชวิทยา; SC_จักราชวิทยา","รร.จักราชวิทยา"
"G4M639KC70","SC790","จักราชวิทยา_SC790","จักราชวิทยา_SC790_G4M639KC70","Student_158_1030201383","Student158","Admin","obec68zone1@obec.org","iPad (A16) (Wi-Fi + Cellular 128 GB Silver)","26.5.0","357879850946530","AC:82:F0:AD:73:5D","6/8/2026 2:33:23 PM","SC; All; สพม.นครราชสีมา; จักราชวิทยา; SC_จักราชวิทยา","รร.จักราชวิทยา"
"M6T00L6Y9C","SC272","จักราชวิทยา_SC272","จักราชวิทยา_SC272_M6T00L6Y9C","Student_55_1030201383","Student55","Admin","obec68zone1@obec.org","iPad (A16) (Wi-Fi + Cellular 128 GB Silver)","26.1.0","357879850444965","AC:82:F0:9B:0A:10","6/8/2026 2:33:05 PM","SC; All; สพม.นครราชสีมา; จักราชวิทยา; SC_จักราชวิทยา","รร.จักราชวิทยา"
"F7QY6TL9V6","SC383","จักราชวิทยา_SC383","จักราชวิทยา_SC383_F7QY6TL9V6","Student_77_1030201383","Student77","Admin","obec68zone1@obec.org","iPad (A16) (Wi-Fi + Cellular 128 GB Silver)","26.1.0","357879850207107","AC:82:F0:9A:B1:A2","6/8/2026 2:32:39 PM","SC; All; สพม.นครราชสีมา; จักราชวิทยา; SC_จักราชวิทยา","รร.จักราชวิทยา"
"KDQYNPK2R0","SC108","จักราชวิทยา_SC108","จักราชวิทยา_SC108_KDQYNPK2R0","Student_22_1030201383","Student22","Admin","obec68zone1@obec.org","iPad (A16) (Wi-Fi + Cellular 128 GB Silver)","26.5.0","357879850111283","AC:82:F0:A5:AA:DF","6/8/2026 2:32:03 PM","SC; All; สพม.นครราชสีมา; จักราชวิทยา; SC_จักราชวิทยา","รร.จักราชวิทยา"
"G793DLPMGM","SC622","จักราชวิทยา_SC622","จักราชวิทยา_SC622_G793DLPMGM","Student_125_1030201383","Student125","Admin","obec68zone1@obec.org","iPad (A16) (Wi-Fi + Cellular 128 GB Silver)","26.5.0","357879850200276","AC:82:F0:A0:1D:D4","6/8/2026 2:32:00 PM","SC; All; สพม.นครราชสีมา; จักราชวิทยา; SC_จักราชวิทยา","รร.จักราชวิทยา"
"K96L1637QM","SC482","จักราชวิทยา_SC482","จักราชวิทยา_SC482_K96L1637QM","Student_97_1030201383","Student97","Admin","obec68zone1@obec.org","iPad (A16) (Wi-Fi + Cellular 128 GB Silver)","26.5.0","357879850334844","AC:82:F0:9D:C9:86","6/8/2026 2:31:30 PM","SC; All; สพม.นครราชสีมา; จักราชวิทยา; SC_จักราชวิทยา","รร.จักราชวิทยา"
"MFPM766404","SC845","จักราชวิทยา_SC845","จักราชวิทยา_SC845_MFPM766404","Student_169_1030201383","Student169","Admin","obec68zone1@obec.org","iPad (A16) (Wi-Fi + Cellular 128 GB Silver)","26.5.0","357879850671823","AC:82:F0:A2:9A:EA","6/8/2026 2:31:28 PM","SC; All; สพม.นครราชสีมา; จักราชวิทยา; SC_จักราชวิทยา","รร.จักราชวิทยา"
"MN7WYX6KDM","SC581","จักราชวิทยา_SC581","จักราชวิทยา_SC581_MN7WYX6KDM","Student_117_1030201383","Student117","Admin","obec68zone1@obec.org","iPad (A16) (Wi-Fi + Cellular 128 GB Silver)","26.4.2","357879850129202","AC:82:F0:9D:B3:C0","6/8/2026 2:31:19 PM","SC; All; สพม.นครราชสีมา; จักราชวิทยา; SC_จักราชวิทยา","รร.จักราชวิทยา"
"MLXVV7GR75","SC922","จักราชวิทยา_SC922","จักราชวิทยา_SC922_MLXVV7GR75","Student_185_1030201383","Student185","Admin","obec68zone1@obec.org","iPad (A16) (Wi-Fi + Cellular 128 GB Silver)","26.5.0","357879850287083","AC:82:F0:AD:15:EF","6/8/2026 2:31:18 PM","SC; All; สพม.นครราชสีมา; จักราชวิทยา; SC_จักราชวิทยา","รร.จักราชวิทยา"
"H6Q59972JC","SC913","จักราชวิทยา_SC913","จักราชวิทยา_SC913_H6Q59972JC","Student_183_1030201383","Student183","Admin","obec68zone1@obec.org","iPad (A16) (Wi-Fi + Cellular 128 GB Silver)","26.1.0","357879850493533","AC:82:F0:9F:03:C8","6/8/2026 2:31:17 PM","SC; All; สพม.นครราชสีมา; จักราชวิทยา; SC_จักราชวิทยา","รร.จักราชวิทยา"
"KRQRFP3VQ6","SC953","จักราชวิทยา_SC953","จักราชวิทยา_SC953_KRQRFP3VQ6","Student_191_1030201383","Student191","Admin","obec68zone1@obec.org","iPad (A16) (Wi-Fi + Cellular 128 GB Silver)","26.5.0","357879850986395","AC:82:F0:AB:BD:3B","6/8/2026 2:31:16 PM","SC; All; สพม.นครราชสีมา; จักราชวิทยา; SC_จักราชวิทยา","รร.จักราชวิทยา"
"F17Y237YJD","SC1106","จักราชวิทยา_SC1106","จักราชวิทยา_SC1106_F17Y237YJD","Student_222_1030201383","Student222","Admin","obec68zone1@obec.org","iPad (A16) (Wi-Fi + Cellular 128 GB Silver)","26.5.0","357879850525193","AC:82:F0:9E:84:76","6/8/2026 2:31:16 PM","SC; All; สพม.นครราชสีมา; จักราชวิทยา; SC_จักราชวิทยา","รร.จักราชวิทยา"
"HTWV6GYWCC","SC1064","จักราชวิทยา_SC1064","จักราชวิทยา_SC1064_HTWV6GYWCC","Student_213_1030201383","Student213","Admin","obec68zone1@obec.org","iPad (A16) (Wi-Fi + Cellular 128 GB Silver)","26.1.0","357879850960069","AC:82:F0:99:4B:48","6/8/2026 2:31:16 PM","SC; All; สพม.นครราชสีมา; จักราชวิทยา; SC_จักราชวิทยา","รร.จักราชวิทยา"
"HD47VWC04L","SC1043","จักราชวิทยา_SC1043","จักราชวิทยา_SC1043_HD47VWC04L","Student_209_1030201383","Student209","Admin","obec68zone1@obec.org","iPad (A16) (Wi-Fi + Cellular 128 GB Silver)","26.5.0","357879850058948","AC:82:F0:A2:8D:3F","6/8/2026 2:31:16 PM","SC; All; สพม.นครราชสีมา; จักราชวิทยา; SC_จักราชวิทยา","รร.จักราชวิทยา"
"D1WQCV7K14","SC330","จักราชวิทยา_SC330","จักราชวิทยา_SC330_D1WQCV7K14","Student_66_1030201383","Student66","Admin","obec68zone1@obec.org","iPad (A16) (Wi-Fi + Cellular 128 GB Silver)","26.5.0","357879850771318","AC:82:F0:A7:43:E5","6/8/2026 2:31:14 PM","SC; All; สพม.นครราชสีมา; จักราชวิทยา; SC_จักราชวิทยา","รร.จักราชวิทยา"
"HFJ44NJKQ0","SC47","จักราชวิทยา_SC47","จักราชวิทยา_SC47_HFJ44NJKQ0","Student_10_1030201383","Student10","Admin","obec68zone1@obec.org","iPad (A16) (Wi-Fi + Cellular 128 GB Silver)","26.1.0","357585650989790","AC:82:F0:9A:9D:8D","6/8/2026 2:31:14 PM","SC; All; สพม.นครราชสีมา; จักราชวิทยา; SC_จักราชวิทยา","รร.จักราชวิทยา"
"GF36NH7XCJ","SC638","จักราชวิทยา_SC638","จักราชวิทยา_SC638_GF36NH7XCJ","Student_128_1030201383","Student128","Admin","obec68zone1@obec.org","iPad (A16) (Wi-Fi + Cellular 128 GB Silver)","26.5.0","357879850886157","AC:82:F0:A0:55:AD","6/8/2026 2:31:14 PM","SC; All; สพม.นครราชสีมา; จักราชวิทยา; SC_จักราชวิทยา","รร.จักราชวิทยา"
"FQG7FYF63H","SC21","จักราชวิทยา_SC21","จักราชวิทยา_SC21_FQG7FYF63H","Student_05_1030201383","Student05","Admin","obec68zone1@obec.org","iPad (A16) (Wi-Fi + Cellular 128 GB Silver)","26.5.0","357585650077349","AC:82:F0:A2:AD:61","6/8/2026 2:31:14 PM","SC; All; สพม.นครราชสีมา; จักราชวิทยา; SC_จักราชวิทยา","รร.จักราชวิทยา"
"K3X4V7GCQL","SC684","จักราชวิทยา_SC684","จักราชวิทยา_SC684_K3X4V7GCQL","Student_137_1030201383","Student137","Admin","obec68zone1@obec.org","iPad (A16) (Wi-Fi + Cellular 128 GB Silver)","26.5.0","357879850435013","AC:82:F0:A8:C2:51","6/8/2026 2:31:14 PM","SC; All; สพม.นครราชสีมา; จักราชวิทยา; SC_จักราชวิทยา","รร.จักราชวิทยา"
"HQ9XT46TX4","SC284","จักราชวิทยา_SC284","จักราชวิทยา_SC284_HQ9XT46TX4","Student_57_1030201383","Student57","Admin","obec68zone1@obec.org","iPad (A16) (Wi-Fi + Cellular 128 GB Silver)","26.5.0","357879850656402","AC:82:F0:A8:25:ED","6/8/2026 2:31:13 PM","SC; All; สพม.นครราชสีมา; จักราชวิทยา; SC_จักราชวิทยา","รร.จักราชวิทยา"
"JXV7F9HP77","SC74","จักราชวิทยา_SC74","จักราชวิทยา_SC74_JXV7F9HP77","Student_15_1030201383","Student15","Admin","obec68zone1@obec.org","iPad (A16) (Wi-Fi + Cellular 128 GB Silver)","26.5.0","357585650171001","AC:82:F0:A1:20:14","6/8/2026 2:31:13 PM","SC; All; สพม.นครราชสีมา; จักราชวิทยา; SC_จักราชวิทยา","รร.จักราชวิทยา"
"K4X9R70K2Q","SC278","จักราชวิทยา_SC278","จักราชวิทยา_SC278_K4X9R70K2Q","Student_56_1030201383","Student56","Admin","obec68zone1@obec.org","iPad (A16) (Wi-Fi + Cellular 128 GB Silver)","26.4.2","357879850596392","AC:82:F0:9E:C0:33","6/8/2026 2:31:13 PM","SC; All; สพม.นครราชสีมา; จักราชวิทยา; SC_จักราชวิทยา","รร.จักราชวิทยา"
"HDX11QL6F9","SC10","จักราชวิทยา_SC10","จักราชวิทยา_SC10_HDX11QL6F9","Student_02_1030201383","Student02","Admin","obec68zone1@obec.org","iPad (A16) (Wi-Fi + Cellular 128 GB Silver)","26.5.0","357879850085206","AC:82:F0:9E:9F:5B","6/8/2026 2:31:13 PM","SC; All; สพม.นครราชสีมา; จักราชวิทยา; SC_จักราชวิทยา","รร.จักราชวิทยา"
"HWLGDJM71K","SC54","จักราชวิทยา_SC54","จักราชวิทยา_SC54_HWLGDJM71K","Student_11_1030201383","Student11","Admin","obec68zone1@obec.org","iPad (A16) (Wi-Fi + Cellular 128 GB Silver)","26.3.1 (a)","357879850222817","AC:82:F0:AC:2A:E6","6/8/2026 2:31:12 PM","SC; All; สพม.นครราชสีมา; จักราชวิทยา; SC_จักราชวิทยา","รร.จักราชวิทยา"
"JVXWW7DJCD","SC63","จักราชวิทยา_SC63","จักราชวิทยา_SC63_JVXWW7DJCD","Student_13_1030201383","Student13","Admin","obec68zone1@obec.org","iPad (A16) (Wi-Fi + Cellular 128 GB Silver)","26.5.0","357585650460933","AC:82:F0:A4:A9:DD","6/8/2026 2:31:12 PM","SC; All; สพม.นครราชสีมา; จักราชวิทยา; SC_จักราชวิทยา","รร.จักราชวิทยา"
"FWP2054757","SC168","จักราชวิทยา_SC168","จักราชวิทยา_SC168_FWP2054757","Student_34_1030201383","Student34","Admin","obec68zone1@obec.org","iPad (A16) (Wi-Fi + Cellular 128 GB Silver)","26.5.0","357585650794067","AC:82:F0:A5:F7:D0","6/8/2026 2:31:12 PM","SC; All; สพม.นครราชสีมา; จักราชวิทยา; SC_จักราชวิทยา","รร.จักราชวิทยา"
"HLW9QYQQK5","TC81","จักราชวิทยา_TC81","จักราชวิทยา_TC81_HLW9QYQQK5","Teacher_17_1030201383","Teacher17","Admin","obec68zone1@obec.org","iPad (A16) (Wi-Fi + Cellular 128 GB Silver)","26.5.0","357879850253283","AC:82:F0:9D:82:B4","6/8/2026 2:31:05 PM","TC; All; สพม.นครราชสีมา; TC_จักราชวิทยา; จักราชวิทยา","รร.จักราชวิทยา"
"HHFM9NLVY4","SC759","จักราชวิทยา_SC759","จักราชวิทยา_SC759_HHFM9NLVY4","Student_152_1030201383","Student152","Admin","obec68zone1@obec.org","iPad (A16) (Wi-Fi + Cellular 128 GB Silver)","26.5.0","357879850965456","AC:82:F0:A7:7E:EF","6/8/2026 2:30:56 PM","SC; All; สพม.นครราชสีมา; จักราชวิทยา; SC_จักราชวิทยา","รร.จักราชวิทยา"
"G6933T2002","SC897","จักราชวิทยา_SC897","จักราชวิทยา_SC897_G6933T2002","Student_180_1030201383","Student180","Admin","obec68zone1@obec.org","iPad (A16) (Wi-Fi + Cellular 128 GB Silver)","26.5.0","357879850025723","AC:82:F0:AE:96:EF","6/8/2026 2:30:54 PM","SC; All; สพม.นครราชสีมา; จักราชวิทยา; SC_จักราชวิทยา","รร.จักราชวิทยา"
"LGQ2364YXQ","SC346","จักราชวิทยา_SC346","จักราชวิทยา_SC346_LGQ2364YXQ","Student_70_1030201383","Student70","Admin","obec68zone1@obec.org","iPad (A16) (Wi-Fi + Cellular 128 GB Silver)","26.5.0","357879850360054","AC:82:F0:AC:33:4D","6/8/2026 2:30:43 PM","SC; All; สพม.นครราชสีมา; จักราชวิทยา; SC_จักราชวิทยา","รร.จักราชวิทยา"
"DJ2JHCX34J","SC621","จักราชวิทยา_SC621","จักราชวิทยา_SC621_DJ2JHCX34J","Student_125_1030201383","Student125","Admin","obec68zone1@obec.org","iPad (A16) (Wi-Fi + Cellular 128 GB Silver)","26.1.0","357879850929734","AC:82:F0:9C:FF:02","6/8/2026 2:30:42 PM","SC; All; สพม.นครราชสีมา; จักราชวิทยา; SC_จักราชวิทยา","รร.จักราชวิทยา"
"J4K3V6YC9M","SC878","จักราชวิทยา_SC878","จักราชวิทยา_SC878_J4K3V6YC9M","Student_176_1030201383","Student176","Admin","obec68zone1@obec.org","iPad (A16) (Wi-Fi + Cellular 128 GB Silver)","26.5.0","357879850411634","AC:82:F0:A3:9D:AB","6/8/2026 2:30:12 PM","SC; All; สพม.นครราชสีมา; จักราชวิทยา; SC_จักราชวิทยา","รร.จักราชวิทยา"
"C6WX6MCWRN","SC932","จักราชวิทยา_SC932","จักราชวิทยา_SC932_C6WX6MCWRN","Student_187_1030201383","Student187","Admin","obec68zone1@obec.org","iPad (A16) (Wi-Fi + Cellular 128 GB Silver)","26.5.0","357879850240942","AC:82:F0:A4:3F:B1","6/8/2026 2:30:12 PM","SC; All; สพม.นครราชสีมา; จักราชวิทยา; SC_จักราชวิทยา","รร.จักราชวิทยา"
"K90971V2KM","SC777","จักราชวิทยา_SC777","จักราชวิทยา_SC777_K90971V2KM","Student_156_1030201383","Student156","Admin","obec68zone1@obec.org","iPad (A16) (Wi-Fi + Cellular 128 GB Silver)","26.5.0","357879850086089","AC:82:F0:9A:8E:F1","6/8/2026 2:28:57 PM","SC; All; สพม.นครราชสีมา; จักราชวิทยา; SC_จักราชวิทยา","รร.จักราชวิทยา"
"JXJWYG5V23","SC1079","จักราชวิทยา_SC1079","จักราชวิทยา_SC1079_JXJWYG5V23","Student_216_1030201383","Student216","Admin","obec68zone1@obec.org","iPad (A16) (Wi-Fi + Cellular 128 GB Silver)","26.5.0","357879850071156","AC:82:F0:9E:51:9D","6/8/2026 2:27:58 PM","SC; All; สพม.นครราชสีมา; จักราชวิทยา; SC_จักราชวิทยา","รร.จักราชวิทยา"
"J6R627KTFH","SC560","จักราชวิทยา_SC560","จักราชวิทยา_SC560_J6R627KTFH","Student_112_1030201383","Student112","Admin","obec68zone1@obec.org","iPad (A16) (Wi-Fi + Cellular 128 GB Silver)","26.5.0","357879850753050","AC:82:F0:AD:C7:C1","6/8/2026 2:27:55 PM","SC; All; สพม.นครราชสีมา; จักราชวิทยา; SC_จักราชวิทยา","รร.จักราชวิทยา"
"C590TLW7NY","SC269","จักราชวิทยา_SC269","จักราชวิทยา_SC269_C590TLW7NY","Student_54_1030201383","Student54","Admin","obec68zone1@obec.org","iPad (A16) (Wi-Fi + Cellular 128 GB Silver)","26.3.1 (a)","357879850875325","AC:82:F0:AC:0A:B8","6/8/2026 2:27:52 PM","SC; All; สพม.นครราชสีมา; จักราชวิทยา; SC_จักราชวิทยา","รร.จักราชวิทยา"
"MRP6NX63Q2","SC158","จักราชวิทยา_SC158","จักราชวิทยา_SC158_MRP6NX63Q2","Student_32_1030201383","Student32","Admin","obec68zone1@obec.org","iPad (A16) (Wi-Fi + Cellular 128 GB Silver)","26.5.0","357879850482247","AC:82:F0:A1:A1:C6","6/8/2026 2:27:46 PM","SC; All; สพม.นครราชสีมา; จักราชวิทยา; SC_จักราชวิทยา","รร.จักราชวิทยา"
"J0VJ4M2K6V","SC240","จักราชวิทยา_SC240","จักราชวิทยา_SC240_J0VJ4M2K6V","Student_48_1030201383","Student48","Admin","obec68zone1@obec.org","iPad (A16) (Wi-Fi + Cellular 128 GB Silver)","26.5.0","357879850934346","AC:82:F0:A9:85:10","6/8/2026 2:27:40 PM","SC; All; สพม.นครราชสีมา; จักราชวิทยา; SC_จักราชวิทยา","รร.จักราชวิทยา"
"DDXW77R37L","TC111","จักราชวิทยา_TC111","จักราชวิทยา_TC111_DDXW77R37L","Teacher_23_1030201383","Teacher23","Admin","obec68zone1@obec.org","iPad (A16) (Wi-Fi + Cellular 128 GB Silver)","26.5.0","357879850066727","AC:82:F0:A2:FD:24","6/8/2026 2:26:58 PM","TC; All; สพม.นครราชสีมา; TC_จักราชวิทยา; จักราชวิทยา","รร.จักราชวิทยา"
"HFQC6J62J3","SC972","จักราชวิทยา_SC972","จักราชวิทยา_SC972_HFQC6J62J3","Student_195_1030201383","Student195","Admin","obec68zone1@obec.org","iPad (A16) (Wi-Fi + Cellular 128 GB Silver)","26.5.0","357879850835105","AC:82:F0:A3:B8:7C","6/8/2026 2:26:32 PM","SC; All; สพม.นครราชสีมา; จักราชวิทยา; SC_จักราชวิทยา","รร.จักราชวิทยา"
"FYQJ45VYW7","SC452","จักราชวิทยา_SC452","จักราชวิทยา_SC452_FYQJ45VYW7","Student_91_1030201383","Student91","Admin","obec68zone1@obec.org","iPad (A16) (Wi-Fi + Cellular 128 GB Silver)","26.5.0","357879850912722","AC:82:F0:A9:2B:00","6/8/2026 2:26:31 PM","SC; All; สพม.นครราชสีมา; จักราชวิทยา; SC_จักราชวิทยา","รร.จักราชวิทยา"
"J3DT2W4LXH","SC883","จักราชวิทยา_SC883","จักราชวิทยา_SC883_J3DT2W4LXH","Student_177_1030201383","Student177","Admin","obec68zone1@obec.org","iPad (A16) (Wi-Fi + Cellular 128 GB Silver)","26.5.0","357879850229440","AC:82:F0:A5:D0:CE","6/8/2026 2:26:19 PM","SC; All; สพม.นครราชสีมา; จักราชวิทยา; SC_จักราชวิทยา","รร.จักราชวิทยา"
"JTH2R24M0M","SC955","จักราชวิทยา_SC955","จักราชวิทยา_SC955_JTH2R24M0M","Student_191_1030201383","Student191","Admin","obec68zone1@obec.org","iPad (A16) (Wi-Fi + Cellular 128 GB Silver)","26.5.0","357879850988722","AC:82:F0:AD:19:8C","6/8/2026 2:26:19 PM","SC; All; สพม.นครราชสีมา; จักราชวิทยา; SC_จักราชวิทยา","รร.จักราชวิทยา"
"H499XJ4PRG","SC775","จักราชวิทยา_SC775","จักราชวิทยา_SC775_H499XJ4PRG","Student_155_1030201383","Student155","Admin","obec68zone1@obec.org","iPad (A16) (Wi-Fi + Cellular 128 GB Silver)","26.5.0","357879850227154","AC:82:F0:AD:D1:FC","6/8/2026 2:26:19 PM","SC; All; สพม.นครราชสีมา; จักราชวิทยา; SC_จักราชวิทยา","รร.จักราชวิทยา"
"HQ679WQR96","SC903","จักราชวิทยา_SC903","จักราชวิทยา_SC903_HQ679WQR96","Student_181_1030201383","Student181","Admin","obec68zone1@obec.org","iPad (A16) (Wi-Fi + Cellular 128 GB Silver)","26.5.0","357879850653375","AC:82:F0:A3:3E:8B","6/8/2026 2:26:19 PM","SC; All; สพม.นครราชสีมา; จักราชวิทยา; SC_จักราชวิทยา","รร.จักราชวิทยา"
"GV7Y79G5Q7","SC1107","จักราชวิทยา_SC1107","จักราชวิทยา_SC1107_GV7Y79G5Q7","Student_222_1030201383","Student222","Admin","obec68zone1@obec.org","iPad (A16) (Wi-Fi + Cellular 128 GB Silver)","26.5.0","357879850740636","AC:82:F0:AE:67:02","6/8/2026 2:26:18 PM","SC; All; สพม.นครราชสีมา; จักราชวิทยา; SC_จักราชวิทยา","รร.จักราชวิทยา"
"FV7QVD4QP5","SC1058","จักราชวิทยา_SC1058","จักราชวิทยา_SC1058_FV7QVD4QP5","Student_212_1030201383","Student212","Admin","obec68zone1@obec.org","iPad (A16) (Wi-Fi + Cellular 128 GB Silver)","26.5.0","357879850312758","AC:82:F0:A4:00:EA","6/8/2026 2:26:18 PM","SC; All; สพม.นครราชสีมา; จักราชวิทยา; SC_จักราชวิทยา","รร.จักราชวิทยา"
"GC4T4L65JM","SC1105","จักราชวิทยา_SC1105","จักราชวิทยา_SC1105_GC4T4L65JM","Student_221_1030201383","Student221","Admin","obec68zone1@obec.org","iPad (A16) (Wi-Fi + Cellular 128 GB Silver)","26.5.0","357879850166501","AC:82:F0:9C:68:82","6/8/2026 2:26:18 PM","SC; All; สพม.นครราชสีมา; จักราชวิทยา; SC_จักราชวิทยา","รร.จักราชวิทยา"
"GHR2RFYXRW","SC579","จักราชวิทยา_SC579","จักราชวิทยา_SC579_GHR2RFYXRW","Student_116_1030201383","Student116","Admin","obec68zone1@obec.org","iPad (A16) (Wi-Fi + Cellular 128 GB Silver)","26.5.0","357879850813649","AC:82:F0:9E:74:29","6/8/2026 2:26:17 PM","SC; All; สพม.นครราชสีมา; จักราชวิทยา; SC_จักราชวิทยา","รร.จักราชวิทยา"
"LVXHX44RM2","SC640","จักราชวิทยา_SC640","จักราชวิทยา_SC640_LVXHX44RM2","Student_128_1030201383","Student128","Admin","obec68zone1@obec.org","iPad (A16) (Wi-Fi + Cellular 128 GB Silver)","26.5.0","357879850719580","AC:82:F0:A8:71:BD","6/8/2026 2:26:17 PM","SC; All; สพม.นครราชสีมา; จักราชวิทยา; SC_จักราชวิทยา","รร.จักราชวิทยา"
"H6902KR499","SC631","จักราชวิทยา_SC631","จักราชวิทยา_SC631_H6902KR499","Student_127_1030201383","Student127","Admin","obec68zone1@obec.org","iPad (A16) (Wi-Fi + Cellular 128 GB Silver)","26.4.2","357879850308350","AC:82:F0:AD:17:D6","6/8/2026 2:26:17 PM","SC; All; สพม.นครราชสีมา; จักราชวิทยา; SC_จักราชวิทยา","รร.จักราชวิทยา"
"FN2V493RGV","SC117","จักราชวิทยา_SC117","จักราชวิทยา_SC117_FN2V493RGV","Student_24_1030201383","Student24","Admin","obec68zone1@obec.org","iPad (A16) (Wi-Fi + Cellular 128 GB Silver)","26.5.0","357585650097990","AC:82:F0:99:0A:75","6/8/2026 2:26:16 PM","SC; All; สพม.นครราชสีมา; จักราชวิทยา; SC_จักราชวิทยา","รร.จักราชวิทยา"
"F3PXP4M4VR","SC78","จักราชวิทยา_SC78","จักราชวิทยา_SC78_F3PXP4M4VR","Student_16_1030201383","Student16","Admin","obec68zone1@obec.org","iPad (A16) (Wi-Fi + Cellular 128 GB Silver)","26.1.0","357585650977795","AC:82:F0:A6:8A:D6","6/8/2026 2:26:16 PM","SC; All; สพม.นครราชสีมา; จักราชวิทยา; SC_จักราชวิทยา","รร.จักราชวิทยา"
"G7X1C7VQWD","SC211","จักราชวิทยา_SC211","จักราชวิทยา_SC211_G7X1C7VQWD","Student_43_1030201383","Student43","Admin","obec68zone1@obec.org","iPad (A16) (Wi-Fi + Cellular 128 GB Silver)","26.5.0","357585650704199","AC:82:F0:A9:89:60","6/8/2026 2:26:15 PM","SC; All; สพม.นครราชสีมา; จักราชวิทยา; SC_จักราชวิทยา","รร.จักราชวิทยา"
"HQWRWMV2YK","SC125","จักราชวิทยา_SC125","จักราชวิทยา_SC125_HQWRWMV2YK","Student_25_1030201383","Student25","Admin","obec68zone1@obec.org","iPad (A16) (Wi-Fi + Cellular 128 GB Silver)","26.5.0","357585650619793","AC:82:F0:AC:C5:CD","6/8/2026 2:26:15 PM","SC; All; สพม.นครราชสีมา; จักราชวิทยา; SC_จักราชวิทยา","รร.จักราชวิทยา"
"C3QF4Q9R25","SC91","จักราชวิทยา_SC91","จักราชวิทยา_SC91_C3QF4Q9R25","Student_19_1030201383","Student19","Admin","obec68zone1@obec.org","iPad (A16) (Wi-Fi + Cellular 128 GB Silver)","26.5.0","357585650802985","AC:82:F0:A1:41:BB","6/8/2026 2:26:14 PM","SC; All; สพม.นครราชสีมา; จักราชวิทยา; SC_จักราชวิทยา","รร.จักราชวิทยา"
"C21G691P44","SC323","จักราชวิทยา_SC323","จักราชวิทยา_SC323_C21G691P44","Student_65_1030201383","Student65","Admin","obec68zone1@obec.org","iPad (A16) (Wi-Fi + Cellular 128 GB Silver)","26.5.0","357879850435682","AC:82:F0:99:CC:23","6/8/2026 2:26:14 PM","SC; All; สพม.นครราชสีมา; จักราชวิทยา; SC_จักราชวิทยา","รร.จักราชวิทยา"
"M4GQ4J2PJG","SC902","จักราชวิทยา_SC902","จักราชวิทยา_SC902_M4GQ4J2PJG","Student_181_1030201383","Student181","Admin","obec68zone1@obec.org","iPad (A16) (Wi-Fi + Cellular 128 GB Silver)","26.5.0","357879850138674","AC:82:F0:AD:D3:9E","6/8/2026 2:26:14 PM","SC; All; สพม.นครราชสีมา; จักราชวิทยา; SC_จักราชวิทยา","รร.จักราชวิทยา"
"J1QGYL6LQR","SC996","จักราชวิทยา_SC996","จักราชวิทยา_SC996_J1QGYL6LQR","Student_200_1030201383","Student200","Admin","obec68zone1@obec.org","iPad (A16) (Wi-Fi + Cellular 128 GB Silver)","26.5.0","357879850389699","AC:82:F0:9C:22:A0","6/8/2026 2:26:08 PM","SC; All; สพม.นครราชสีมา; จักราชวิทยา; SC_จักราชวิทยา","รร.จักราชวิทยา"
"K0DKL4GFQR","TC118","จักราชวิทยา_TC118","จักราชวิทยา_TC118_K0DKL4GFQR","Teacher_24_1030201383","Teacher24","Admin","obec68zone1@obec.org","iPad (A16) (Wi-Fi + Cellular 128 GB Silver)","26.4.2","357879850578481","AC:82:F0:AB:ED:57","6/8/2026 2:26:08 PM","TC; All; สพม.นครราชสีมา; TC_จักราชวิทยา; จักราชวิทยา","รร.จักราชวิทยา"
"M2J3GC44C3","TC92","จักราชวิทยา_TC92","จักราชวิทยา_TC92_M2J3GC44C3","Teacher_19_1030201383","Teacher19","Admin","obec68zone1@obec.org","iPad (A16) (Wi-Fi + Cellular 128 GB Silver)","26.3.0","357879850264223","AC:82:F0:9A:50:29","6/8/2026 2:26:06 PM","TC; All; สพม.นครราชสีมา; TC_จักราชวิทยา; จักราชวิทยา","รร.จักราชวิทยา"
"CL7VL4R6HV","SC928","จักราชวิทยา_SC928","จักราชวิทยา_SC928_CL7VL4R6HV","Student_186_1030201383","Student186","Admin","obec68zone1@obec.org","iPad (A16) (Wi-Fi + Cellular 128 GB Silver)","26.5.0","357879850932431","AC:82:F0:9F:1F:E1","6/8/2026 2:26:03 PM","SC; All; สพม.นครราชสีมา; จักราชวิทยา; SC_จักราชวิทยา","รร.จักราชวิทยา"
"J64YCF02D6","SC1102","จักราชวิทยา_SC1102","จักราชวิทยา_SC1102_J64YCF02D6","Student_221_1030201383","Student221","Admin","obec68zone1@obec.org","iPad (A16) (Wi-Fi + Cellular 128 GB Silver)","26.5.0","357879850332376","AC:82:F0:9D:23:C5","6/8/2026 2:25:48 PM","SC; All; สพม.นครราชสีมา; จักราชวิทยา; SC_จักราชวิทยา","รร.จักราชวิทยา"
"DQ167P7VDL","SC287","จักราชวิทยา_SC287","จักราชวิทยา_SC287_DQ167P7VDL","Student_58_1030201383","Student58","Admin","obec68zone1@obec.org","iPad (A16) (Wi-Fi + Cellular 128 GB Silver)","26.3.1","357879850936440","AC:82:F0:AC:C4:76","6/8/2026 2:25:40 PM","SC; All; สพม.นครราชสีมา; จักราชวิทยา; SC_จักราชวิทยา","รร.จักราชวิทยา"
"GVYGRXD9W4","SC1062","จักราชวิทยา_SC1062","จักราชวิทยา_SC1062_GVYGRXD9W4","Student_213_1030201383","Student213","Admin","obec68zone1@obec.org","iPad (A16) (Wi-Fi + Cellular 128 GB Silver)","26.5.0","357879850877131","AC:82:F0:A2:7C:5B","6/8/2026 2:25:30 PM","SC; All; สพม.นครราชสีมา; จักราชวิทยา; SC_จักราชวิทยา","รร.จักราชวิทยา"
"H2FLW2V6WH","SC124","จักราชวิทยา_SC124","จักราชวิทยา_SC124_H2FLW2V6WH","Student_25_1030201383","Student25","Admin","obec68zone1@obec.org","iPad (A16) (Wi-Fi + Cellular 128 GB Silver)","26.5.0","357585650486821","AC:82:F0:AD:0E:50","6/8/2026 2:25:10 PM","SC; All; สพม.นครราชสีมา; จักราชวิทยา; SC_จักราชวิทยา","รร.จักราชวิทยา"
"HH4GH90QJ4","SC567","จักราชวิทยา_SC567","จักราชวิทยา_SC567_HH4GH90QJ4","Student_114_1030201383","Student114","Admin","obec68zone1@obec.org","iPad (A16) (Wi-Fi + Cellular 128 GB Silver)","26.5.0","357879850028230","AC:82:F0:A7:82:01","6/8/2026 2:24:40 PM","SC; All; สพม.นครราชสีมา; จักราชวิทยา; SC_จักราชวิทยา","รร.จักราชวิทยา"
"M2C217TNQ7","SC832","จักราชวิทยา_SC832","จักราชวิทยา_SC832_M2C217TNQ7","Student_167_1030201383","Student167","Admin","obec68zone1@obec.org","iPad (A16) (Wi-Fi + Cellular 128 GB Silver)","26.5.0","357879850667482","AC:82:F0:9B:84:8C","6/8/2026 2:24:30 PM","SC; All; สพม.นครราชสีมา; จักราชวิทยา; SC_จักราชวิทยา","รร.จักราชวิทยา"
"LF4GJ33KF4","SC103","จักราชวิทยา_SC103","จักราชวิทยา_SC103_LF4GJ33KF4","Student_21_1030201383","Student21","Admin","obec68zone1@obec.org","iPad (A16) (Wi-Fi + Cellular 128 GB Silver)","26.5.0","357585650507121","AC:82:F0:A5:4B:A0","6/8/2026 2:24:21 PM","SC; All; สพม.นครราชสีมา; จักราชวิทยา; SC_จักราชวิทยา","รร.จักราชวิทยา"
"H7V7HGHX20","SC895","จักราชวิทยา_SC895","จักราชวิทยา_SC895_H7V7HGHX20","Student_179_1030201383","Student179","Admin","obec68zone1@obec.org","iPad (A16) (Wi-Fi + Cellular 128 GB Silver)","26.5.0","357879850049665","AC:82:F0:A8:3D:8B","6/8/2026 2:24:15 PM","SC; All; สพม.นครราชสีมา; จักราชวิทยา; SC_จักราชวิทยา","รร.จักราชวิทยา"
"KD72K50QT2","TC51","จักราชวิทยา_TC51","จักราชวิทยา_TC51_KD72K50QT2","Teacher_11_1030201383","Teacher11","Admin","obec68zone1@obec.org","iPad (A16) (Wi-Fi + Cellular 128 GB Silver)","26.5.0","357879850268158","AC:82:F0:AB:51:F2","6/8/2026 2:23:47 PM","TC; All; สพม.นครราชสีมา; TC_จักราชวิทยา; จักราชวิทยา","รร.จักราชวิทยา"
"L3R93XY6QW","SC817","จักราชวิทยา_SC817","จักราชวิทยา_SC817_L3R93XY6QW","Student_164_1030201383","Student164","Admin","obec68zone1@obec.org","iPad (A16) (Wi-Fi + Cellular 128 GB Silver)","26.5.0","357879850498284","AC:82:F0:9A:B7:5D","6/8/2026 2:23:38 PM","SC; All; สพม.นครราชสีมา; จักราชวิทยา; SC_จักราชวิทยา","รร.จักราชวิทยา"
"MHK34H2KWH","SC655","จักราชวิทยา_SC655","จักราชวิทยา_SC655_MHK34H2KWH","Student_131_1030201383","Student131","Admin","obec68zone1@obec.org","iPad (A16) (Wi-Fi + Cellular 128 GB Silver)","26.4.2","357879850057593","AC:82:F0:99:A2:1B","6/8/2026 2:23:34 PM","SC; All; สพม.นครราชสีมา; จักราชวิทยา; SC_จักราชวิทยา","รร.จักราชวิทยา"
"FL64Y2J71H","SC171","จักราชวิทยา_SC171","จักราชวิทยา_SC171_FL64Y2J71H","Student_35_1030201383","Student35","Admin","obec68zone1@obec.org","iPad (A16) (Wi-Fi + Cellular 128 GB Silver)","26.5.0","357585650372229","AC:82:F0:A7:44:36","6/8/2026 2:23:23 PM","SC; All; สพม.นครราชสีมา; จักราชวิทยา; SC_จักราชวิทยา","รร.จักราชวิทยา"
"CH4HGGWQ9J","SC619","จักราชวิทยา_SC619","จักราชวิทยา_SC619_CH4HGGWQ9J","Student_124_1030201383","Student124","Admin","obec68zone1@obec.org","iPad (A16) (Wi-Fi + Cellular 128 GB Silver)","26.4.2","357879850921871","AC:82:F0:AA:C7:07","6/8/2026 2:22:59 PM","SC; All; สพม.นครราชสีมา; จักราชวิทยา; SC_จักราชวิทยา","รร.จักราชวิทยา"
"C4T9QTJFC3","SC827","จักราชวิทยา_SC827","จักราชวิทยา_SC827_C4T9QTJFC3","Student_166_1030201383","Student166","Admin","obec68zone1@obec.org","iPad (A16) (Wi-Fi + Cellular 128 GB Silver)","26.5.0","357879850796711","AC:82:F0:9F:43:A8","6/8/2026 2:22:45 PM","SC; All; สพม.นครราชสีมา; จักราชวิทยา; SC_จักราชวิทยา","รร.จักราชวิทยา"
"H6V03C211Q","SC219","จักราชวิทยา_SC219","จักราชวิทยา_SC219_H6V03C211Q","Student_44_1030201383","Student44","Admin","obec68zone1@obec.org","iPad (A16) (Wi-Fi + Cellular 128 GB Silver)","26.3.1 (a)","357879850026747","AC:82:F0:A5:BB:59","6/8/2026 2:22:40 PM","SC; All; สพม.นครราชสีมา; จักราชวิทยา; SC_จักราชวิทยา","รร.จักราชวิทยา"
"F6HF0WPW9X","SC838","จักราชวิทยา_SC838","จักราชวิทยา_SC838_F6HF0WPW9X","Student_168_1030201383","Student168","Admin","obec68zone1@obec.org","iPad (A16) (Wi-Fi + Cellular 128 GB Silver)","26.5.0","357879850041746","AC:82:F0:9D:68:3F","6/8/2026 2:22:35 PM","SC; All; สพม.นครราชสีมา; จักราชวิทยา; SC_จักราชวิทยา","รร.จักราชวิทยา"
"H0XQW64FYF","SC1015","จักราชวิทยา_SC1015","จักราชวิทยา_SC1015_H0XQW64FYF","Student_203_1030201383","Student203","Admin","obec68zone1@obec.org","iPad (A16) (Wi-Fi + Cellular 128 GB Silver)","26.5.0","357879850057700","AC:82:F0:A1:86:63","6/8/2026 2:21:46 PM","SC; All; สพม.นครราชสีมา; จักราชวิทยา; SC_จักราชวิทยา","รร.จักราชวิทยา"
"F52670NP9R","SC982","จักราชวิทยา_SC982","จักราชวิทยา_SC982_F52670NP9R","Student_197_1030201383","Student197","Admin","obec68zone1@obec.org","iPad (A16) (Wi-Fi + Cellular 128 GB Silver)","26.5.0","357879850929379","AC:82:F0:9E:0C:7E","6/8/2026 2:21:34 PM","SC; All; สพม.นครราชสีมา; จักราชวิทยา; SC_จักราชวิทยา","รร.จักราชวิทยา"
"FMYHL0JDQV","SC1070","จักราชวิทยา_SC1070","จักราชวิทยา_SC1070_FMYHL0JDQV","Student_214_1030201383","Student214","Admin","obec68zone1@obec.org","iPad (A16) (Wi-Fi + Cellular 128 GB Silver)","26.5.0","357879850070711","AC:82:F0:A3:8E:9F","6/8/2026 2:21:30 PM","SC; All; สพม.นครราชสีมา; จักราชวิทยา; SC_จักราชวิทยา","รร.จักราชวิทยา"
"JQXN7FD761","SC431","จักราชวิทยา_SC431","จักราชวิทยา_SC431_JQXN7FD761","Student_87_1030201383","Student87","Admin","obec68zone1@obec.org","iPad (A16) (Wi-Fi + Cellular 128 GB Silver)","26.1.0","357879850130424","AC:82:F0:9A:0C:62","6/8/2026 2:21:27 PM","SC; All; สพม.นครราชสีมา; จักราชวิทยา; SC_จักราชวิทยา","รร.จักราชวิทยา"
"DJ6LPWJQ64","SC834","จักราชวิทยา_SC834","จักราชวิทยา_SC834_DJ6LPWJQ64","Student_167_1030201383","Student167","Admin","obec68zone1@obec.org","iPad (A16) (Wi-Fi + Cellular 128 GB Silver)","26.5.0","357879850366465","AC:82:F0:A9:11:CE","6/8/2026 2:21:17 PM","SC; All; สพม.นครราชสีมา; จักราชวิทยา; SC_จักราชวิทยา","รร.จักราชวิทยา"
"C6XCHXL2KR","SC920","จักราชวิทยา_SC920","จักราชวิทยา_SC920_C6XCHXL2KR","Student_184_1030201383","Student184","Admin","obec68zone1@obec.org","iPad (A16) (Wi-Fi + Cellular 128 GB Silver)","26.5.0","357879850875952","AC:82:F0:A2:A2:27","6/8/2026 2:21:17 PM","SC; All; สพม.นครราชสีมา; จักราชวิทยา; SC_จักราชวิทยา","รร.จักราชวิทยา"
"MJWPH0X274","SC886","จักราชวิทยา_SC886","จักราชวิทยา_SC886_MJWPH0X274","Student_178_1030201383","Student178","Admin","obec68zone1@obec.org","iPad (A16) (Wi-Fi + Cellular 128 GB Silver)","26.5.0","357879850767332","AC:82:F0:A6:1C:82","6/8/2026 2:21:17 PM","SC; All; สพม.นครราชสีมา; จักราชวิทยา; SC_จักราชวิทยา","รร.จักราชวิทยา"
"FQJ4Q0F462","SC751","จักราชวิทยา_SC751","จักราชวิทยา_SC751_FQJ4Q0F462","Student_151_1030201383","Student151","Admin","obec68zone1@obec.org","iPad (A16) (Wi-Fi + Cellular 128 GB Silver)","26.5.0","357879850403201","AC:82:F0:9E:35:C0","6/8/2026 2:21:16 PM","SC; All; สพม.นครราชสีมา; จักราชวิทยา; SC_จักราชวิทยา","รร.จักราชวิทยา"
"L92PYHMQTK","SC762","จักราชวิทยา_SC762","จักราชวิทยา_SC762_L92PYHMQTK","Student_153_1030201383","Student153","Admin","obec68zone1@obec.org","iPad (A16) (Wi-Fi + Cellular 128 GB Silver)","26.5.0","357879850906930","AC:82:F0:9F:45:A8","6/8/2026 2:21:16 PM","SC; All; สพม.นครราชสีมา; จักราชวิทยา; SC_จักราชวิทยา","รร.จักราชวิทยา"
"F735H79MTC","SC891","จักราชวิทยา_SC891","จักราชวิทยา_SC891_F735H79MTC","Student_179_1030201383","Student179","Admin","obec68zone1@obec.org","iPad (A16) (Wi-Fi + Cellular 128 GB Silver)","26.5.0","357879850455920","AC:82:F0:AC:9B:B3","6/8/2026 2:21:16 PM","SC; All; สพม.นครราชสีมา; จักราชวิทยา; SC_จักราชวิทยา","รร.จักราชวิทยา"
"D22G3FHX4L","SC637","จักราชวิทยา_SC637","จักราชวิทยา_SC637_D22G3FHX4L","Student_128_1030201383","Student128","Admin","obec68zone1@obec.org","iPad (A16) (Wi-Fi + Cellular 128 GB Silver)","26.5.0","357879850363488","AC:82:F0:AA:76:CF","6/8/2026 2:21:15 PM","SC; All; สพม.นครราชสีมา; จักราชวิทยา; SC_จักราชวิทยา","รร.จักราชวิทยา"
"LGV74K7T6P","SC192","จักราชวิทยา_SC192","จักราชวิทยา_SC192_LGV74K7T6P","Student_39_1030201383","Student39","Admin","obec68zone1@obec.org","iPad (A16) (Wi-Fi + Cellular 128 GB Silver)","26.5.0","357585650632382","AC:82:F0:AA:33:82","6/8/2026 2:21:15 PM","SC; All; สพม.นครราชสีมา; จักราชวิทยา; SC_จักราชวิทยา","รร.จักราชวิทยา"
"D09JYJ71C7","SC652","จักราชวิทยา_SC652","จักราชวิทยา_SC652_D09JYJ71C7","Student_131_1030201383","Student131","Admin","obec68zone1@obec.org","iPad (A16) (Wi-Fi + Cellular 128 GB Silver)","26.5.0","357879850212263","AC:82:F0:A1:D5:51","6/8/2026 2:21:14 PM","SC; All; สพม.นครราชสีมา; จักราชวิทยา; SC_จักราชวิทยา","รร.จักราชวิทยา"
"MJ4CQMX6M2","SC712","จักราชวิทยา_SC712","จักราชวิทยา_SC712_MJ4CQMX6M2","Student_143_1030201383","Student143","Admin","obec68zone1@obec.org","iPad (A16) (Wi-Fi + Cellular 128 GB Silver)","26.3.0","357879850631751","AC:82:F0:A9:CB:80","6/8/2026 2:21:14 PM","SC; All; สพม.นครราชสีมา; จักราชวิทยา; SC_จักราชวิทยา","รร.จักราชวิทยา"
"G99377NQH4","SC112","จักราชวิทยา_SC112","จักราชวิทยา_SC112_G99377NQH4","Student_23_1030201383","Student23","Admin","obec68zone1@obec.org","iPad (A16) (Wi-Fi + Cellular 128 GB Silver)","26.1.0","357585650563132","AC:82:F0:A9:39:E7","6/8/2026 2:21:13 PM","SC; All; สพม.นครราชสีมา; จักราชวิทยา; SC_จักราชวิทยา","รร.จักราชวิทยา"
"F07Y26VGKX","TC34","จักราชวิทยา_TC34","จักราชวิทยา_TC34_F07Y26VGKX","Teacher_07_1030201383","Teacher07","Admin","obec68zone1@obec.org","iPad (A16) (Wi-Fi + Cellular 128 GB Silver)","26.5.0","357879850815198","AC:82:F0:A1:95:F5","6/8/2026 2:21:06 PM","TC; All; สพม.นครราชสีมา; TC_จักราชวิทยา; จักราชวิทยา","รร.จักราชวิทยา"
"KQGQTC93FJ","TC97","จักราชวิทยา_TC97","จักราชวิทยา_TC97_KQGQTC93FJ","Teacher_20_1030201383","Teacher20","Admin","obec68zone1@obec.org","iPad (A16) (Wi-Fi + Cellular 128 GB Silver)","26.1.0","357879850443611","AC:82:F0:AC:DC:FE","6/8/2026 2:21:05 PM","TC; All; สพม.นครราชสีมา; TC_จักราชวิทยา; จักราชวิทยา","รร.จักราชวิทยา"
"D9FR26K75N","SC574","จักราชวิทยา_SC574","จักราชวิทยา_SC574_D9FR26K75N","Student_115_1030201383","Student115","Admin","obec68zone1@obec.org","iPad (A16) (Wi-Fi + Cellular 128 GB Silver)","26.5.0","357879850208790","AC:82:F0:A6:AC:17","6/8/2026 2:20:46 PM","SC; All; สพม.นครราชสีมา; จักราชวิทยา; SC_จักราชวิทยา","รร.จักราชวิทยา"
"LRHQY7XJW4","SC28","จักราชวิทยา_SC28","จักราชวิทยา_SC28_LRHQY7XJW4","Student_06_1030201383","Student06","Admin","obec68zone1@obec.org","iPad (A16) (Wi-Fi + Cellular 128 GB Silver)","26.5.0","357879850797370","AC:82:F0:A8:38:5A","6/8/2026 2:20:30 PM","SC; All; สพม.นครราชสีมา; จักราชวิทยา; SC_จักราชวิทยา","รร.จักราชวิทยา"
"FVQ03W79F5","TC120","จักราชวิทยา_TC120","จักราชวิทยา_TC120_FVQ03W79F5","Teacher_24_1030201383","Teacher24","Admin","obec68zone1@obec.org","iPad (A16) (Wi-Fi + Cellular 128 GB Silver)","26.1.0","357879850523487","AC:82:F0:A2:A8:23","6/8/2026 2:20:06 PM","TC; All; สพม.นครราชสีมา; TC_จักราชวิทยา; จักราชวิทยา","รร.จักราชวิทยา"
"G7R9GWQQ0L","SC900","จักราชวิทยา_SC900","จักราชวิทยา_SC900_G7R9GWQQ0L","Student_180_1030201383","Student180","Admin","obec68zone1@obec.org","iPad (A16) (Wi-Fi + Cellular 128 GB Silver)","26.5.0","357879850779378","AC:82:F0:A4:5F:EF","6/8/2026 2:20:01 PM","SC; All; สพม.นครราชสีมา; จักราชวิทยา; SC_จักราชวิทยา","รร.จักราชวิทยา"
"GFVKGJWQM0","SC841","จักราชวิทยา_SC841","จักราชวิทยา_SC841_GFVKGJWQM0","Student_169_1030201383","Student169","Admin","obec68zone1@obec.org","iPad (A16) (Wi-Fi + Cellular 128 GB Silver)","26.5.0","357879850183936","AC:82:F0:9B:43:02","6/8/2026 2:19:59 PM","SC; All; สพม.นครราชสีมา; จักราชวิทยา; SC_จักราชวิทยา","รร.จักราชวิทยา"
"GQNKCRXTX6","SC566","จักราชวิทยา_SC566","จักราชวิทยา_SC566_GQNKCRXTX6","Student_114_1030201383","Student114","Admin","obec68zone1@obec.org","iPad (A16) (Wi-Fi + Cellular 128 GB Silver)","26.4.2","357879850344553","AC:82:F0:9E:A7:71","6/8/2026 2:19:53 PM","SC; All; สพม.นครราชสีมา; จักราชวิทยา; SC_จักราชวิทยา","รร.จักราชวิทยา"
"FG40N79WPQ","SC107","จักราชวิทยา_SC107","จักราชวิทยา_SC107_FG40N79WPQ","Student_22_1030201383","Student22","Admin","obec68zone1@obec.org","iPad (A16) (Wi-Fi + Cellular 128 GB Silver)","26.5.0","357879850979671","AC:82:F0:9B:CE:DE","6/8/2026 2:19:36 PM","SC; All; สพม.นครราชสีมา; จักราชวิทยา; SC_จักราชวิทยา","รร.จักราชวิทยา"
"J31RQWLQGH","SC230","จักราชวิทยา_SC230","จักราชวิทยา_SC230_J31RQWLQGH","Student_46_1030201383","Student46","Admin","obec68zone1@obec.org","iPad (A16) (Wi-Fi + Cellular 128 GB Silver)","26.5.0","357879850896719","AC:82:F0:9A:C1:D6","6/8/2026 2:19:32 PM","SC; All; สพม.นครราชสีมา; จักราชวิทยา; SC_จักราชวิทยา","รร.จักราชวิทยา"
"M96XQX3RTJ","SC647","จักราชวิทยา_SC647","จักราชวิทยา_SC647_M96XQX3RTJ","Student_130_1030201383","Student130","Admin","obec68zone1@obec.org","iPad (A16) (Wi-Fi + Cellular 128 GB Silver)","26.3.1 (a)","357879850777570","AC:82:F0:AB:0A:4E","6/8/2026 2:19:29 PM","SC; All; สพม.นครราชสีมา; จักราชวิทยา; SC_จักราชวิทยา","รร.จักราชวิทยา"
"K6122XP3KW","SC846","จักราชวิทยา_SC846","จักราชวิทยา_SC846_K6122XP3KW","Student_170_1030201383","Student170","Admin","obec68zone1@obec.org","iPad (A16) (Wi-Fi + Cellular 128 GB Silver)","26.5.0","357879850839206","AC:82:F0:A9:99:56","6/8/2026 2:19:26 PM","SC; All; สพม.นครราชสีมา; จักราชวิทยา; SC_จักราชวิทยา","รร.จักราชวิทยา"
"FVLK2R7JYF","SC872","จักราชวิทยา_SC872","จักราชวิทยา_SC872_FVLK2R7JYF","Student_175_1030201383","Student175","Admin","obec68zone1@obec.org","iPad (A16) (Wi-Fi + Cellular 128 GB Silver)","26.5.0","357879850285970","AC:82:F0:AD:8D:53","6/8/2026 2:19:07 PM","SC; All; สพม.นครราชสีมา; จักราชวิทยา; SC_จักราชวิทยา","รร.จักราชวิทยา"
"GY4Y7MVNCN","SC164","จักราชวิทยา_SC164","จักราชวิทยา_SC164_GY4Y7MVNCN","Student_33_1030201383","Student33","Admin","obec68zone1@obec.org","iPad (A16) (Wi-Fi + Cellular 128 GB Silver)","26.5.0","357585650470247","AC:82:F0:9F:D4:A4","6/8/2026 2:18:51 PM","SC; All; สพม.นครราชสีมา; จักราชวิทยา; SC_จักราชวิทยา","รร.จักราชวิทยา"
"FV90GHDJT4","SC413","จักราชวิทยา_SC413","จักราชวิทยา_SC413_FV90GHDJT4","Student_83_1030201383","Student83","Admin","obec68zone1@obec.org","iPad (A16) (Wi-Fi + Cellular 128 GB Silver)","26.5.0","357879850209509","AC:82:F0:A0:0E:B6","6/8/2026 2:18:50 PM","SC; All; สพม.นครราชสีมา; จักราชวิทยา; SC_จักราชวิทยา","รร.จักราชวิทยา"
"L37L7WJ233","SC1025","จักราชวิทยา_SC1025","จักราชวิทยา_SC1025_L37L7WJ233","Student_205_1030201383","Student205","Admin","obec68zone1@obec.org","iPad (A16) (Wi-Fi + Cellular 128 GB Silver)","26.5.0","357879850710324","AC:82:F0:AD:2C:5E","6/8/2026 2:18:42 PM","SC; All; สพม.นครราชสีมา; จักราชวิทยา; SC_จักราชวิทยา","รร.จักราชวิทยา"
"M2RKJH1WM6","SC942","จักราชวิทยา_SC942","จักราชวิทยา_SC942_M2RKJH1WM6","Student_189_1030201383","Student189","Admin","obec68zone1@obec.org","iPad (A16) (Wi-Fi + Cellular 128 GB Silver)","26.5.0","357879850609526","AC:82:F0:AD:4F:E3","6/8/2026 2:18:40 PM","SC; All; สพม.นครราชสีมา; จักราชวิทยา; SC_จักราชวิทยา","รร.จักราชวิทยา"
"C0M0HJ9JLY","SC983","จักราชวิทยา_SC983","จักราชวิทยา_SC983_C0M0HJ9JLY","Student_197_1030201383","Student197","Admin","obec68zone1@obec.org","iPad (A16) (Wi-Fi + Cellular 128 GB Silver)","26.5.0","357879850535283","AC:82:F0:A5:F6:A3","6/8/2026 2:18:29 PM","SC; All; สพม.นครราชสีมา; จักราชวิทยา; SC_จักราชวิทยา","รร.จักราชวิทยา"
"CQKJRYP09R","SC225","จักราชวิทยา_SC225","จักราชวิทยา_SC225_CQKJRYP09R","Student_45_1030201383","Student45","Admin","obec68zone1@obec.org","iPad (A16) (Wi-Fi + Cellular 128 GB Silver)","26.5.0","357879850646395","AC:82:F0:A8:FF:6E","6/8/2026 2:18:23 PM","SC; All; สพม.นครราชสีมา; จักราชวิทยา; SC_จักราชวิทยา","รร.จักราชวิทยา"
"KT9DQ622T2","SC563","จักราชวิทยา_SC563","จักราชวิทยา_SC563_KT9DQ622T2","Student_113_1030201383","Student113","Admin","obec68zone1@obec.org","iPad (A16) (Wi-Fi + Cellular 128 GB Silver)","26.5.0","357879850744950","AC:82:F0:A5:F2:7C","6/8/2026 2:18:07 PM","SC; All; สพม.นครราชสีมา; จักราชวิทยา; SC_จักราชวิทยา","รร.จักราชวิทยา"
"KHCFWLK2DC","SC44","จักราชวิทยา_SC44","จักราชวิทยา_SC44_KHCFWLK2DC","Student_09_1030201383","Student09","Admin","obec68zone1@obec.org","iPad (A16) (Wi-Fi + Cellular 128 GB Silver)","26.5.0","357585650646952","AC:82:F0:A2:F4:3B","6/8/2026 2:18:00 PM","SC; All; สพม.นครราชสีมา; จักราชวิทยา; SC_จักราชวิทยา","รร.จักราชวิทยา"
"HQYQCHYXX3","SC321","จักราชวิทยา_SC321","จักราชวิทยา_SC321_HQYQCHYXX3","Student_65_1030201383","Student65","Admin","obec68zone1@obec.org","iPad (A16) (Wi-Fi + Cellular 128 GB Silver)","26.5.0","357879850565413","AC:82:F0:9C:ED:A7","6/8/2026 2:17:15 PM","SC; All; สพม.นครราชสีมา; จักราชวิทยา; SC_จักราชวิทยา","รร.จักราชวิทยา"
"FLYKHRW0X2","SC761","จักราชวิทยา_SC761","จักราชวิทยา_SC761_FLYKHRW0X2","Student_153_1030201383","Student153","Admin","obec68zone1@obec.org","iPad (A16) (Wi-Fi + Cellular 128 GB Silver)","26.5.0","357879850666583","AC:82:F0:A5:66:05","6/8/2026 2:17:07 PM","SC; All; สพม.นครราชสีมา; จักราชวิทยา; SC_จักราชวิทยา","รร.จักราชวิทยา"
"GKM0P7D0H9","SC1086","จักราชวิทยา_SC1086","จักราชวิทยา_SC1086_GKM0P7D0H9","Student_218_1030201383","Student218","Admin","obec68zone1@obec.org","iPad (A16) (Wi-Fi + Cellular 128 GB Silver)","26.5.0","357879850468741","AC:82:F0:9A:D9:9E","6/8/2026 2:16:19 PM","SC; All; สพม.นครราชสีมา; จักราชวิทยา; SC_จักราชวิทยา","รร.จักราชวิทยา"
"DC2QPLWRDC","SC854","จักราชวิทยา_SC854","จักราชวิทยา_SC854_DC2QPLWRDC","Student_171_1030201383","Student171","Admin","obec68zone1@obec.org","iPad (A16) (Wi-Fi + Cellular 128 GB Silver)","26.5.0","357879850717196","AC:82:F0:A2:35:19","6/8/2026 2:16:18 PM","SC; All; สพม.นครราชสีมา; จักราชวิทยา; SC_จักราชวิทยา","รร.จักราชวิทยา"
"MHWVQD796R","SC807","จักราชวิทยา_SC807","จักราชวิทยา_SC807_MHWVQD796R","Student_162_1030201383","Student162","Admin","obec68zone1@obec.org","iPad (A16) (Wi-Fi + Cellular 128 GB Silver)","26.5.0","357879850113073","AC:82:F0:A9:16:77","6/8/2026 2:16:18 PM","SC; All; สพม.นครราชสีมา; จักราชวิทยา; SC_จักราชวิทยา","รร.จักราชวิทยา"
"KTF7Y099PV","SC467","จักราชวิทยา_SC467","จักราชวิทยา_SC467_KTF7Y099PV","Student_94_1030201383","Student94","Admin","obec68zone1@obec.org","iPad (A16) (Wi-Fi + Cellular 128 GB Silver)","26.5.0","357879850109196","AC:82:F0:9C:16:4A","6/8/2026 2:16:18 PM","SC; All; สพม.นครราชสีมา; จักราชวิทยา; SC_จักราชวิทยา","รร.จักราชวิทยา"
"GD4XRV6HWX","SC794","จักราชวิทยา_SC794","จักราชวิทยา_SC794_GD4XRV6HWX","Student_159_1030201383","Student159","Admin","obec68zone1@obec.org","iPad (A16) (Wi-Fi + Cellular 128 GB Silver)","26.5.0","357879850956836","AC:82:F0:9A:AA:A7","6/8/2026 2:16:17 PM","SC; All; สพม.นครราชสีมา; จักราชวิทยา; SC_จักราชวิทยา","รร.จักราชวิทยา"
"HYF27NXN6Q","SC1065","จักราชวิทยา_SC1065","จักราชวิทยา_SC1065_HYF27NXN6Q","Student_213_1030201383","Student213","Admin","obec68zone1@obec.org","iPad (A16) (Wi-Fi + Cellular 128 GB Silver)","26.5.0","357879850848090","AC:82:F0:A3:28:B7","6/8/2026 2:16:17 PM","SC; All; สพม.นครราชสีมา; จักราชวิทยา; SC_จักราชวิทยา","รร.จักราชวิทยา"
"MWTL6KNXVH","SC654","จักราชวิทยา_SC654","จักราชวิทยา_SC654_MWTL6KNXVH","Student_131_1030201383","Student131","Admin","obec68zone1@obec.org","iPad (A16) (Wi-Fi + Cellular 128 GB Silver)","26.5.0","357879850992054","AC:82:F0:A2:B2:30","6/8/2026 2:16:16 PM","SC; All; สพม.นครราชสีมา; จักราชวิทยา; SC_จักราชวิทยา","รร.จักราชวิทยา"
"GY44P4F9G0","SC412","จักราชวิทยา_SC412","จักราชวิทยา_SC412_GY44P4F9G0","Student_83_1030201383","Student83","Admin","obec68zone1@obec.org","iPad (A16) (Wi-Fi + Cellular 128 GB Silver)","26.5.0","357879850439254","AC:82:F0:9A:E3:E8","6/8/2026 2:16:14 PM","SC; All; สพม.นครราชสีมา; จักราชวิทยา; SC_จักราชวิทยา","รร.จักราชวิทยา"
"CFYPXQF403","SC545","จักราชวิทยา_SC545","จักราชวิทยา_SC545_CFYPXQF403","Student_109_1030201383","Student109","Admin","obec68zone1@obec.org","iPad (A16) (Wi-Fi + Cellular 128 GB Silver)","26.5.0","357879850599966","AC:82:F0:A7:03:7A","6/8/2026 2:16:13 PM","SC; All; สพม.นครราชสีมา; จักราชวิทยา; SC_จักราชวิทยา","รร.จักราชวิทยา"
"F2LXJFY93J","SC715","จักราชวิทยา_SC715","จักราชวิทยา_SC715_F2LXJFY93J","Student_143_1030201383","Student143","Admin","obec68zone1@obec.org","iPad (A16) (Wi-Fi + Cellular 128 GB Silver)","26.5.0","357879850959194","AC:82:F0:A9:26:BD","6/8/2026 2:16:13 PM","SC; All; สพม.นครราชสีมา; จักราชวิทยา; SC_จักราชวิทยา","รร.จักราชวิทยา"
"MHJ633XJ4N","SC156","จักราชวิทยา_SC156","จักราชวิทยา_SC156_MHJ633XJ4N","Student_32_1030201383","Student32","Admin","obec68zone1@obec.org","iPad (A16) (Wi-Fi + Cellular 128 GB Silver)","26.5.0","357879850914579","AC:82:F0:9C:37:21","6/8/2026 2:16:13 PM","SC; All; สพม.นครราชสีมา; จักราชวิทยา; SC_จักราชวิทยา","รร.จักราชวิทยา"
"M4R7RYFVY3","SC404","จักราชวิทยา_SC404","จักราชวิทยา_SC404_M4R7RYFVY3","Student_81_1030201383","Student81","Admin","obec68zone1@obec.org","iPad (A16) (Wi-Fi + Cellular 128 GB Silver)","26.5.0","357879850426640","AC:82:F0:A5:88:D2","6/8/2026 2:16:13 PM","SC; All; สพม.นครราชสีมา; จักราชวิทยา; SC_จักราชวิทยา","รร.จักราชวิทยา"
"GNVW6VJX9N","SC667","จักราชวิทยา_SC667","จักราชวิทยา_SC667_GNVW6VJX9N","Student_134_1030201383","Student134","Admin","obec68zone1@obec.org","iPad (A16) (Wi-Fi + Cellular 128 GB Silver)","26.1.0","357879850114154","AC:82:F0:A2:F1:75","6/8/2026 2:16:13 PM","SC; All; สพม.นครราชสีมา; จักราชวิทยา; SC_จักราชวิทยา","รร.จักราชวิทยา"
"KG92TC6YG5","SC30","จักราชวิทยา_SC30","จักราชวิทยา_SC30_KG92TC6YG5","Student_06_1030201383","Student06","Admin","obec68zone1@obec.org","iPad (A16) (Wi-Fi + Cellular 128 GB Silver)","26.5.0","357879850513058","AC:82:F0:A7:A3:74","6/8/2026 2:16:13 PM","SC; All; สพม.นครราชสีมา; จักราชวิทยา; SC_จักราชวิทยา","รร.จักราชวิทยา"
"J1CX6J9XVX","SC79","จักราชวิทยา_SC79","จักราชวิทยา_SC79_J1CX6J9XVX","Student_16_1030201383","Student16","Admin","obec68zone1@obec.org","iPad (A16) (Wi-Fi + Cellular 128 GB Silver)","26.5.0","357585650782286","AC:82:F0:A4:3B:E5","6/8/2026 2:16:12 PM","SC; All; สพม.นครราชสีมา; จักราชวิทยา; SC_จักราชวิทยา","รร.จักราชวิทยา"
"HX29FQ303H","SC86","จักราชวิทยา_SC86","จักราชวิทยา_SC86_HX29FQ303H","Student_18_1030201383","Student18","Admin","obec68zone1@obec.org","iPad (A16) (Wi-Fi + Cellular 128 GB Silver)","26.4.2","357585650624520","AC:82:F0:99:D2:FC","6/8/2026 2:16:12 PM","SC; All; สพม.นครราชสีมา; จักราชวิทยา; SC_จักราชวิทยา","รร.จักราชวิทยา"
"F7XLM4XVG4","SC938","จักราชวิทยา_SC938","จักราชวิทยา_SC938_F7XLM4XVG4","Student_188_1030201383","Student188","Admin","obec68zone1@obec.org","iPad (A16) (Wi-Fi + Cellular 128 GB Silver)","26.5.0","357879850379716","AC:82:F0:A9:64:9F","6/8/2026 2:16:05 PM","SC; All; สพม.นครราชสีมา; จักราชวิทยา; SC_จักราชวิทยา","รร.จักราชวิทยา"
"JMJ2HV7D3F","TC78","จักราชวิทยา_TC78","จักราชวิทยา_TC78_JMJ2HV7D3F","Teacher_16_1030201383","Teacher16","Admin","obec68zone1@obec.org","iPad (A16) (Wi-Fi + Cellular 128 GB Silver)","26.5.0","357879850637618","AC:82:F0:A9:28:83","6/8/2026 2:16:05 PM","TC; All; สพม.นครราชสีมา; TC_จักราชวิทยา; จักราชวิทยา","รร.จักราชวิทยา"
"M277Q9VMRY","TC04","จักราชวิทยา_TC04","จักราชวิทยา_TC04_M277Q9VMRY","Teacher_01_1030201383","Teacher01","Admin","obec68zone1@obec.org","iPad (A16) (Wi-Fi + Cellular 128 GB Silver)","26.4.2","357879850158508","AC:82:F0:A5:A0:37","6/8/2026 2:16:04 PM","TC; All; สพม.นครราชสีมา; TC_จักราชวิทยา; จักราชวิทยา","รร.จักราชวิทยา"
"LYF6L7NT92","SC973","จักราชวิทยา_SC973","จักราชวิทยา_SC973_LYF6L7NT92","Student_195_1030201383","Student195","Admin","obec68zone1@obec.org","iPad (A16) (Wi-Fi + Cellular 128 GB Silver)","26.5.0","357879850250222","AC:82:F0:AC:74:5E","6/8/2026 2:16:03 PM","SC; All; สพม.นครราชสีมา; จักราชวิทยา; SC_จักราชวิทยา","รร.จักราชวิทยา"
"JLF6YFHX2J","SC577","จักราชวิทยา_SC577","จักราชวิทยา_SC577_JLF6YFHX2J","Student_116_1030201383","Student116","Admin","obec68zone1@obec.org","iPad (A16) (Wi-Fi + Cellular 128 GB Silver)","26.5.0","357879850615366","AC:82:F0:A9:9F:33","6/8/2026 2:15:29 PM","SC; All; สพม.นครราชสีมา; จักราชวิทยา; SC_จักราชวิทยา","รร.จักราชวิทยา"
"FKF2T3QNVX","SC110","จักราชวิทยา_SC110","จักราชวิทยา_SC110_FKF2T3QNVX","Student_22_1030201383","Student22","Admin","obec68zone1@obec.org","iPad (A16) (Wi-Fi + Cellular 128 GB Silver)","26.5.0","357879850287380","AC:82:F0:AA:DF:04","6/8/2026 2:15:23 PM","SC; All; สพม.นครราชสีมา; จักราชวิทยา; SC_จักราชวิทยา","รร.จักราชวิทยา"
"CRF794CR91","SC956","จักราชวิทยา_SC956","จักราชวิทยา_SC956_CRF794CR91","Student_192_1030201383","Student192","Admin","obec68zone1@obec.org","iPad (A16) (Wi-Fi + Cellular 128 GB Silver)","26.5.0","357879850200250","AC:82:F0:A1:09:D6","6/8/2026 2:14:06 PM","SC; All; สพม.นครราชสีมา; จักราชวิทยา; SC_จักราชวิทยา","รร.จักราชวิทยา"
"DX6R6XJPV3","SC869","จักราชวิทยา_SC869","จักราชวิทยา_SC869_DX6R6XJPV3","Student_174_1030201383","Student174","Admin","obec68zone1@obec.org","iPad (A16) (Wi-Fi + Cellular 128 GB Silver)","26.5.0","357879850946597","AC:82:F0:A5:77:3A","6/8/2026 2:12:44 PM","SC; All; สพม.นครราชสีมา; จักราชวิทยา; SC_จักราชวิทยา","รร.จักราชวิทยา"
"MJ2LCXLW6J","SC441","จักราชวิทยา_SC441","จักราชวิทยา_SC441_MJ2LCXLW6J","Student_89_1030201383","Student89","Admin","obec68zone1@obec.org","iPad (A16) (Wi-Fi + Cellular 128 GB Silver)","26.5.0","357879850279312","AC:82:F0:A4:F4:50","6/8/2026 2:12:21 PM","SC; All; สพม.นครราชสีมา; จักราชวิทยา; SC_จักราชวิทยา","รร.จักราชวิทยา"
"DG3GC95H23","SC947","จักราชวิทยา_SC947","จักราชวิทยา_SC947_DG3GC95H23","Student_190_1030201383","Student190","Admin","obec68zone1@obec.org","iPad (A16) (Wi-Fi + Cellular 128 GB Silver)","26.5.0","357879850850138","AC:82:F0:A8:0C:38","6/8/2026 2:12:11 PM","SC; All; สพม.นครราชสีมา; จักราชวิทยา; SC_จักราชวิทยา","รร.จักราชวิทยา"
"HV9Q0PHF0J","SC187","จักราชวิทยา_SC187","จักราชวิทยา_SC187_HV9Q0PHF0J","Student_38_1030201383","Student38","Admin","obec68zone1@obec.org","iPad (A16) (Wi-Fi + Cellular 128 GB Silver)","26.5.0","357585650147415","AC:82:F0:A0:CE:E8","6/8/2026 2:11:48 PM","SC; All; สพม.นครราชสีมา; จักราชวิทยา; SC_จักราชวิทยา","รร.จักราชวิทยา"
"J2HGHLHP6M","SC1056","จักราชวิทยา_SC1056","จักราชวิทยา_SC1056_J2HGHLHP6M","Student_212_1030201383","Student212","Admin","obec68zone1@obec.org","iPad (A16) (Wi-Fi + Cellular 128 GB Silver)","26.5.0","357879850529104","AC:82:F0:A5:E6:F7","6/8/2026 2:11:22 PM","SC; All; สพม.นครราชสีมา; จักราชวิทยา; SC_จักราชวิทยา","รร.จักราชวิทยา"
"G72MW54N2D","SC1007","จักราชวิทยา_SC1007","จักราชวิทยา_SC1007_G72MW54N2D","Student_202_1030201383","Student202","Admin","obec68zone1@obec.org","iPad (A16) (Wi-Fi + Cellular 128 GB Silver)","26.5.0","357879850090362","AC:82:F0:9B:EC:BF","6/8/2026 2:11:20 PM","SC; All; สพม.นครราชสีมา; จักราชวิทยา; SC_จักราชวิทยา","รร.จักราชวิทยา"
"LH6FV2Q9XQ","SC419","จักราชวิทยา_SC419","จักราชวิทยา_SC419_LH6FV2Q9XQ","Student_84_1030201383","Student84","Admin","obec68zone1@obec.org","iPad (A16) (Wi-Fi + Cellular 128 GB Silver)","26.5.0","357879850878303","AC:82:F0:AB:E7:45","6/8/2026 2:11:20 PM","SC; All; สพม.นครราชสีมา; จักราชวิทยา; SC_จักราชวิทยา","รร.จักราชวิทยา"
"GKQ5VHHDHF","SC791","จักราชวิทยา_SC791","จักราชวิทยา_SC791_GKQ5VHHDHF","Student_159_1030201383","Student159","Admin","obec68zone1@obec.org","iPad (A16) (Wi-Fi + Cellular 128 GB Silver)","26.5.0","357879850793817","AC:82:F0:A1:0D:7E","6/8/2026 2:11:19 PM","SC; All; สพม.นครราชสีมา; จักราชวิทยา; SC_จักราชวิทยา","รร.จักราชวิทยา"
"L7TGW4PX7G","SC1038","จักราชวิทยา_SC1038","จักราชวิทยา_SC1038_L7TGW4PX7G","Student_208_1030201383","Student208","Admin","obec68zone1@obec.org","iPad (A16) (Wi-Fi + Cellular 128 GB Silver)","26.5.0","357879850852738","AC:82:F0:99:4E:2B","6/8/2026 2:11:19 PM","SC; All; สพม.นครราชสีมา; จักราชวิทยา; SC_จักราชวิทยา","รร.จักราชวิทยา"
"CXK4T94573","SC837","จักราชวิทยา_SC837","จักราชวิทยา_SC837_CXK4T94573","Student_168_1030201383","Student168","Admin","obec68zone1@obec.org","iPad (A16) (Wi-Fi + Cellular 128 GB Silver)","26.5.0","357879850939071","AC:82:F0:9E:DE:7D","6/8/2026 2:11:19 PM","SC; All; สพม.นครราชสีมา; จักราชวิทยา; SC_จักราชวิทยา","รร.จักราชวิทยา"
"HFM77CT4D5","SC1003","จักราชวิทยา_SC1003","จักราชวิทยา_SC1003_HFM77CT4D5","Student_201_1030201383","Student201","Admin","obec68zone1@obec.org","iPad (A16) (Wi-Fi + Cellular 128 GB Silver)","26.5.0","357879850959095","AC:82:F0:AC:61:DC","6/8/2026 2:11:19 PM","SC; All; สพม.นครราชสีมา; จักราชวิทยา; SC_จักราชวิทยา","รร.จักราชวิทยา"
"MDWW7KJ993","SC68","จักราชวิทยา_SC68","จักราชวิทยา_SC68_MDWW7KJ993","Student_14_1030201383","Student14","Admin","obec68zone1@obec.org","iPad (A16) (Wi-Fi + Cellular 128 GB Silver)","26.4.2","357585650666745","AC:82:F0:99:83:38","6/8/2026 2:11:18 PM","SC; All; สพม.นครราชสีมา; จักราชวิทยา; SC_จักราชวิทยา","รร.จักราชวิทยา"
"LJN1XK4LTV","SC386","จักราชวิทยา_SC386","จักราชวิทยา_SC386_LJN1XK4LTV","Student_78_1030201383","Student78","Admin","obec68zone1@obec.org","iPad (A16) (Wi-Fi + Cellular 128 GB Silver)","26.5.0","357879850891330","AC:82:F0:9C:5F:7C","6/8/2026 2:11:18 PM","SC; All; สพม.นครราชสีมา; จักราชวิทยา; SC_จักราชวิทยา","รร.จักราชวิทยา"
"K3VG6G5QGH","SC629","จักราชวิทยา_SC629","จักราชวิทยา_SC629_K3VG6G5QGH","Student_126_1030201383","Student126","Admin","obec68zone1@obec.org","iPad (A16) (Wi-Fi + Cellular 128 GB Silver)","26.4.2","357879850499738","AC:82:F0:9C:4E:86","6/8/2026 2:11:18 PM","SC; All; สพม.นครราชสีมา; จักราชวิทยา; SC_จักราชวิทยา","รร.จักราชวิทยา"
"C4H5M60J2D","SC437","จักราชวิทยา_SC437","จักราชวิทยา_SC437_C4H5M60J2D","Student_88_1030201383","Student88","Admin","obec68zone1@obec.org","iPad (A16) (Wi-Fi + Cellular 128 GB Silver)","26.5.0","357879850980307","AC:82:F0:A1:E1:47","6/8/2026 2:11:17 PM","SC; All; สพม.นครราชสีมา; จักราชวิทยา; SC_จักราชวิทยา","รร.จักราชวิทยา"
"GXKWLY7JTP","SC570","จักราชวิทยา_SC570","จักราชวิทยา_SC570_GXKWLY7JTP","Student_114_1030201383","Student114","Admin","obec68zone1@obec.org","iPad (A16) (Wi-Fi + Cellular 128 GB Silver)","26.5.0","357879850652823","AC:82:F0:A8:C7:02","6/8/2026 2:11:17 PM","SC; All; สพม.นครราชสีมา; จักราชวิทยา; SC_จักราชวิทยา","รร.จักราชวิทยา"
"FP669YY4P5","SC208","จักราชวิทยา_SC208","จักราชวิทยา_SC208_FP669YY4P5","Student_42_1030201383","Student42","Admin","obec68zone1@obec.org","iPad (A16) (Wi-Fi + Cellular 128 GB Silver)","26.1.0","357585650761702","AC:82:F0:9B:11:95","6/8/2026 2:11:17 PM","SC; All; สพม.นครราชสีมา; จักราชวิทยา; SC_จักราชวิทยา","รร.จักราชวิทยา"
"CX932TDGWT","SC255","จักราชวิทยา_SC255","จักราชวิทยา_SC255_CX932TDGWT","Student_51_1030201383","Student51","Admin","obec68zone1@obec.org","iPad (A16) (Wi-Fi + Cellular 128 GB Silver)","26.5.0","357879850085792","AC:82:F0:A4:96:A8","6/8/2026 2:11:17 PM","SC; All; สพม.นครราชสีมา; จักราชวิทยา; SC_จักราชวิทยา","รร.จักราชวิทยา"
"G97RL76N9K","SC29","จักราชวิทยา_SC29","จักราชวิทยา_SC29_G97RL76N9K","Student_06_1030201383","Student06","Admin","obec68zone1@obec.org","iPad (A16) (Wi-Fi + Cellular 128 GB Silver)","26.3.1","357879850690559","AC:82:F0:AC:7B:17","6/8/2026 2:11:16 PM","SC; All; สพม.นครราชสีมา; จักราชวิทยา; SC_จักราชวิทยา","รร.จักราชวิทยา"
"KXRR2PG44G","SC339","จักราชวิทยา_SC339","จักราชวิทยา_SC339_KXRR2PG44G","Student_68_1030201383","Student68","Admin","obec68zone1@obec.org","iPad (A16) (Wi-Fi + Cellular 128 GB Silver)","26.5.0","357879850754207","AC:82:F0:AE:58:3F","6/8/2026 2:11:16 PM","SC; All; สพม.นครราชสีมา; จักราชวิทยา; SC_จักราชวิทยา","รร.จักราชวิทยา"
"LQX9WRMWLF","SC143","จักราชวิทยา_SC143","จักราชวิทยา_SC143_LQX9WRMWLF","Student_29_1030201383","Student29","Admin","obec68zone1@obec.org","iPad (A16) (Wi-Fi + Cellular 128 GB Silver)","26.4.2","357585650006165","AC:82:F0:9F:55:5D","6/8/2026 2:11:15 PM","SC; All; สพม.นครราชสีมา; จักราชวิทยา; SC_จักราชวิทยา","รร.จักราชวิทยา"
"L2GP06P90H","SC23","จักราชวิทยา_SC23","จักราชวิทยา_SC23_L2GP06P90H","Student_05_1030201383","Student05","Admin","obec68zone1@obec.org","iPad (A16) (Wi-Fi + Cellular 128 GB Silver)","26.5.0","357585650701591","AC:82:F0:A2:D2:83","6/8/2026 2:11:15 PM","SC; All; สพม.นครราชสีมา; จักราชวิทยา; SC_จักราชวิทยา","รร.จักราชวิทยา"
"H4KC64QCPX","TC87","จักราชวิทยา_TC87","จักราชวิทยา_TC87_H4KC64QCPX","Teacher_18_1030201383","Teacher18","Admin","obec68zone1@obec.org","iPad (A16) (Wi-Fi + Cellular 128 GB Silver)","26.5.0","357879850860996","AC:82:F0:99:12:39","6/8/2026 2:11:07 PM","TC; All; สพม.นครราชสีมา; TC_จักราชวิทยา; จักราชวิทยา","รร.จักราชวิทยา"
"CQYKNH3HCJ","SC945","จักราชวิทยา_SC945","จักราชวิทยา_SC945_CQYKNH3HCJ","Student_189_1030201383","Student189","Admin","obec68zone1@obec.org","iPad (A16) (Wi-Fi + Cellular 128 GB Silver)","26.5.0","357879850005824","AC:82:F0:99:FD:65","6/8/2026 2:10:49 PM","SC; All; สพม.นครราชสีมา; จักราชวิทยา; SC_จักราชวิทยา","รร.จักราชวิทยา"
"GW49K4RL6M","SC438","จักราชวิทยา_SC438","จักราชวิทยา_SC438_GW49K4RL6M","Student_88_1030201383","Student88","Admin","obec68zone1@obec.org","iPad (A16) (Wi-Fi + Cellular 128 GB Silver)","26.1.0","357879850949542","AC:82:F0:AA:DC:96","6/8/2026 2:09:19 PM","SC; All; สพม.นครราชสีมา; จักราชวิทยา; SC_จักราชวิทยา","รร.จักราชวิทยา"
"F965WNWPFP","TC100","จักราชวิทยา_TC100","จักราชวิทยา_TC100_F965WNWPFP","Teacher_20_1030201383","Teacher20","Admin","obec68zone1@obec.org","iPad (A16) (Wi-Fi + Cellular 128 GB Silver)","26.1.0","357879850157492","AC:82:F0:A1:E5:DD","6/8/2026 2:08:39 PM","TC; All; สพม.นครราชสีมา; TC_จักราชวิทยา; จักราชวิทยา","รร.จักราชวิทยา"
"J4F0WDW209","SC597","จักราชวิทยา_SC597","จักราชวิทยา_SC597_J4F0WDW209","Student_120_1030201383","Student120","Admin","obec68zone1@obec.org","iPad (A16) (Wi-Fi + Cellular 128 GB Silver)","26.1.0","357879850305885","AC:82:F0:9C:D6:51","6/8/2026 2:08:31 PM","SC; All; สพม.นครราชสีมา; จักราชวิทยา; SC_จักราชวิทยา","รร.จักราชวิทยา"
"FFP7Y2NQJQ","SC22","จักราชวิทยา_SC22","จักราชวิทยา_SC22_FFP7Y2NQJQ","Student_05_1030201383","Student05","Admin","obec68zone1@obec.org","iPad (A16) (Wi-Fi + Cellular 128 GB Silver)","26.5.0","357585650971327","AC:82:F0:AB:14:EE","6/8/2026 2:08:24 PM","SC; All; สพม.นครราชสีมา; จักราชวิทยา; SC_จักราชวิทยา","รร.จักราชวิทยา"
"LWVHPHH9CY","SC814","จักราชวิทยา_SC814","จักราชวิทยา_SC814_LWVHPHH9CY","Student_163_1030201383","Student163","Admin","obec68zone1@obec.org","iPad (A16) (Wi-Fi + Cellular 128 GB Silver)","26.5.0","357879850545126","AC:82:F0:A9:BD:E4","6/8/2026 2:08:21 PM","SC; All; สพม.นครราชสีมา; จักราชวิทยา; SC_จักราชวิทยา","รร.จักราชวิทยา"
"MF6WG60HP0","SC177","จักราชวิทยา_SC177","จักราชวิทยา_SC177_MF6WG60HP0","Student_36_1030201383","Student36","Admin","obec68zone1@obec.org","iPad (A16) (Wi-Fi + Cellular 128 GB Silver)","26.5.0","357585650157166","AC:82:F0:A2:C2:9E","6/8/2026 2:06:39 PM","SC; All; สพม.นครราชสีมา; จักราชวิทยา; SC_จักราชวิทยา","รร.จักราชวิทยา"
"JG9HX7N29M","TC124","จักราชวิทยา_TC124","จักราชวิทยา_TC124_JG9HX7N29M","Teacher_25_1030201383","Teacher25","Admin","obec68zone1@obec.org","iPad (A16) (Wi-Fi + Cellular 128 GB Silver)","26.1.0","357879850797560","AC:82:F0:A7:50:00","6/8/2026 2:06:17 PM","TC; All; สพม.นครราชสีมา; TC_จักราชวิทยา; จักราชวิทยา","รร.จักราชวิทยา"
"MP40MK99NC","SC933","จักราชวิทยา_SC933","จักราชวิทยา_SC933_MP40MK99NC","Student_187_1030201383","Student187","Admin","obec68zone1@obec.org","iPad (A16) (Wi-Fi + Cellular 128 GB Silver)","26.5.0","357879850756681","AC:82:F0:A1:8A:30","6/8/2026 2:06:17 PM","SC; All; สพม.นครราชสีมา; จักราชวิทยา; SC_จักราชวิทยา","รร.จักราชวิทยา"
"DL9Y31M4Y4","SC760","จักราชวิทยา_SC760","จักราชวิทยา_SC760_DL9Y31M4Y4","Student_152_1030201383","Student152","Admin","obec68zone1@obec.org","iPad (A16) (Wi-Fi + Cellular 128 GB Silver)","26.5.0","357879850590742","AC:82:F0:A1:41:4E","6/8/2026 2:06:16 PM","SC; All; สพม.นครราชสีมา; จักราชวิทยา; SC_จักราชวิทยา","รร.จักราชวิทยา"
"CY24THWDV4","SC375","จักราชวิทยา_SC375","จักราชวิทยา_SC375_CY24THWDV4","Student_75_1030201383","Student75","Admin","obec68zone1@obec.org","iPad (A16) (Wi-Fi + Cellular 128 GB Silver)","26.5.0","357879850709359","AC:82:F0:A0:DD:94","6/8/2026 2:06:16 PM","SC; All; สพม.นครราชสีมา; จักราชวิทยา; SC_จักราชวิทยา","รร.จักราชวิทยา"
"CQ2V123FHT","SC887","จักราชวิทยา_SC887","จักราชวิทยา_SC887_CQ2V123FHT","Student_178_1030201383","Student178","Admin","obec68zone1@obec.org","iPad (A16) (Wi-Fi + Cellular 128 GB Silver)","26.5.0","357879850588894","AC:82:F0:99:FA:CB","6/8/2026 2:06:16 PM","SC; All; สพม.นครราชสีมา; จักราชวิทยา; SC_จักราชวิทยา","รร.จักราชวิทยา"
"JCXMLH073V","SC768","จักราชวิทยา_SC768","จักราชวิทยา_SC768_JCXMLH073V","Student_154_1030201383","Student154","Admin","obec68zone1@obec.org","iPad (A16) (Wi-Fi + Cellular 128 GB Silver)","26.5.0","357879850731536","AC:82:F0:A2:C2:23","6/8/2026 2:06:15 PM","SC; All; สพม.นครราชสีมา; จักราชวิทยา; SC_จักราชวิทยา","รร.จักราชวิทยา"
"JQ6MKXMFCJ","SC683","จักราชวิทยา_SC683","จักราชวิทยา_SC683_JQ6MKXMFCJ","Student_137_1030201383","Student137","Admin","obec68zone1@obec.org","iPad (A16) (Wi-Fi + Cellular 128 GB Silver)","26.5.0","357879850482759","AC:82:F0:A3:E1:D2","6/8/2026 2:06:15 PM","SC; All; สพม.นครราชสีมา; จักราชวิทยา; SC_จักราชวิทยา","รร.จักราชวิทยา"
"G2XCGGXWX7","SC929","จักราชวิทยา_SC929","จักราชวิทยา_SC929_G2XCGGXWX7","Student_186_1030201383","Student186","Admin","obec68zone1@obec.org","iPad (A16) (Wi-Fi + Cellular 128 GB Silver)","26.5.0","357879850710639","AC:82:F0:9E:E0:6E","6/8/2026 2:06:15 PM","SC; All; สพม.นครราชสีมา; จักราชวิทยา; SC_จักราชวิทยา","รร.จักราชวิทยา"
"GWC21YJXY7","SC195","จักราชวิทยา_SC195","จักราชวิทยา_SC195_GWC21YJXY7","Student_39_1030201383","Student39","Admin","obec68zone1@obec.org","iPad (A16) (Wi-Fi + Cellular 128 GB Silver)","26.5.0","357585650913386","AC:82:F0:A3:74:6A","6/8/2026 2:06:13 PM","SC; All; สพม.นครราชสีมา; จักราชวิทยา; SC_จักราชวิทยา","รร.จักราชวิทยา"
"G74DFXHXM5","SC223","จักราชวิทยา_SC223","จักราชวิทยา_SC223_G74DFXHXM5","Student_45_1030201383","Student45","Admin","obec68zone1@obec.org","iPad (A16) (Wi-Fi + Cellular 128 GB Silver)","26.5.0","357879850933355","AC:82:F0:9B:36:5C","6/8/2026 2:06:12 PM","SC; All; สพม.นครราชสีมา; จักราชวิทยา; SC_จักราชวิทยา","รร.จักราชวิทยา"
"D1PD6XL2FP","SC670","จักราชวิทยา_SC670","จักราชวิทยา_SC670_D1PD6XL2FP","Student_134_1030201383","Student134","Admin","obec68zone1@obec.org","iPad (A16) (Wi-Fi + Cellular 128 GB Silver)","26.5.0","357879850890381","AC:82:F0:A6:30:EA","6/8/2026 2:06:12 PM","SC; All; สพม.นครราชสีมา; จักราชวิทยา; SC_จักราชวิทยา","รร.จักราชวิทยา"
"HGD4V66216","SC623","จักราชวิทยา_SC623","จักราชวิทยา_SC623_HGD4V66216","Student_125_1030201383","Student125","Admin","obec68zone1@obec.org","iPad (A16) (Wi-Fi + Cellular 128 GB Silver)","26.1.0","357879850184728","AC:82:F0:A2:78:FE","6/8/2026 2:06:11 PM","SC; All; สพม.นครราชสีมา; จักราชวิทยา; SC_จักราชวิทยา","รร.จักราชวิทยา"
"KG0X2YWP4Y","SC33","จักราชวิทยา_SC33","จักราชวิทยา_SC33_KG0X2YWP4Y","Student_07_1030201383","Student07","Admin","obec68zone1@obec.org","iPad (A16) (Wi-Fi + Cellular 128 GB Silver)","26.5.0","357585650787913","AC:82:F0:A8:A2:71","6/8/2026 2:06:11 PM","SC; All; สพม.นครราชสีมา; จักราชวิทยา; SC_จักราชวิทยา","รร.จักราชวิทยา"
"JFM49M9NTH","SC13","จักราชวิทยา_SC13","จักราชวิทยา_SC13_JFM49M9NTH","Student_03_1030201383","Student03","Admin","obec68zone1@obec.org","iPad (A16) (Wi-Fi + Cellular 128 GB Silver)","26.5.0","350094260553960","AC:82:F0:AD:7B:1E","6/8/2026 2:06:11 PM","SC; All; สพม.นครราชสีมา; จักราชวิทยา; SC_จักราชวิทยา","รร.จักราชวิทยา"
"GJ6NFPFHXF","SC01","จักราชวิทยา_SC01","จักราชวิทยา_SC01_GJ6NFPFHXF","Student_01_1030201383","Student01","Admin","obec68zone1@obec.org","iPad (A16) (Wi-Fi + Cellular 128 GB Silver)","26.5.0","357879850862422","AC:82:F0:9C:7F:15","6/8/2026 2:06:10 PM","SC; All; สพม.นครราชสีมา; จักราชวิทยา; SC_จักราชวิทยา","รร.จักราชวิทยา"
"GXM44QKWNY","TC85","จักราชวิทยา_TC85","จักราชวิทยา_TC85_GXM44QKWNY","Teacher_17_1030201383","Teacher17","Admin","obec68zone1@obec.org","iPad (A16) (Wi-Fi + Cellular 128 GB Silver)","26.5.0","357879850054145","AC:82:F0:9E:3B:A6","6/8/2026 2:06:06 PM","TC; All; สพม.นครราชสีมา; TC_จักราชวิทยา; จักราชวิทยา","รร.จักราชวิทยา"
"K00M706HL0","TC08","จักราชวิทยา_TC08","จักราชวิทยา_TC08_K00M706HL0","Teacher_02_1030201383","Teacher02","Admin","obec68zone1@obec.org","iPad (A16) (Wi-Fi + Cellular 128 GB Silver)","26.4.2","357879850094125","AC:82:F0:A1:D2:B0","6/8/2026 2:06:04 PM","TC; All; สพม.นครราชสีมา; TC_จักราชวิทยา; จักราชวิทยา","รร.จักราชวิทยา"
"D930XXG7L5","SC770","จักราชวิทยา_SC770","จักราชวิทยา_SC770_D930XXG7L5","Student_154_1030201383","Student154","Admin","obec68zone1@obec.org","iPad (A16) (Wi-Fi + Cellular 128 GB Silver)","26.5.0","357879850475563","AC:82:F0:A4:13:02","6/8/2026 2:05:49 PM","SC; All; สพม.นครราชสีมา; จักราชวิทยา; SC_จักราชวิทยา","รร.จักราชวิทยา"
"DY9MPG70PY","SC828","จักราชวิทยา_SC828","จักราชวิทยา_SC828_DY9MPG70PY","Student_166_1030201383","Student166","Admin","obec68zone1@obec.org","iPad (A16) (Wi-Fi + Cellular 128 GB Silver)","26.5.0","357879850167020","AC:82:F0:9C:D0:AB","6/8/2026 2:05:05 PM","SC; All; สพม.นครราชสีมา; จักราชวิทยา; SC_จักราชวิทยา","รร.จักราชวิทยา"
"DQ10499MGG","SC343","จักราชวิทยา_SC343","จักราชวิทยา_SC343_DQ10499MGG","Student_69_1030201383","Student69","Admin","obec68zone1@obec.org","iPad (A16) (Wi-Fi + Cellular 128 GB Silver)","26.5.0","357879850277225","AC:82:F0:AD:37:48","6/8/2026 2:03:51 PM","SC; All; สพม.นครราชสีมา; จักราชวิทยา; SC_จักราชวิทยา","รร.จักราชวิทยา"
"MRP49797J6","SC859","จักราชวิทยา_SC859","จักราชวิทยา_SC859_MRP49797J6","Student_172_1030201383","Student172","Admin","obec68zone1@obec.org","iPad (A16) (Wi-Fi + Cellular 128 GB Silver)","26.5.0","357879850799988","AC:82:F0:A2:48:83","6/8/2026 2:03:44 PM","SC; All; สพม.นครราชสีมา; จักราชวิทยา; SC_จักราชวิทยา","รร.จักราชวิทยา"
"F2VNPJYW1Y","SC406","จักราชวิทยา_SC406","จักราชวิทยา_SC406_F2VNPJYW1Y","Student_82_1030201383","Student82","Admin","obec68zone1@obec.org","iPad (A16) (Wi-Fi + Cellular 128 GB Silver)","26.5.0","357879850704277","AC:82:F0:A8:5F:DB","6/8/2026 2:02:53 PM","SC; All; สพม.นครราชสีมา; จักราชวิทยา; SC_จักราชวิทยา","รร.จักราชวิทยา"
"CKXYKWQCYP","TC79","จักราชวิทยา_TC79","จักราชวิทยา_TC79_CKXYKWQCYP","Teacher_16_1030201383","Teacher16","Admin","obec68zone1@obec.org","iPad (A16) (Wi-Fi + Cellular 128 GB Silver)","26.5.0","357879850740214","AC:82:F0:9B:2A:58","6/8/2026 2:02:14 PM","TC; All; สพม.นครราชสีมา; TC_จักราชวิทยา; จักราชวิทยา","รร.จักราชวิทยา"
"C372C0V2TY","SC366","จักราชวิทยา_SC366","จักราชวิทยา_SC366_C372C0V2TY","Student_74_1030201383","Student74","Admin","obec68zone1@obec.org","iPad (A16) (Wi-Fi + Cellular 128 GB Silver)","26.5.0","357879850155355","AC:82:F0:99:59:F1","6/8/2026 2:01:23 PM","SC; All; สพม.นครราชสีมา; จักราชวิทยา; SC_จักราชวิทยา","รร.จักราชวิทยา"
"H66K30J92P","SC914","จักราชวิทยา_SC914","จักราชวิทยา_SC914_H66K30J92P","Student_183_1030201383","Student183","Admin","obec68zone1@obec.org","iPad (A16) (Wi-Fi + Cellular 128 GB Silver)","26.5.0","357879850329364","AC:82:F0:A1:82:A5","6/8/2026 2:01:20 PM","SC; All; สพม.นครราชสีมา; จักราชวิทยา; SC_จักราชวิทยา","รร.จักราชวิทยา"
"F9RR9RFK67","SC1028","จักราชวิทยา_SC1028","จักราชวิทยา_SC1028_F9RR9RFK67","Student_206_1030201383","Student206","Admin","obec68zone1@obec.org","iPad (A16) (Wi-Fi + Cellular 128 GB Silver)","26.5.0","357879850885753","AC:82:F0:9A:B0:1E","6/8/2026 2:01:20 PM","SC; All; สพม.นครราชสีมา; จักราชวิทยา; SC_จักราชวิทยา","รร.จักราชวิทยา"
"J4TCWYCXQQ","SC318","จักราชวิทยา_SC318","จักราชวิทยา_SC318_J4TCWYCXQQ","Student_64_1030201383","Student64","Admin","obec68zone1@obec.org","iPad (A16) (Wi-Fi + Cellular 128 GB Silver)","26.5.0","357879850834702","AC:82:F0:A5:F2:A2","6/8/2026 2:01:18 PM","SC; All; สพม.นครราชสีมา; จักราชวิทยา; SC_จักราชวิทยา","รร.จักราชวิทยา"
"HGV9D9RCQY","SC664","จักราชวิทยา_SC664","จักราชวิทยา_SC664_HGV9D9RCQY","Student_133_1030201383","Student133","Admin","obec68zone1@obec.org","iPad (A16) (Wi-Fi + Cellular 128 GB Silver)","26.5.0","357879850171469","AC:82:F0:AE:96:4D","6/8/2026 2:01:17 PM","SC; All; สพม.นครราชสีมา; จักราชวิทยา; SC_จักราชวิทยา","รร.จักราชวิทยา"
"F0XVM04TDW","SC40","จักราชวิทยา_SC40","จักราชวิทยา_SC40_F0XVM04TDW","Student_08_1030201383","Student08","Admin","obec68zone1@obec.org","iPad (A16) (Wi-Fi + Cellular 128 GB Silver)","26.5.0","357585650924276","AC:82:F0:A2:7F:50","6/8/2026 2:01:17 PM","SC; All; สพม.นครราชสีมา; จักราชวิทยา; SC_จักราชวิทยา","รร.จักราชวิทยา"
"G2MDJYD4NK","SC472","จักราชวิทยา_SC472","จักราชวิทยา_SC472_G2MDJYD4NK","Student_95_1030201383","Student95","Admin","obec68zone1@obec.org","iPad (A16) (Wi-Fi + Cellular 128 GB Silver)","26.5.0","357879850153319","AC:82:F0:AB:84:E5","6/8/2026 2:01:17 PM","SC; All; สพม.นครราชสีมา; จักราชวิทยา; SC_จักราชวิทยา","รร.จักราชวิทยา"
"HYGYFV54YM","SC993","จักราชวิทยา_SC993","จักราชวิทยา_SC993_HYGYFV54YM","Student_199_1030201383","Student199","Admin","obec68zone1@obec.org","iPad (A16) (Wi-Fi + Cellular 128 GB Silver)","26.5.0","357879850646064","AC:82:F0:99:DB:8C","6/8/2026 2:01:16 PM","SC; All; สพม.นครราชสีมา; จักราชวิทยา; SC_จักราชวิทยา","รร.จักราชวิทยา"
"LLXW1RQY3K","SC402","จักราชวิทยา_SC402","จักราชวิทยา_SC402_LLXW1RQY3K","Student_81_1030201383","Student81","Admin","obec68zone1@obec.org","iPad (A16) (Wi-Fi + Cellular 128 GB Silver)","26.5.0","357879850295359","AC:82:F0:A3:B2:3E","6/8/2026 2:01:16 PM","SC; All; สพม.นครราชสีมา; จักราชวิทยา; SC_จักราชวิทยา","รร.จักราชวิทยา"
"L2FQ6Q7VXD","SC273","จักราชวิทยา_SC273","จักราชวิทยา_SC273_L2FQ6Q7VXD","Student_55_1030201383","Student55","Admin","obec68zone1@obec.org","iPad (A16) (Wi-Fi + Cellular 128 GB Silver)","26.1.0","357879850721529","AC:82:F0:9B:59:09","6/8/2026 2:01:16 PM","SC; All; สพม.นครราชสีมา; จักราชวิทยา; SC_จักราชวิทยา","รร.จักราชวิทยา"
"FX1D9MH9C3","SC154","จักราชวิทยา_SC154","จักราชวิทยา_SC154_FX1D9MH9C3","Student_31_1030201383","Student31","Admin","obec68zone1@obec.org","iPad (A16) (Wi-Fi + Cellular 128 GB Silver)","26.1.0","357585650528788","AC:82:F0:A7:26:50","6/8/2026 2:01:16 PM","SC; All; สพม.นครราชสีมา; จักราชวิทยา; SC_จักราชวิทยา","รร.จักราชวิทยา"
"CYKPXV27V0","SC337","จักราชวิทยา_SC337","จักราชวิทยา_SC337_CYKPXV27V0","Student_68_1030201383","Student68","Admin","obec68zone1@obec.org","iPad (A16) (Wi-Fi + Cellular 128 GB Silver)","26.5.0","357879850537206","AC:82:F0:99:4F:E5","6/8/2026 2:01:16 PM","SC; All; สพม.นครราชสีมา; จักราชวิทยา; SC_จักราชวิทยา","รร.จักราชวิทยา"
"L0G4CC9T3D","SC309","จักราชวิทยา_SC309","จักราชวิทยา_SC309_L0G4CC9T3D","Student_62_1030201383","Student62","Admin","obec68zone1@obec.org","iPad (A16) (Wi-Fi + Cellular 128 GB Silver)","26.5.0","357879850565538","AC:82:F0:A1:0A:54","6/8/2026 2:01:16 PM","SC; All; สพม.นครราชสีมา; จักราชวิทยา; SC_จักราชวิทยา","รร.จักราชวิทยา"
"MP2WR759RJ","SC531","จักราชวิทยา_SC531","จักราชวิทยา_SC531_MP2WR759RJ","Student_107_1030201383","Student107","Admin","obec68zone1@obec.org","iPad (A16) (Wi-Fi + Cellular 128 GB Silver)","26.5.0","357879850048543","AC:82:F0:9C:88:02","6/8/2026 2:01:16 PM","SC; All; สพม.นครราชสีมา; จักราชวิทยา; SC_จักราชวิทยา","รร.จักราชวิทยา"
"LQ45QCFNR2","SC342","จักราชวิทยา_SC342","จักราชวิทยา_SC342_LQ45QCFNR2","Student_69_1030201383","Student69","Admin","obec68zone1@obec.org","iPad (A16) (Wi-Fi + Cellular 128 GB Silver)","26.5.0","357879850907003","AC:82:F0:A7:ED:BB","6/8/2026 2:01:16 PM","SC; All; สพม.นครราชสีมา; จักราชวิทยา; SC_จักราชวิทยา","รร.จักราชวิทยา"
"D34G4XTDGD","SC276","จักราชวิทยา_SC276","จักราชวิทยา_SC276_D34G4XTDGD","Student_56_1030201383","Student56","Admin","obec68zone1@obec.org","iPad (A16) (Wi-Fi + Cellular 128 GB Silver)","26.5.0","357879850390028","AC:82:F0:9B:FB:16","6/8/2026 2:01:15 PM","SC; All; สพม.นครราชสีมา; จักราชวิทยา; SC_จักราชวิทยา","รร.จักราชวิทยา"
"K7G4QTFPYQ","SC1044","จักราชวิทยา_SC1044","จักราชวิทยา_SC1044_K7G4QTFPYQ","Student_209_1030201383","Student209","Admin","obec68zone1@obec.org","iPad (A16) (Wi-Fi + Cellular 128 GB Silver)","26.5.0","357879850910114","AC:82:F0:9D:58:21","6/8/2026 2:01:12 PM","SC; All; สพม.นครราชสีมา; จักราชวิทยา; SC_จักราชวิทยา","รร.จักราชวิทยา"
"GQ4JC340R2","TC83","จักราชวิทยา_TC83","จักราชวิทยา_TC83_GQ4JC340R2","Teacher_17_1030201383","Teacher17","Admin","obec68zone1@obec.org","iPad (A16) (Wi-Fi + Cellular 128 GB Silver)","26.1.0","357879850319381","AC:82:F0:9A:A5:FE","6/8/2026 2:01:07 PM","TC; All; สพม.นครราชสีมา; TC_จักราชวิทยา; จักราชวิทยา","รร.จักราชวิทยา"
"C4GDJN9J0J","SC465","จักราชวิทยา_SC465","จักราชวิทยา_SC465_C4GDJN9J0J","Student_93_1030201383","Student93","Admin","obec68zone1@obec.org","iPad (A16) (Wi-Fi + Cellular 128 GB Silver)","26.1.0","357879850689908","AC:82:F0:99:39:3C","6/8/2026 2:01:04 PM","SC; All; สพม.นครราชสีมา; จักราชวิทยา; SC_จักราชวิทยา","รร.จักราชวิทยา"
"L097THKKX4","SC925","จักราชวิทยา_SC925","จักราชวิทยา_SC925_L097THKKX4","Student_185_1030201383","Student185","Admin","obec68zone1@obec.org","iPad (A16) (Wi-Fi + Cellular 128 GB Silver)","26.5.0","357879850440047","AC:82:F0:A7:64:1D","6/8/2026 2:01:03 PM","SC; All; สพม.นครราชสีมา; จักราชวิทยา; SC_จักราชวิทยา","รร.จักราชวิทยา"
"FL9KQCRHXL","SC580","จักราชวิทยา_SC580","จักราชวิทยา_SC580_FL9KQCRHXL","Student_116_1030201383","Student116","Admin","obec68zone1@obec.org","iPad (A16) (Wi-Fi + Cellular 128 GB Silver)","26.5.0","357879850350063","AC:82:F0:9B:26:C1","6/8/2026 2:00:25 PM","SC; All; สพม.นครราชสีมา; จักราชวิทยา; SC_จักราชวิทยา","รร.จักราชวิทยา"
"KK6V2TQ7CQ","SC866","จักราชวิทยา_SC866","จักราชวิทยา_SC866_KK6V2TQ7CQ","Student_174_1030201383","Student174","Admin","obec68zone1@obec.org","iPad (A16) (Wi-Fi + Cellular 128 GB Silver)","26.5.0","357879850712890","AC:82:F0:9F:9E:CA","6/8/2026 2:00:10 PM","SC; All; สพม.นครราชสีมา; จักราชวิทยา; SC_จักราชวิทยา","รร.จักราชวิทยา"
"GJV9F4YWRT","SC1033","จักราชวิทยา_SC1033","จักราชวิทยา_SC1033_GJV9F4YWRT","Student_207_1030201383","Student207","Admin","obec68zone1@obec.org","iPad (A16) (Wi-Fi + Cellular 128 GB Silver)","26.5.0","357879850909314","AC:82:F0:A5:ED:5D","6/8/2026 1:59:35 PM","SC; All; สพม.นครราชสีมา; จักราชวิทยา; SC_จักราชวิทยา","รร.จักราชวิทยา"
"M665TX4J54","SC09","จักราชวิทยา_SC09","จักราชวิทยา_SC09_M665TX4J54","Student_02_1030201383","Student02","Admin","obec68zone1@obec.org","iPad (A16) (Wi-Fi + Cellular 128 GB Silver)","26.5.0","357879850995727","AC:82:F0:A8:7D:EF","6/8/2026 1:59:22 PM","SC; All; สพม.นครราชสีมา; จักราชวิทยา; SC_จักราชวิทยา","รร.จักราชวิทยา"
"FPT6WJ4Q6D","SC679","จักราชวิทยา_SC679","จักราชวิทยา_SC679_FPT6WJ4Q6D","Student_136_1030201383","Student136","Admin","obec68zone1@obec.org","iPad (A16) (Wi-Fi + Cellular 128 GB Silver)","26.5.0","357879850481611","AC:82:F0:9A:A6:77","6/8/2026 1:59:20 PM","SC; All; สพม.นครราชสีมา; จักราชวิทยา; SC_จักราชวิทยา","รร.จักราชวิทยา"
"K79395Q6MN","SC602","จักราชวิทยา_SC602","จักราชวิทยา_SC602_K79395Q6MN","Student_121_1030201383","Student121","Admin","obec68zone1@obec.org","iPad (A16) (Wi-Fi + Cellular 128 GB Silver)","26.5.0","357879850738028","AC:82:F0:9F:C2:F9","6/8/2026 1:59:03 PM","SC; All; สพม.นครราชสีมา; จักราชวิทยา; SC_จักราชวิทยา","รร.จักราชวิทยา"
"H49L4CY9JF","TC98","จักราชวิทยา_TC98","จักราชวิทยา_TC98_H49L4CY9JF","Teacher_20_1030201383","Teacher20","Admin","obec68zone1@obec.org","iPad (A16) (Wi-Fi + Cellular 128 GB Silver)","26.5.0","357879850073533","AC:82:F0:AB:C4:5B","6/8/2026 1:58:59 PM","TC; All; สพม.นครราชสีมา; TC_จักราชวิทยา; จักราชวิทยา","รร.จักราชวิทยา"
"D9VYVP2VK2","SC1039","จักราชวิทยา_SC1039","จักราชวิทยา_SC1039_D9VYVP2VK2","Student_208_1030201383","Student208","Admin","obec68zone1@obec.org","iPad (A16) (Wi-Fi + Cellular 128 GB Silver)","26.5.0","357879850413754","AC:82:F0:AA:5A:96","6/8/2026 1:58:51 PM","SC; All; สพม.นครราชสีมา; จักราชวิทยา; SC_จักราชวิทยา","รร.จักราชวิทยา"
"G22R6WH0QD","SC634","จักราชวิทยา_SC634","จักราชวิทยา_SC634_G22R6WH0QD","Student_127_1030201383","Student127","Admin","obec68zone1@obec.org","iPad (A16) (Wi-Fi + Cellular 128 GB Silver)","26.1.0","357879850274867","AC:82:F0:A3:65:E0","6/8/2026 1:58:50 PM","SC; All; สพม.นครราชสีมา; จักราชวิทยา; SC_จักราชวิทยา","รร.จักราชวิทยา"
"HGV9RRQ9J2","SC1035","จักราชวิทยา_SC1035","จักราชวิทยา_SC1035_HGV9RRQ9J2","Student_207_1030201383","Student207","Admin","obec68zone1@obec.org","iPad (A16) (Wi-Fi + Cellular 128 GB Silver)","26.5.0","357879850307584","AC:82:F0:AB:04:AB","6/8/2026 1:58:44 PM","SC; All; สพม.นครราชสีมา; จักราชวิทยา; SC_จักราชวิทยา","รร.จักราชวิทยา"
"JFYQW6NP64","SC685","จักราชวิทยา_SC685","จักราชวิทยา_SC685_JFYQW6NP64","Student_137_1030201383","Student137","Admin","obec68zone1@obec.org","iPad (A16) (Wi-Fi + Cellular 128 GB Silver)","26.5.0","357879850558723","AC:82:F0:AC:DB:85","6/8/2026 1:58:42 PM","SC; All; สพม.นครราชสีมา; จักราชวิทยา; SC_จักราชวิทยา","รร.จักราชวิทยา"
"MV3N453CFQ","SC259","จักราชวิทยา_SC259","จักราชวิทยา_SC259_MV3N453CFQ","Student_52_1030201383","Student52","Admin","obec68zone1@obec.org","iPad (A16) (Wi-Fi + Cellular 128 GB Silver)","26.5.0","357879850312287","AC:82:F0:AA:40:53","6/8/2026 1:58:15 PM","SC; All; สพม.นครราชสีมา; จักราชวิทยา; SC_จักราชวิทยา","รร.จักราชวิทยา"
"KGK9P6PXJ0","SC948","จักราชวิทยา_SC948","จักราชวิทยา_SC948_KGK9P6PXJ0","Student_190_1030201383","Student190","Admin","obec68zone1@obec.org","iPad (A16) (Wi-Fi + Cellular 128 GB Silver)","26.5.0","357879850824992","AC:82:F0:99:91:A4","6/8/2026 1:57:51 PM","SC; All; สพม.นครราชสีมา; จักราชวิทยา; SC_จักราชวิทยา","รร.จักราชวิทยา"
"DKC69X39T6","SC889","จักราชวิทยา_SC889","จักราชวิทยา_SC889_DKC69X39T6","Student_178_1030201383","Student178","Admin","obec68zone1@obec.org","iPad (A16) (Wi-Fi + Cellular 128 GB Silver)","26.5.0","357879850842986","AC:82:F0:A9:32:06","6/8/2026 1:57:28 PM","SC; All; สพม.นครราชสีมา; จักราชวิทยา; SC_จักราชวิทยา","รร.จักราชวิทยา"
"JW60D64T5Q","SC822","จักราชวิทยา_SC822","จักราชวิทยา_SC822_JW60D64T5Q","Student_165_1030201383","Student165","Admin","obec68zone1@obec.org","iPad (A16) (Wi-Fi + Cellular 128 GB Silver)","26.5.0","357879850040011","AC:82:F0:9F:C1:5E","6/8/2026 1:57:16 PM","SC; All; สพม.นครราชสีมา; จักราชวิทยา; SC_จักราชวิทยา","รร.จักราชวิทยา"
"DC4W23GRX0","SC1053","จักราชวิทยา_SC1053","จักราชวิทยา_SC1053_DC4W23GRX0","Student_211_1030201383","Student211","Admin","obec68zone1@obec.org","iPad (A16) (Wi-Fi + Cellular 128 GB Silver)","26.5.0","357879850091113","AC:82:F0:9B:C4:E7","6/8/2026 1:56:15 PM","SC; All; สพม.นครราชสีมา; จักราชวิทยา; SC_จักราชวิทยา","รร.จักราชวิทยา"
"CN7PCWY4Y1","SC1045","จักราชวิทยา_SC1045","จักราชวิทยา_SC1045_CN7PCWY4Y1","Student_209_1030201383","Student209","Admin","obec68zone1@obec.org","iPad (A16) (Wi-Fi + Cellular 128 GB Silver)","26.5.0","357879850544376","AC:82:F0:A0:2D:87","6/8/2026 1:56:15 PM","SC; All; สพม.นครราชสีมา; จักราชวิทยา; SC_จักราชวิทยา","รร.จักราชวิทยา"
"KQDG34Y96P","SC421","จักราชวิทยา_SC421","จักราชวิทยา_SC421_KQDG34Y96P","Student_85_1030201383","Student85","Admin","obec68zone1@obec.org","iPad (A16) (Wi-Fi + Cellular 128 GB Silver)","26.4.2","357879850163326","AC:82:F0:AA:47:ED","6/8/2026 1:56:14 PM","SC; All; สพม.นครราชสีมา; จักราชวิทยา; SC_จักราชวิทยา","รร.จักราชวิทยา"
"GX63MYQ4YV","SC779","จักราชวิทยา_SC779","จักราชวิทยา_SC779_GX63MYQ4YV","Student_156_1030201383","Student156","Admin","obec68zone1@obec.org","iPad (A16) (Wi-Fi + Cellular 128 GB Silver)","26.5.0","357879850094034","AC:82:F0:A5:43:71","6/8/2026 1:56:14 PM","SC; All; สพม.นครราชสีมา; จักราชวิทยา; SC_จักราชวิทยา","รร.จักราชวิทยา"
"FQ74N1VJDW","SC260","จักราชวิทยา_SC260","จักราชวิทยา_SC260_FQ74N1VJDW","Student_52_1030201383","Student52","Admin","obec68zone1@obec.org","iPad (A16) (Wi-Fi + Cellular 128 GB Silver)","26.5.0","357879850165974","AC:82:F0:A7:5E:5D","6/8/2026 1:56:12 PM","SC; All; สพม.นครราชสีมา; จักราชวิทยา; SC_จักราชวิทยา","รร.จักราชวิทยา"
"GP6T0L6W16","SC624","จักราชวิทยา_SC624","จักราชวิทยา_SC624_GP6T0L6W16","Student_125_1030201383","Student125","Admin","obec68zone1@obec.org","iPad (A16) (Wi-Fi + Cellular 128 GB Silver)","26.3.1 (a)","357879850217213","AC:82:F0:A3:3B:88","6/8/2026 1:56:12 PM","SC; All; สพม.นครราชสีมา; จักราชวิทยา; SC_จักราชวิทยา","รร.จักราชวิทยา"
"F6PP7KWP94","SC550","จักราชวิทยา_SC550","จักราชวิทยา_SC550_F6PP7KWP94","Student_110_1030201383","Student110","Admin","obec68zone1@obec.org","iPad (A16) (Wi-Fi + Cellular 128 GB Silver)","26.5.0","357879850168861","AC:82:F0:9D:D2:72","6/8/2026 1:56:11 PM","SC; All; สพม.นครราชสีมา; จักราชวิทยา; SC_จักราชวิทยา","รร.จักราชวิทยา"
"G9QK9FRJPC","SC243","จักราชวิทยา_SC243","จักราชวิทยา_SC243_G9QK9FRJPC","Student_49_1030201383","Student49","Admin","obec68zone1@obec.org","iPad (A16) (Wi-Fi + Cellular 128 GB Silver)","26.1.0","357879850448263","AC:82:F0:99:8F:C5","6/8/2026 1:56:11 PM","SC; All; สพม.นครราชสีมา; จักราชวิทยา; SC_จักราชวิทยา","รร.จักราชวิทยา"
"M0066D7TD4","SC46","จักราชวิทยา_SC46","จักราชวิทยา_SC46_M0066D7TD4","Student_10_1030201383","Student10","Admin","obec68zone1@obec.org","iPad (A16) (Wi-Fi + Cellular 128 GB Silver)","26.5.0","357585650939191","AC:82:F0:A5:A5:6B","6/8/2026 1:56:11 PM","SC; All; สพม.นครราชสีมา; จักราชวิทยา; SC_จักราชวิทยา","รร.จักราชวิทยา"
"H96JFR96RM","SC258","จักราชวิทยา_SC258","จักราชวิทยา_SC258_H96JFR96RM","Student_52_1030201383","Student52","Admin","obec68zone1@obec.org","iPad (A16) (Wi-Fi + Cellular 128 GB Silver)","26.1.0","357879850912441","AC:82:F0:A5:F0:1A","6/8/2026 1:56:11 PM","SC; All; สพม.นครราชสีมา; จักราชวิทยา; SC_จักราชวิทยา","รร.จักราชวิทยา"
"HHJXJJMFMC","SC178","จักราชวิทยา_SC178","จักราชวิทยา_SC178_HHJXJJMFMC","Student_36_1030201383","Student36","Admin","obec68zone1@obec.org","iPad (A16) (Wi-Fi + Cellular 128 GB Silver)","26.3.1","357585650505505","AC:82:F0:A0:6B:F5","6/8/2026 1:56:11 PM","SC; All; สพม.นครราชสีมา; จักราชวิทยา; SC_จักราชวิทยา","รร.จักราชวิทยา"
"JHG9XP65PW","SC04","จักราชวิทยา_SC04","จักราชวิทยา_SC04_JHG9XP65PW","Student_01_1030201383","Student01","Admin","obec68zone1@obec.org","iPad (A16) (Wi-Fi + Cellular 128 GB Silver)","26.5.0","357879850738812","AC:82:F0:AA:02:FA","6/8/2026 1:56:11 PM","SC; All; สพม.นครราชสีมา; จักราชวิทยา; SC_จักราชวิทยา","รร.จักราชวิทยา"
"F7PDHVH9RN","SC106","จักราชวิทยา_SC106","จักราชวิทยา_SC106_F7PDHVH9RN","Student_22_1030201383","Student22","Admin","obec68zone1@obec.org","iPad (A16) (Wi-Fi + Cellular 128 GB Silver)","26.5.0","357879850314531","AC:82:F0:9E:8A:7D","6/8/2026 1:56:11 PM","SC; All; สพม.นครราชสีมา; จักราชวิทยา; SC_จักราชวิทยา","รร.จักราชวิทยา"
"DFDWM6706X","TC47","จักราชวิทยา_TC47","จักราชวิทยา_TC47_DFDWM6706X","Teacher_10_1030201383","Teacher10","Admin","obec68zone1@obec.org","iPad (A16) (Wi-Fi + Cellular 128 GB Silver)","26.5.0","357879850803962","AC:82:F0:A0:B9:5F","6/8/2026 1:56:05 PM","TC; All; สพม.นครราชสีมา; TC_จักราชวิทยา; จักราชวิทยา","รร.จักราชวิทยา"
"JX3PM7656T","TC102","จักราชวิทยา_TC102","จักราชวิทยา_TC102_JX3PM7656T","Teacher_21_1030201383","Teacher21","Admin","obec68zone1@obec.org","iPad (A16) (Wi-Fi + Cellular 128 GB Silver)","26.3.1 (a)","357879850220530","AC:82:F0:A4:73:B5","6/8/2026 1:55:16 PM","TC; All; สพม.นครราชสีมา; TC_จักราชวิทยา; จักราชวิทยา","รร.จักราชวิทยา"
"LYVNQLP43M","SC575","จักราชวิทยา_SC575","จักราชวิทยา_SC575_LYVNQLP43M","Student_115_1030201383","Student115","Admin","obec68zone1@obec.org","iPad (A16) (Wi-Fi + Cellular 128 GB Silver)","26.5.0","357879850811098","AC:82:F0:9A:5E:1D","6/8/2026 1:55:12 PM","SC; All; สพม.นครราชสีมา; จักราชวิทยา; SC_จักราชวิทยา","รร.จักราชวิทยา"
"HY60P7129H","SC270","จักราชวิทยา_SC270","จักราชวิทยา_SC270_HY60P7129H","Student_54_1030201383","Student54","Admin","obec68zone1@obec.org","iPad (A16) (Wi-Fi + Cellular 128 GB Silver)","26.5.0","357879850966389","AC:82:F0:AA:55:E6","6/8/2026 1:54:47 PM","SC; All; สพม.นครราชสีมา; จักราชวิทยา; SC_จักราชวิทยา","รร.จักราชวิทยา"
"HGH605G7CN","SC847","จักราชวิทยา_SC847","จักราชวิทยา_SC847_HGH605G7CN","Student_170_1030201383","Student170","Admin","obec68zone1@obec.org","iPad (A16) (Wi-Fi + Cellular 128 GB Silver)","26.5.0","357879850515939","AC:82:F0:A3:6F:B4","6/8/2026 1:54:37 PM","SC; All; สพม.นครราชสีมา; จักราชวิทยา; SC_จักราชวิทยา","รร.จักราชวิทยา"
"H2JVWGWLV4","SC448","จักราชวิทยา_SC448","จักราชวิทยา_SC448_H2JVWGWLV4","Student_90_1030201383","Student90","Admin","obec68zone1@obec.org","iPad (A16) (Wi-Fi + Cellular 128 GB Silver)","26.5.0","357879850840980","AC:82:F0:A0:C0:FC","6/8/2026 1:54:33 PM","SC; All; สพม.นครราชสีมา; จักราชวิทยา; SC_จักราชวิทยา","รร.จักราชวิทยา"
"M91XJNDWH3","SC675","จักราชวิทยา_SC675","จักราชวิทยา_SC675_M91XJNDWH3","Student_135_1030201383","Student135","Admin","obec68zone1@obec.org","iPad (A16) (Wi-Fi + Cellular 128 GB Silver)","26.5.0","357879850600772","AC:82:F0:9F:7C:98","6/8/2026 1:53:57 PM","SC; All; สพม.นครราชสีมา; จักราชวิทยา; SC_จักราชวิทยา","รร.จักราชวิทยา"
"C4VV6607Q2","SC205","จักราชวิทยา_SC205","จักราชวิทยา_SC205_C4VV6607Q2","Student_41_1030201383","Student41","Admin","obec68zone1@obec.org","iPad (A16) (Wi-Fi + Cellular 128 GB Silver)","26.5.0","357879850683398","AC:82:F0:A6:F9:FA","6/8/2026 1:53:40 PM","SC; All; สพม.นครราชสีมา; จักราชวิทยา; SC_จักราชวิทยา","รร.จักราชวิทยา"
"CY6N7W6DQR","SC1063","จักราชวิทยา_SC1063","จักราชวิทยา_SC1063_CY6N7W6DQR","Student_213_1030201383","Student213","Admin","obec68zone1@obec.org","iPad (A16) (Wi-Fi + Cellular 128 GB Silver)","26.5.0","357879850402690","AC:82:F0:9E:99:FC","6/8/2026 1:53:34 PM","SC; All; สพม.นครราชสีมา; จักราชวิทยา; SC_จักราชวิทยา","รร.จักราชวิทยา"
"DVP37LXWHC","SC529","จักราชวิทยา_SC529","จักราชวิทยา_SC529_DVP37LXWHC","Student_106_1030201383","Student106","Admin","obec68zone1@obec.org","iPad (A16) (Wi-Fi + Cellular 128 GB Silver)","26.5.0","357879850791001","AC:82:F0:A1:1D:E6","6/8/2026 1:53:04 PM","SC; All; สพม.นครราชสีมา; จักราชวิทยา; SC_จักราชวิทยา","รร.จักราชวิทยา"
"CL4QYVGXF0","SC969","จักราชวิทยา_SC969","จักราชวิทยา_SC969_CL4QYVGXF0","Student_194_1030201383","Student194","Admin","obec68zone1@obec.org","iPad","26.1.0","35 787985 081553 7","AC:82:F0:9C:BD:B3","6/8/2026 1:52:57 PM","","รร.จักราชวิทยา"
"LT9PGPRYWT","SC879","จักราชวิทยา_SC879","จักราชวิทยา_SC879_LT9PGPRYWT","Student_176_1030201383","Student176","Admin","obec68zone1@obec.org","iPad (A16) (Wi-Fi + Cellular 128 GB Silver)","26.5.0","357879850953072","AC:82:F0:AA:35:D0","6/8/2026 1:52:53 PM","SC; All; สพม.นครราชสีมา; จักราชวิทยา; SC_จักราชวิทยา","รร.จักราชวิทยา"
"DY2LMXFNWQ","SC213","จักราชวิทยา_SC213","จักราชวิทยา_SC213_DY2LMXFNWQ","Student_43_1030201383","Student43","Admin","obec68zone1@obec.org","iPad (A16) (Wi-Fi + Cellular 128 GB Silver)","26.5.0","357585650613366","AC:82:F0:98:CC:13","6/8/2026 1:51:47 PM","SC; All; สพม.นครราชสีมา; จักราชวิทยา; SC_จักราชวิทยา","รร.จักราชวิทยา"
"H2G2QDK9LQ","SC911","จักราชวิทยา_SC911","จักราชวิทยา_SC911_H2G2QDK9LQ","Student_183_1030201383","Student183","Admin","obec68zone1@obec.org","iPad (A16) (Wi-Fi + Cellular 128 GB Silver)","26.5.0","357879850169653","AC:82:F0:9F:D8:FA","6/8/2026 1:51:19 PM","SC; All; สพม.นครราชสีมา; จักราชวิทยา; SC_จักราชวิทยา","รร.จักราชวิทยา"
"KG404H6270","SC862","จักราชวิทยา_SC862","จักราชวิทยา_SC862_KG404H6270","Student_173_1030201383","Student173","Admin","obec68zone1@obec.org","iPad (A16) (Wi-Fi + Cellular 128 GB Silver)","26.5.0","357879850808565","AC:82:F0:A6:A3:70","6/8/2026 1:51:18 PM","SC; All; สพม.นครราชสีมา; จักราชวิทยา; SC_จักราชวิทยา","รร.จักราชวิทยา"
"M54THR42TH","SC1029","จักราชวิทยา_SC1029","จักราชวิทยา_SC1029_M54THR42TH","Student_206_1030201383","Student206","Admin","obec68zone1@obec.org","iPad (A16) (Wi-Fi + Cellular 128 GB Silver)","26.5.0","357879850211646","AC:82:F0:9A:4D:45","6/8/2026 1:51:18 PM","SC; All; สพม.นครราชสีมา; จักราชวิทยา; SC_จักราชวิทยา","รร.จักราชวิทยา"
"FJWQYMH20T","SC917","จักราชวิทยา_SC917","จักราชวิทยา_SC917_FJWQYMH20T","Student_184_1030201383","Student184","Admin","obec68zone1@obec.org","iPad (A16) (Wi-Fi + Cellular 128 GB Silver)","26.5.0","357879850078243","AC:82:F0:A9:11:40","6/8/2026 1:51:18 PM","SC; All; สพม.นครราชสีมา; จักราชวิทยา; SC_จักราชวิทยา","รร.จักราชวิทยา"
"JQY2TKHXR1","SC1002","จักราชวิทยา_SC1002","จักราชวิทยา_SC1002_JQY2TKHXR1","Student_201_1030201383","Student201","Admin","obec68zone1@obec.org","iPad (A16) (Wi-Fi + Cellular 128 GB Silver)","26.5.0","357879850899739","AC:82:F0:9A:C1:2D","6/8/2026 1:51:17 PM","SC; All; สพม.นครราชสีมา; จักราชวิทยา; SC_จักราชวิทยา","รร.จักราชวิทยา"
"HPQ744HHDQ","SC971","จักราชวิทยา_SC971","จักราชวิทยา_SC971_HPQ744HHDQ","Student_195_1030201383","Student195","Admin","obec68zone1@obec.org","iPad (A16) (Wi-Fi + Cellular 128 GB Silver)","26.5.0","357879850669280","AC:82:F0:9E:A8:CD","6/8/2026 1:51:17 PM","SC; All; สพม.นครราชสีมา; จักราชวิทยา; SC_จักราชวิทยา","รร.จักราชวิทยา"
"F6G47CW24R","SC614","จักราชวิทยา_SC614","จักราชวิทยา_SC614_F6G47CW24R","Student_123_1030201383","Student123","Admin","obec68zone1@obec.org","iPad (A16) (Wi-Fi + Cellular 128 GB Silver)","26.5.0","357879850914413","AC:82:F0:A9:C7:78","6/8/2026 1:51:16 PM","SC; All; สพม.นครราชสีมา; จักราชวิทยา; SC_จักราชวิทยา","รร.จักราชวิทยา"
"C9GG2D69WP","SC611","จักราชวิทยา_SC611","จักราชวิทยา_SC611_C9GG2D69WP","Student_123_1030201383","Student123","Admin","obec68zone1@obec.org","iPad (A16) (Wi-Fi + Cellular 128 GB Silver)","26.5.0","357879850533247","AC:82:F0:9C:CB:63","6/8/2026 1:51:16 PM","SC; All; สพม.นครราชสีมา; จักราชวิทยา; SC_จักราชวิทยา","รร.จักราชวิทยา"
"FXPJHXCQ96","SC396","จักราชวิทยา_SC396","จักราชวิทยา_SC396_FXPJHXCQ96","Student_80_1030201383","Student80","Admin","obec68zone1@obec.org","iPad (A16) (Wi-Fi + Cellular 128 GB Silver)","26.5.0","357879850792199","AC:82:F0:99:21:EF","6/8/2026 1:51:15 PM","SC; All; สพม.นครราชสีมา; จักราชวิทยา; SC_จักราชวิทยา","รร.จักราชวิทยา"
"G335255491","SC692","จักราชวิทยา_SC692","จักราชวิทยา_SC692_G335255491","Student_139_1030201383","Student139","Admin","obec68zone1@obec.org","iPad (A16) (Wi-Fi + Cellular 128 GB Silver)","26.5.0","357879850757325","AC:82:F0:A5:77:D1","6/8/2026 1:51:15 PM","SC; All; สพม.นครราชสีมา; จักราชวิทยา; SC_จักราชวิทยา","รร.จักราชวิทยา"
"MWY4T6TK9M","SC70","จักราชวิทยา_SC70","จักราชวิทยา_SC70_MWY4T6TK9M","Student_14_1030201383","Student14","Admin","obec68zone1@obec.org","iPad (A16) (Wi-Fi + Cellular 128 GB Silver)","26.5.0","357585650769697","AC:82:F0:A0:7E:FC","6/8/2026 1:51:15 PM","SC; All; สพม.นครราชสีมา; จักราชวิทยา; SC_จักราชวิทยา","รร.จักราชวิทยา"
"L3Q30NJFM7","SC393","จักราชวิทยา_SC393","จักราชวิทยา_SC393_L3Q30NJFM7","Student_79_1030201383","Student79","Admin","obec68zone1@obec.org","iPad (A16) (Wi-Fi + Cellular 128 GB Silver)","26.5.0","357879850748522","AC:82:F0:99:DD:6E","6/8/2026 1:51:15 PM","SC; All; สพม.นครราชสีมา; จักราชวิทยา; SC_จักราชวิทยา","รร.จักราชวิทยา"
"DWK2KJRRCY","SC159","จักราชวิทยา_SC159","จักราชวิทยา_SC159_DWK2KJRRCY","Student_32_1030201383","Student32","Admin","obec68zone1@obec.org","iPad (A16) (Wi-Fi + Cellular 128 GB Silver)","26.5.0","357879850910098","AC:82:F0:9A:13:89","6/8/2026 1:51:15 PM","SC; All; สพม.นครราชสีมา; จักราชวิทยา; SC_จักราชวิทยา","รร.จักราชวิทยา"
"M90JMFX6C0","SC27","จักราชวิทยา_SC27","จักราชวิทยา_SC27_M90JMFX6C0","Student_06_1030201383","Student06","Admin","obec68zone1@obec.org","iPad (A16) (Wi-Fi + Cellular 128 GB Silver)","26.5.0","357879850870573","AC:82:F0:AE:18:F7","6/8/2026 1:51:15 PM","SC; All; สพม.นครราชสีมา; จักราชวิทยา; SC_จักราชวิทยา","รร.จักราชวิทยา"
"JQ44MQ2X23","SC218","จักราชวิทยา_SC218","จักราชวิทยา_SC218_JQ44MQ2X23","Student_44_1030201383","Student44","Admin","obec68zone1@obec.org","iPad (A16) (Wi-Fi + Cellular 128 GB Silver)","26.1.0","357879850768777","AC:82:F0:98:E9:06","6/8/2026 1:51:14 PM","SC; All; สพม.นครราชสีมา; จักราชวิทยา; SC_จักราชวิทยา","รร.จักราชวิทยา"
"CY4MY65G2M","SC201","จักราชวิทยา_SC201","จักราชวิทยา_SC201_CY4MY65G2M","Student_41_1030201383","Student41","Admin","obec68zone1@obec.org","iPad (A16) (Wi-Fi + Cellular 128 GB Silver)","26.5.0","357879850985074","AC:82:F0:AB:0F:8F","6/8/2026 1:51:14 PM","SC; All; สพม.นครราชสีมา; จักราชวิทยา; SC_จักราชวิทยา","รร.จักราชวิทยา"
"CL6LX4J0J3","SC348","จักราชวิทยา_SC348","จักราชวิทยา_SC348_CL6LX4J0J3","Student_70_1030201383","Student70","Admin","obec68zone1@obec.org","iPad (A16) (Wi-Fi + Cellular 128 GB Silver)","26.5.0","357879850640786","AC:82:F0:A7:61:F5","6/8/2026 1:51:14 PM","SC; All; สพม.นครราชสีมา; จักราชวิทยา; SC_จักราชวิทยา","รร.จักราชวิทยา"
"CJCY6W7X6L","SC176","จักราชวิทยา_SC176","จักราชวิทยา_SC176_CJCY6W7X6L","Student_36_1030201383","Student36","Admin","obec68zone1@obec.org","iPad (A16) (Wi-Fi + Cellular 128 GB Silver)","26.5.0","357585650180960","AC:82:F0:A8:DE:5B","6/8/2026 1:51:14 PM","SC; All; สพม.นครราชสีมา; จักราชวิทยา; SC_จักราชวิทยา","รร.จักราชวิทยา"
"KF6NKJ91Q7","SC66","จักราชวิทยา_SC66","จักราชวิทยา_SC66_KF6NKJ91Q7","Student_14_1030201383","Student14","Admin","obec68zone1@obec.org","iPad (A16) (Wi-Fi + Cellular 128 GB Silver)","26.5.0","357585650917445","AC:82:F0:A4:76:8F","6/8/2026 1:51:13 PM","SC; All; สพม.นครราชสีมา; จักราชวิทยา; SC_จักราชวิทยา","รร.จักราชวิทยา"
"HD66JWG6C9","TC49","จักราชวิทยา_TC49","จักราชวิทยา_TC49_HD66JWG6C9","Teacher_10_1030201383","Teacher10","Admin","obec68zone1@obec.org","iPad (A16) (Wi-Fi + Cellular 128 GB Silver)","26.5.0","357879850987930","AC:82:F0:A3:E8:77","6/8/2026 1:51:05 PM","TC; All; สพม.นครราชสีมา; TC_จักราชวิทยา; จักราชวิทยา","รร.จักราชวิทยา"
"CVPXQDP45P","SC454","จักราชวิทยา_SC454","จักราชวิทยา_SC454_CVPXQDP45P","Student_91_1030201383","Student91","Admin","obec68zone1@obec.org","iPad (A16) (Wi-Fi + Cellular 128 GB Silver)","26.5.0","357879850627718","AC:82:F0:AA:FE:93","6/8/2026 1:50:23 PM","SC; All; สพม.นครราชสีมา; จักราชวิทยา; SC_จักราชวิทยา","รร.จักราชวิทยา"
"L93L5WW1CV","SC55","จักราชวิทยา_SC55","จักราชวิทยา_SC55_L93L5WW1CV","Student_11_1030201383","Student11","Admin","obec68zone1@obec.org","iPad (A16) (Wi-Fi + Cellular 128 GB Silver)","26.5.0","357879850770120","AC:82:F0:A6:AB:36","6/8/2026 1:50:17 PM","SC; All; สพม.นครราชสีมา; จักราชวิทยา; SC_จักราชวิทยา","รร.จักราชวิทยา"
"F2J40RYFPT","SC809","จักราชวิทยา_SC809","จักราชวิทยา_SC809_F2J40RYFPT","Student_162_1030201383","Student162","Admin","obec68zone1@obec.org","iPad (A16) (Wi-Fi + Cellular 128 GB Silver)","26.5.0","357879850323912","AC:82:F0:9A:2C:70","6/8/2026 1:49:49 PM","SC; All; สพม.นครราชสีมา; จักราชวิทยา; SC_จักราชวิทยา","รร.จักราชวิทยา"
"CW7694PKHY","SC429","จักราชวิทยา_SC429","จักราชวิทยา_SC429_CW7694PKHY","Student_86_1030201383","Student86","Admin","obec68zone1@obec.org","iPad (A16) (Wi-Fi + Cellular 128 GB Silver)","26.5.0","357879850693231","AC:82:F0:A7:BD:A4","6/8/2026 1:48:44 PM","SC; All; สพม.นครราชสีมา; จักราชวิทยา; SC_จักราชวิทยา","รร.จักราชวิทยา"
"L00F7D57L2","TC77","จักราชวิทยา_TC77","จักราชวิทยา_TC77_L00F7D57L2","Teacher_16_1030201383","Teacher16","Admin","obec68zone1@obec.org","iPad (A16) (Wi-Fi + Cellular 128 GB Silver)","26.5.0","357879850224268","AC:82:F0:99:DB:13","6/8/2026 1:48:36 PM","TC; All; สพม.นครราชสีมา; TC_จักราชวิทยา; จักราชวิทยา","รร.จักราชวิทยา"
"MCYTG9691D","SC811","จักราชวิทยา_SC811","จักราชวิทยา_SC811_MCYTG9691D","Student_163_1030201383","Student163","Admin","obec68zone1@obec.org","iPad (A16) (Wi-Fi + Cellular 128 GB Silver)","26.5.0","357879850147295","AC:82:F0:A2:35:43","6/8/2026 1:47:48 PM","SC; All; สพม.นครราชสีมา; จักราชวิทยา; SC_จักราชวิทยา","รร.จักราชวิทยา"
"JNV74FM64K","SC931","จักราชวิทยา_SC931","จักราชวิทยา_SC931_JNV74FM64K","Student_187_1030201383","Student187","Admin","obec68zone1@obec.org","iPad (A16) (Wi-Fi + Cellular 128 GB Silver)","26.5.0","357879850569001","AC:82:F0:9F:12:2B","6/8/2026 1:47:44 PM","SC; All; สพม.นครราชสีมา; จักราชวิทยา; SC_จักราชวิทยา","รร.จักราชวิทยา"
"MKG2H59K02","SC313","จักราชวิทยา_SC313","จักราชวิทยา_SC313_MKG2H59K02","Student_63_1030201383","Student63","Admin","obec68zone1@obec.org","iPad (A16) (Wi-Fi + Cellular 128 GB Silver)","26.5.0","357879850858453","AC:82:F0:A7:1E:4C","6/8/2026 1:47:34 PM","SC; All; สพม.นครราชสีมา; จักราชวิทยา; SC_จักราชวิทยา","รร.จักราชวิทยา"
"K7G5V7734F","SC754","จักราชวิทยา_SC754","จักราชวิทยา_SC754_K7G5V7734F","Student_151_1030201383","Student151","Admin","obec68zone1@obec.org","iPad (A16) (Wi-Fi + Cellular 128 GB Silver)","26.5.0","357879850271129","AC:82:F0:A0:6D:E2","6/8/2026 1:47:25 PM","SC; All; สพม.นครราชสีมา; จักราชวิทยา; SC_จักราชวิทยา","รร.จักราชวิทยา"
"D2NWM17PJY","SC548","จักราชวิทยา_SC548","จักราชวิทยา_SC548_D2NWM17PJY","Student_110_1030201383","Student110","Admin","obec68zone1@obec.org","iPad (A16) (Wi-Fi + Cellular 128 GB Silver)","26.5.0","357879850794724","AC:82:F0:9F:73:A6","6/8/2026 1:46:59 PM","SC; All; สพม.นครราชสีมา; จักราชวิทยา; SC_จักราชวิทยา","รร.จักราชวิทยา"
"CQ7W6KJLC6","SC591","จักราชวิทยา_SC591","จักราชวิทยา_SC591_CQ7W6KJLC6","Student_119_1030201383","Student119","Admin","obec68zone1@obec.org","iPad (A16) (Wi-Fi + Cellular 128 GB Silver)","26.1.0","357879850227527","AC:82:F0:A6:A8:95","6/8/2026 1:46:49 PM","SC; All; สพม.นครราชสีมา; จักราชวิทยา; SC_จักราชวิทยา","รร.จักราชวิทยา"
"HYFPY16WWJ","SC134","จักราชวิทยา_SC134","จักราชวิทยา_SC134_HYFPY16WWJ","Student_27_1030201383","Student27","Admin","obec68zone1@obec.org","iPad (A16) (Wi-Fi + Cellular 128 GB Silver)","26.3.1","357879850445806","AC:82:F0:A7:83:7D","6/8/2026 1:46:45 PM","SC; All; สพม.นครราชสีมา; จักราชวิทยา; SC_จักราชวิทยา","รร.จักราชวิทยา"
"L3K7L6J7ND","SC813","จักราชวิทยา_SC813","จักราชวิทยา_SC813_L3K7L6J7ND","Student_163_1030201383","Student163","Admin","obec68zone1@obec.org","iPad (A16) (Wi-Fi + Cellular 128 GB Silver)","26.5.0","357879850629029","AC:82:F0:AC:63:D8","6/8/2026 1:46:29 PM","SC; All; สพม.นครราชสีมา; จักราชวิทยา; SC_จักราชวิทยา","รร.จักราชวิทยา"
"CNG3PD2JK0","TC123","จักราชวิทยา_TC123","จักราชวิทยา_TC123_CNG3PD2JK0","Teacher_25_1030201383","Teacher25","Admin","obec68zone1@obec.org","iPad (A16) (Wi-Fi + Cellular 128 GB Silver)","26.5.0","357879850549417","AC:82:F0:A5:1F:90","6/8/2026 1:46:25 PM","TC; All; สพม.นครราชสีมา; TC_จักราชวิทยา; จักราชวิทยา","รร.จักราชวิทยา"
"K619MFWM96","SC1050","จักราชวิทยา_SC1050","จักราชวิทยา_SC1050_K619MFWM96","Student_210_1030201383","Student210","Admin","obec68zone1@obec.org","iPad (A16) (Wi-Fi + Cellular 128 GB Silver)","26.1.0","357879850504784","AC:82:F0:9E:77:6C","6/8/2026 1:46:23 PM","SC; All; สพม.นครราชสีมา; จักราชวิทยา; SC_จักราชวิทยา","รร.จักราชวิทยา"
"DT2G6TWK0P","SC423","จักราชวิทยา_SC423","จักราชวิทยา_SC423_DT2G6TWK0P","Student_85_1030201383","Student85","Admin","obec68zone1@obec.org","iPad (A16) (Wi-Fi + Cellular 128 GB Silver)","26.5.0","357879850901055","AC:82:F0:A3:F9:E2","6/8/2026 1:46:22 PM","SC; All; สพม.นครราชสีมา; จักราชวิทยา; SC_จักราชวิทยา","รร.จักราชวิทยา"
"K9R62Q9HTP","SC968","จักราชวิทยา_SC968","จักราชวิทยา_SC968_K9R62Q9HTP","Student_194_1030201383","Student194","Admin","obec68zone1@obec.org","iPad (A16) (Wi-Fi + Cellular 128 GB Silver)","26.5.0","357879850772555","AC:82:F0:A5:DE:C7","6/8/2026 1:46:22 PM","SC; All; สพม.นครราชสีมา; จักราชวิทยา; SC_จักราชวิทยา","รร.จักราชวิทยา"
"LVPMQQWL25","SC506","จักราชวิทยา_SC506","จักราชวิทยา_SC506_LVPMQQWL25","Student_102_1030201383","Student102","Admin","obec68zone1@obec.org","iPad (A16) (Wi-Fi + Cellular 128 GB Silver)","26.5.0","357879850524121","AC:82:F0:9E:1A:9D","6/8/2026 1:46:21 PM","SC; All; สพม.นครราชสีมา; จักราชวิทยา; SC_จักราชวิทยา","รร.จักราชวิทยา"
"M6435HHCYM","SC1067","จักราชวิทยา_SC1067","จักราชวิทยา_SC1067_M6435HHCYM","Student_214_1030201383","Student214","Admin","obec68zone1@obec.org","iPad (A16) (Wi-Fi + Cellular 128 GB Silver)","26.5.0","357879850682069","AC:82:F0:A5:4C:11","6/8/2026 1:46:21 PM","SC; All; สพม.นครราชสีมา; จักราชวิทยา; SC_จักราชวิทยา","รร.จักราชวิทยา"
"KT69477WC5","SC1101","จักราชวิทยา_SC1101","จักราชวิทยา_SC1101_KT69477WC5","Student_221_1030201383","Student221","Admin","obec68zone1@obec.org","iPad (A16) (Wi-Fi + Cellular 128 GB Silver)","26.5.0","357879850289634","AC:82:F0:9B:49:DF","6/8/2026 1:46:20 PM","SC; All; สพม.นครราชสีมา; จักราชวิทยา; SC_จักราชวิทยา","รร.จักราชวิทยา"
"C4JWR46D0W","SC590","จักราชวิทยา_SC590","จักราชวิทยา_SC590_C4JWR46D0W","Student_118_1030201383","Student118","Admin","obec68zone1@obec.org","iPad (A16) (Wi-Fi + Cellular 128 GB Silver)","26.5.0","357879850085685","AC:82:F0:A4:0E:46","6/8/2026 1:46:18 PM","SC; All; สพม.นครราชสีมา; จักราชวิทยา; SC_จักราชวิทยา","รร.จักราชวิทยา"
"LC6NTWQ93D","SC617","จักราชวิทยา_SC617","จักราชวิทยา_SC617_LC6NTWQ93D","Student_124_1030201383","Student124","Admin","obec68zone1@obec.org","iPad (A16) (Wi-Fi + Cellular 128 GB Silver)","26.5.0","357879850871571","AC:82:F0:99:7D:49","6/8/2026 1:46:18 PM","SC; All; สพม.นครราชสีมา; จักราชวิทยา; SC_จักราชวิทยา","รร.จักราชวิทยา"
"G74RR44MDJ","SC407","จักราชวิทยา_SC407","จักราชวิทยา_SC407_G74RR44MDJ","Student_82_1030201383","Student82","Admin","obec68zone1@obec.org","iPad (A16) (Wi-Fi + Cellular 128 GB Silver)","26.5.0","357879850758505","AC:82:F0:A7:35:54","6/8/2026 1:46:17 PM","SC; All; สพม.นครราชสีมา; จักราชวิทยา; SC_จักราชวิทยา","รร.จักราชวิทยา"
"LRF969DTWD","SC555","จักราชวิทยา_SC555","จักราชวิทยา_SC555_LRF969DTWD","Student_111_1030201383","Student111","Admin","obec68zone1@obec.org","iPad (A16) (Wi-Fi + Cellular 128 GB Silver)","26.5.0","357879850645249","AC:82:F0:99:CE:61","6/8/2026 1:46:17 PM","SC; All; สพม.นครราชสีมา; จักราชวิทยา; SC_จักราชวิทยา","รร.จักราชวิทยา"
"H6F2VF7YYG","SC247","จักราชวิทยา_SC247","จักราชวิทยา_SC247_H6F2VF7YYG","Student_50_1030201383","Student50","Admin","obec68zone1@obec.org","iPad (A16) (Wi-Fi + Cellular 128 GB Silver)","26.1.0","357879850960382","AC:82:F0:9D:C9:79","6/8/2026 1:46:16 PM","SC; All; สพม.นครราชสีมา; จักราชวิทยา; SC_จักราชวิทยา","รร.จักราชวิทยา"
"J9TW966V7F","SC558","จักราชวิทยา_SC558","จักราชวิทยา_SC558_J9TW966V7F","Student_112_1030201383","Student112","Admin","obec68zone1@obec.org","iPad (A16) (Wi-Fi + Cellular 128 GB Silver)","26.5.0","357879850795879","AC:82:F0:A1:17:AF","6/8/2026 1:46:16 PM","SC; All; สพม.นครราชสีมา; จักราชวิทยา; SC_จักราชวิทยา","รร.จักราชวิทยา"
"K6T9W563XY","SC544","จักราชวิทยา_SC544","จักราชวิทยา_SC544_K6T9W563XY","Student_109_1030201383","Student109","Admin","obec68zone1@obec.org","iPad (A16) (Wi-Fi + Cellular 128 GB Silver)","26.5.0","357879850397759","AC:82:F0:9A:46:04","6/8/2026 1:46:16 PM","SC; All; สพม.นครราชสีมา; จักราชวิทยา; SC_จักราชวิทยา","รร.จักราชวิทยา"
"DXHH7JVMYN","TC84","จักราชวิทยา_TC84","จักราชวิทยา_TC84_DXHH7JVMYN","Teacher_17_1030201383","Teacher17","Admin","obec68zone1@obec.org","iPad (A16) (Wi-Fi + Cellular 128 GB Silver)","26.5.0","357879850439460","AC:82:F0:A2:EC:04","6/8/2026 1:46:15 PM","TC; All; สพม.นครราชสีมา; TC_จักราชวิทยา; จักราชวิทยา","รร.จักราชวิทยา"
"MQFWGX70KK","TC40","จักราชวิทยา_TC40","จักราชวิทยา_TC40_MQFWGX70KK","Teacher_08_1030201383","Teacher08","Admin","obec68zone1@obec.org","iPad (A16) (Wi-Fi + Cellular 128 GB Silver)","26.4.1","357879850976016","AC:82:F0:A9:79:E9","6/8/2026 1:46:08 PM","TC; All; สพม.นครราชสีมา; TC_จักราชวิทยา; จักราชวิทยา","รร.จักราชวิทยา"
"MH6C0FNVXL","TC116","จักราชวิทยา_TC116","จักราชวิทยา_TC116_MH6C0FNVXL","Teacher_24_1030201383","Teacher24","Admin","obec68zone1@obec.org","iPad (A16) (Wi-Fi + Cellular 128 GB Silver)","26.5.0","357879850437258","AC:82:F0:A6:28:B2","6/8/2026 1:46:07 PM","TC; All; สพม.นครราชสีมา; TC_จักราชวิทยา; จักราชวิทยา","รร.จักราชวิทยา"
"KQ3W3LQG3G","SC780","จักราชวิทยา_SC780","จักราชวิทยา_SC780_KQ3W3LQG3G","Student_156_1030201383","Student156","Admin","obec68zone1@obec.org","iPad (A16) (Wi-Fi + Cellular 128 GB Silver)","26.5.0","357879850667102","AC:82:F0:A4:40:24","6/8/2026 1:45:59 PM","SC; All; สพม.นครราชสีมา; จักราชวิทยา; SC_จักราชวิทยา","รร.จักราชวิทยา"
"DXV704V74Q","SC561","จักราชวิทยา_SC561","จักราชวิทยา_SC561_DXV704V74Q","Student_113_1030201383","Student113","Admin","obec68zone1@obec.org","iPad (A16) (Wi-Fi + Cellular 128 GB Silver)","26.5.0","357879850768645","AC:82:F0:9B:A5:F2","6/8/2026 1:45:51 PM","SC; All; สพม.นครราชสีมา; จักราชวิทยา; SC_จักราชวิทยา","รร.จักราชวิทยา"
"MGVHQ2K343","SC127","จักราชวิทยา_SC127","จักราชวิทยา_SC127_MGVHQ2K343","Student_26_1030201383","Student26","Admin","obec68zone1@obec.org","iPad (A16) (Wi-Fi + Cellular 128 GB Silver)","26.1.0","357879850849858","AC:82:F0:9C:91:B8","6/8/2026 1:45:46 PM","SC; All; สพม.นครราชสีมา; จักราชวิทยา; SC_จักราชวิทยา","รร.จักราชวิทยา"
"MHG7MGYC41","SC974","จักราชวิทยา_SC974","จักราชวิทยา_SC974_MHG7MGYC41","Student_195_1030201383","Student195","Admin","obec68zone1@obec.org","iPad (A16) (Wi-Fi + Cellular 128 GB Silver)","26.5.0","357879850907367","AC:82:F0:A2:5B:8F","6/8/2026 1:45:18 PM","SC; All; สพม.นครราชสีมา; จักราชวิทยา; SC_จักราชวิทยา","รร.จักราชวิทยา"
"CLW014VNXH","SC1096","จักราชวิทยา_SC1096","จักราชวิทยา_SC1096_CLW014VNXH","Student_220_1030201383","Student220","Admin","obec68zone1@obec.org","iPad (A16) (Wi-Fi + Cellular 128 GB Silver)","26.5.0","357879850629094","AC:82:F0:A5:AF:6D","6/8/2026 1:44:36 PM","SC; All; สพม.นครราชสีมา; จักราชวิทยา; SC_จักราชวิทยา","รร.จักราชวิทยา"
"FCFX7GR2DK","SC940","จักราชวิทยา_SC940","จักราชวิทยา_SC940_FCFX7GR2DK","Student_188_1030201383","Student188","Admin","obec68zone1@obec.org","iPad (A16) (Wi-Fi + Cellular 128 GB Silver)","26.5.0","357879850999695","AC:82:F0:9C:7C:74","6/8/2026 1:44:15 PM","SC; All; สพม.นครราชสีมา; จักราชวิทยา; SC_จักราชวิทยา","รร.จักราชวิทยา"
"MQH7GJG94Q","SC824","จักราชวิทยา_SC824","จักราชวิทยา_SC824_MQH7GJG94Q","Student_165_1030201383","Student165","Admin","obec68zone1@obec.org","iPad (A16) (Wi-Fi + Cellular 128 GB Silver)","26.5.0","357879850448925","AC:82:F0:A7:EF:30","6/8/2026 1:44:09 PM","SC; All; สพม.นครราชสีมา; จักราชวิทยา; SC_จักราชวิทยา","รร.จักราชวิทยา"
"MH2NR9K2VT","SC175","จักราชวิทยา_SC175","จักราชวิทยา_SC175_MH2NR9K2VT","Student_35_1030201383","Student35","Admin","obec68zone1@obec.org","iPad (A16) (Wi-Fi + Cellular 128 GB Silver)","26.5.0","357585650506966","AC:82:F0:9B:2C:C7","6/8/2026 1:43:15 PM","SC; All; สพม.นครราชสีมา; จักราชวิทยา; SC_จักราชวิทยา","รร.จักราชวิทยา"
"CW41M4N4VW","SC99","จักราชวิทยา_SC99","จักราชวิทยา_SC99_CW41M4N4VW","Student_20_1030201383","Student20","Admin","obec68zone1@obec.org","iPad (A16) (Wi-Fi + Cellular 128 GB Silver)","26.5.0","357585650512014","AC:82:F0:9B:A7:60","6/8/2026 1:43:15 PM","SC; All; สพม.นครราชสีมา; จักราชวิทยา; SC_จักราชวิทยา","รร.จักราชวิทยา"
"DMXJ2V5603","SC1110","จักราชวิทยา_SC1110","จักราชวิทยา_SC1110_DMXJ2V5603","Student_222_1030201383","Student222","Admin","obec68zone1@obec.org","iPad (A16) (Wi-Fi + Cellular 128 GB Silver)","26.5.0","357879850702487","AC:82:F0:AA:9F:D8","6/8/2026 1:43:01 PM","SC; All; สพม.นครราชสีมา; จักราชวิทยา; SC_จักราชวิทยา","รร.จักราชวิทยา"
"MMFHFM07LW","SC783","จักราชวิทยา_SC783","จักราชวิทยา_SC783_MMFHFM07LW","Student_157_1030201383","Student157","Admin","obec68zone1@obec.org","iPad (A16) (Wi-Fi + Cellular 128 GB Silver)","26.5.0","357879850218591","AC:82:F0:AE:97:F9","6/8/2026 1:42:53 PM","SC; All; สพม.นครราชสีมา; จักราชวิทยา; SC_จักราชวิทยา","รร.จักราชวิทยา"
"D7VMVP9W19","SC53","จักราชวิทยา_SC53","จักราชวิทยา_SC53_D7VMVP9W19","Student_11_1030201383","Student11","Admin","obec68zone1@obec.org","iPad (A16) (Wi-Fi + Cellular 128 GB Silver)","26.1.0","357879850231255","AC:82:F0:A4:C3:DE","6/8/2026 1:42:50 PM","SC; All; สพม.นครราชสีมา; จักราชวิทยา; SC_จักราชวิทยา","รร.จักราชวิทยา"
"D2KKGXQ1VJ","SC584","จักราชวิทยา_SC584","จักราชวิทยา_SC584_D2KKGXQ1VJ","Student_117_1030201383","Student117","Admin","obec68zone1@obec.org","iPad (A16) (Wi-Fi + Cellular 128 GB Silver)","26.5.0","357879850784253","AC:82:F0:A4:0A:93","6/8/2026 1:42:49 PM","SC; All; สพม.นครราชสีมา; จักราชวิทยา; SC_จักราชวิทยา","รร.จักราชวิทยา"
"L2KQTX2XP3","SC57","จักราชวิทยา_SC57","จักราชวิทยา_SC57_L2KQTX2XP3","Student_12_1030201383","Student12","Admin","obec68zone1@obec.org","iPad (A16) (Wi-Fi + Cellular 128 GB Silver)","26.5.0","357585650737066","AC:82:F0:A6:73:18","6/8/2026 1:41:58 PM","SC; All; สพม.นครราชสีมา; จักราชวิทยา; SC_จักราชวิทยา","รร.จักราชวิทยา"
"M9HKDYDH97","SC1005","จักราชวิทยา_SC1005","จักราชวิทยา_SC1005_M9HKDYDH97","Student_201_1030201383","Student201","Admin","obec68zone1@obec.org","iPad (A16) (Wi-Fi + Cellular 128 GB Silver)","26.5.0","357879850270840","AC:82:F0:A9:0A:9B","6/8/2026 1:41:52 PM","SC; All; สพม.นครราชสีมา; จักราชวิทยา; SC_จักราชวิทยา","รร.จักราชวิทยา"
"CVMHG2QFNQ","SC960","จักราชวิทยา_SC960","จักราชวิทยา_SC960_CVMHG2QFNQ","Student_192_1030201383","Student192","Admin","obec68zone1@obec.org","iPad (A16) (Wi-Fi + Cellular 128 GB Silver)","26.5.0","357879850551488","AC:82:F0:AD:76:1C","6/8/2026 1:41:21 PM","SC; All; สพม.นครราชสีมา; จักราชวิทยา; SC_จักราชวิทยา","รร.จักราชวิทยา"
"FTGV23H3JC","SC893","จักราชวิทยา_SC893","จักราชวิทยา_SC893_FTGV23H3JC","Student_179_1030201383","Student179","Admin","obec68zone1@obec.org","iPad (A16) (Wi-Fi + Cellular 128 GB Silver)","26.5.0","357879850943644","AC:82:F0:A7:F7:02","6/8/2026 1:41:21 PM","SC; All; สพม.นครราชสีมา; จักราชวิทยา; SC_จักราชวิทยา","รร.จักราชวิทยา"
"CY7G1FJYPN","SC440","จักราชวิทยา_SC440","จักราชวิทยา_SC440_CY7G1FJYPN","Student_88_1030201383","Student88","Admin","obec68zone1@obec.org","iPad (A16) (Wi-Fi + Cellular 128 GB Silver)","26.5.0","357879850912995","AC:82:F0:AB:B5:7F","6/8/2026 1:41:20 PM","SC; All; สพม.นครราชสีมา; จักราชวิทยา; SC_จักราชวิทยา","รร.จักราชวิทยา"
"HD9L9K9T6W","SC414","จักราชวิทยา_SC414","จักราชวิทยา_SC414_HD9L9K9T6W","Student_83_1030201383","Student83","Admin","obec68zone1@obec.org","iPad (A16) (Wi-Fi + Cellular 128 GB Silver)","26.5.0","357879850874450","AC:82:F0:9B:DB:F1","6/8/2026 1:41:19 PM","SC; All; สพม.นครราชสีมา; จักราชวิทยา; SC_จักราชวิทยา","รร.จักราชวิทยา"
"M529CD6VWV","SC425","จักราชวิทยา_SC425","จักราชวิทยา_SC425_M529CD6VWV","Student_85_1030201383","Student85","Admin","obec68zone1@obec.org","iPad (A16) (Wi-Fi + Cellular 128 GB Silver)","26.5.0","357879850866837","AC:82:F0:98:AD:44","6/8/2026 1:41:19 PM","SC; All; สพม.นครราชสีมา; จักราชวิทยา; SC_จักราชวิทยา","รร.จักราชวิทยา"
"LC4YV4C1K2","SC204","จักราชวิทยา_SC204","จักราชวิทยา_SC204_LC4YV4C1K2","Student_41_1030201383","Student41","Admin","obec68zone1@obec.org","iPad (A16) (Wi-Fi + Cellular 128 GB Silver)","26.5.0","357879850734126","AC:82:F0:A8:E0:BA","6/8/2026 1:41:18 PM","SC; All; สพม.นครราชสีมา; จักราชวิทยา; SC_จักราชวิทยา","รร.จักราชวิทยา"
"K4GFC9R4FG","SC599","จักราชวิทยา_SC599","จักราชวิทยา_SC599_K4GFC9R4FG","Student_120_1030201383","Student120","Admin","obec68zone1@obec.org","iPad (A16) (Wi-Fi + Cellular 128 GB Silver)","26.5.0","357879850420130","AC:82:F0:AD:1F:16","6/8/2026 1:41:18 PM","SC; All; สพม.นครราชสีมา; จักราชวิทยา; SC_จักราชวิทยา","รร.จักราชวิทยา"
"CFJYW7XXKR","SC02","จักราชวิทยา_SC02","จักราชวิทยา_SC02_CFJYW7XXKR","Student_01_1030201383","Student01","Admin","obec68zone1@obec.org","iPad (A16) (Wi-Fi + Cellular 128 GB Silver)","26.5.0","357879850345030","AC:82:F0:A8:39:3B","6/8/2026 1:41:17 PM","SC; All; สพม.นครราชสีมา; จักราชวิทยา; SC_จักราชวิทยา","รร.จักราชวิทยา"
"M90CJ34Y0F","SC51","จักราชวิทยา_SC51","จักราชวิทยา_SC51_M90CJ34Y0F","Student_11_1030201383","Student11","Admin","obec68zone1@obec.org","iPad (A16) (Wi-Fi + Cellular 128 GB Silver)","26.5.0","357879850896701","AC:82:F0:99:1F:EA","6/8/2026 1:41:17 PM","SC; All; สพม.นครราชสีมา; จักราชวิทยา; SC_จักราชวิทยา","รร.จักราชวิทยา"
"C9WL731HPV","TC52","จักราชวิทยา_TC52","จักราชวิทยา_TC52_C9WL731HPV","Teacher_11_1030201383","Teacher11","Admin","obec68zone1@obec.org","iPad (A16) (Wi-Fi + Cellular 128 GB Silver)","26.5.0","357879850529096","AC:82:F0:99:73:E6","6/8/2026 1:41:06 PM","TC; All; สพม.นครราชสีมา; TC_จักราชวิทยา; จักราชวิทยา","รร.จักราชวิทยา"
"F3XM9XPM61","SC784","จักราชวิทยา_SC784","จักราชวิทยา_SC784_F3XM9XPM61","Student_157_1030201383","Student157","Admin","obec68zone1@obec.org","iPad (A16) (Wi-Fi + Cellular 128 GB Silver)","26.5.0","357879850139243","AC:82:F0:A6:92:23","6/8/2026 1:40:57 PM","SC; All; สพม.นครราชสีมา; จักราชวิทยา; SC_จักราชวิทยา","รร.จักราชวิทยา"
"GWCYXC239H","SC797","จักราชวิทยา_SC797","จักราชวิทยา_SC797_GWCYXC239H","Student_160_1030201383","Student160","Admin","obec68zone1@obec.org","iPad (A16) (Wi-Fi + Cellular 128 GB Silver)","26.5.0","357879850814860","AC:82:F0:A0:2E:3C","6/8/2026 1:40:29 PM","SC; All; สพม.นครราชสีมา; จักราชวิทยา; SC_จักราชวิทยา","รร.จักราชวิทยา"
"G45175QJC6","SC282","จักราชวิทยา_SC282","จักราชวิทยา_SC282_G45175QJC6","Student_57_1030201383","Student57","Admin","obec68zone1@obec.org","iPad (A16) (Wi-Fi + Cellular 128 GB Silver)","26.5.0","357879850381522","AC:82:F0:A8:9A:2B","6/8/2026 1:39:49 PM","SC; All; สพม.นครราชสีมา; จักราชวิทยา; SC_จักราชวิทยา","รร.จักราชวิทยา"
"FPYF75H4MC","SC216","จักราชวิทยา_SC216","จักราชวิทยา_SC216_FPYF75H4MC","Student_44_1030201383","Student44","Admin","obec68zone1@obec.org","iPad (A16) (Wi-Fi + Cellular 128 GB Silver)","26.5.0","357879850890050","AC:82:F0:A1:FA:49","6/8/2026 1:39:44 PM","SC; All; สพม.นครราชสีมา; จักราชวิทยา; SC_จักราชวิทยา","รร.จักราชวิทยา"
"F42MN24H56","TC65","จักราชวิทยา_TC65","จักราชวิทยา_TC65_F42MN24H56","Teacher_13_1030201383","Teacher13","Admin","obec68zone1@obec.org","iPad (A16) (Wi-Fi + Cellular 128 GB Silver)","26.1.0","357879850009107","AC:82:F0:A3:0B:26","6/8/2026 1:39:19 PM","TC; All; สพม.นครราชสีมา; TC_จักราชวิทยา; จักราชวิทยา","รร.จักราชวิทยา"
"K16J2CV69W","SC774","จักราชวิทยา_SC774","จักราชวิทยา_SC774_K16J2CV69W","Student_155_1030201383","Student155","Admin","obec68zone1@obec.org","iPad (A16) (Wi-Fi + Cellular 128 GB Silver)","26.5.0","357879850240850","AC:82:F0:9E:A1:E9","6/8/2026 1:39:12 PM","SC; All; สพม.นครราชสีมา; จักราชวิทยา; SC_จักราชวิทยา","รร.จักราชวิทยา"
"FP9WRW37ML","SC1031","จักราชวิทยา_SC1031","จักราชวิทยา_SC1031_FP9WRW37ML","Student_207_1030201383","Student207","Admin","obec68zone1@obec.org","iPad (A16) (Wi-Fi + Cellular 128 GB Silver)","26.5.0","357879850257607","AC:82:F0:AB:76:AB","6/8/2026 1:39:00 PM","SC; All; สพม.นครราชสีมา; จักราชวิทยา; SC_จักราชวิทยา","รร.จักราชวิทยา"
"GPJG239G6M","SC926","จักราชวิทยา_SC926","จักราชวิทยา_SC926_GPJG239G6M","Student_186_1030201383","Student186","Admin","obec68zone1@obec.org","iPad (A16) (Wi-Fi + Cellular 128 GB Silver)","26.5.0","357879850391737","AC:82:F0:9C:22:3B","6/8/2026 1:38:50 PM","SC; All; สพม.นครราชสีมา; จักราชวิทยา; SC_จักราชวิทยา","รร.จักราชวิทยา"
"JG7MM21W2F","SC82","จักราชวิทยา_SC82","จักราชวิทยา_SC82_JG7MM21W2F","Student_17_1030201383","Student17","Admin","obec68zone1@obec.org","iPad (A16) (Wi-Fi + Cellular 128 GB Silver)","26.3.1 (a)","357585650770315","AC:82:F0:A1:DB:3E","6/8/2026 1:38:20 PM","SC; All; สพม.นครราชสีมา; จักราชวิทยา; SC_จักราชวิทยา","รร.จักราชวิทยา"
"HQML6Y475G","SC899","จักราชวิทยา_SC899","จักราชวิทยา_SC899_HQML6Y475G","Student_180_1030201383","Student180","Admin","obec68zone1@obec.org","iPad (A16) (Wi-Fi + Cellular 128 GB Silver)","26.5.0","357879850566619","AC:82:F0:A9:6A:16","6/8/2026 1:38:14 PM","SC; All; สพม.นครราชสีมา; จักราชวิทยา; SC_จักราชวิทยา","รร.จักราชวิทยา"
"H6P6PVC9T9","TC90","จักราชวิทยา_TC90","จักราชวิทยา_TC90_H6P6PVC9T9","Teacher_18_1030201383","Teacher18","Admin","obec68zone1@obec.org","iPad (A16) (Wi-Fi + Cellular 128 GB Silver)","26.5.0","357879850290830","AC:82:F0:9C:C9:2C","6/8/2026 1:37:04 PM","TC; All; สพม.นครราชสีมา; TC_จักราชวิทยา; จักราชวิทยา","รร.จักราชวิทยา"
"J5QPYX5FPG","SC1111","จักราชวิทยา_SC1111","จักราชวิทยา_SC1111_J5QPYX5FPG","Student_223_1030201383","Student223","Admin","obec68zone1@obec.org","iPad (A16) (Wi-Fi + Cellular 128 GB Silver)","26.5.0","357879850826179","AC:82:F0:A1:0E:C0","6/8/2026 1:36:19 PM","SC; All; สพม.นครราชสีมา; จักราชวิทยา; SC_จักราชวิทยา","รร.จักราชวิทยา"
"LG770YXRF0","SC1080","จักราชวิทยา_SC1080","จักราชวิทยา_SC1080_LG770YXRF0","Student_216_1030201383","Student216","Admin","obec68zone1@obec.org","iPad (A16) (Wi-Fi + Cellular 128 GB Silver)","26.5.0","357879850918414","AC:82:F0:A9:09:AC","6/8/2026 1:36:18 PM","SC; All; สพม.นครราชสีมา; จักราชวิทยา; SC_จักราชวิทยา","รร.จักราชวิทยา"
"J56X2M6GPL","SC990","จักราชวิทยา_SC990","จักราชวิทยา_SC990_J56X2M6GPL","Student_198_1030201383","Student198","Admin","obec68zone1@obec.org","iPad (A16) (Wi-Fi + Cellular 128 GB Silver)","26.5.0","357879850621257","AC:82:F0:9F:F8:E6","6/8/2026 1:36:17 PM","SC; All; สพม.นครราชสีมา; จักราชวิทยา; SC_จักราชวิทยา","รร.จักราชวิทยา"
"CGGYKY07Q4","SC907","จักราชวิทยา_SC907","จักราชวิทยา_SC907_CGGYKY07Q4","Student_182_1030201383","Student182","Admin","obec68zone1@obec.org","iPad (A16) (Wi-Fi + Cellular 128 GB Silver)","26.5.0","357879850698727","AC:82:F0:A7:60:2C","6/8/2026 1:36:17 PM","SC; All; สพม.นครราชสีมา; จักราชวิทยา; SC_จักราชวิทยา","รร.จักราชวิทยา"
"GXH29LL4V7","SC1017","จักราชวิทยา_SC1017","จักราชวิทยา_SC1017_GXH29LL4V7","Student_204_1030201383","Student204","Admin","obec68zone1@obec.org","iPad (A16) (Wi-Fi + Cellular 128 GB Silver)","26.5.0","357879850350733","AC:82:F0:A9:A7:B2","6/8/2026 1:36:17 PM","SC; All; สพม.นครราชสีมา; จักราชวิทยา; SC_จักราชวิทยา","รร.จักราชวิทยา"
"GRXVMFPMXG","SC612","จักราชวิทยา_SC612","จักราชวิทยา_SC612_GRXVMFPMXG","Student_123_1030201383","Student123","Admin","obec68zone1@obec.org","iPad (A16) (Wi-Fi + Cellular 128 GB Silver)","26.3.1","357879850412046","AC:82:F0:AA:18:58","6/8/2026 1:36:15 PM","SC; All; สพม.นครราชสีมา; จักราชวิทยา; SC_จักราชวิทยา","รร.จักราชวิทยา"
"FX6TC96LTD","SC490","จักราชวิทยา_SC490","จักราชวิทยา_SC490_FX6TC96LTD","Student_98_1030201383","Student98","Admin","obec68zone1@obec.org","iPad (A16) (Wi-Fi + Cellular 128 GB Silver)","26.5.0","357879850644028","AC:82:F0:A6:9A:4E","6/8/2026 1:36:14 PM","SC; All; สพม.นครราชสีมา; จักราชวิทยา; SC_จักราชวิทยา","รร.จักราชวิทยา"
"KFHYC9WD2Y","SC42","จักราชวิทยา_SC42","จักราชวิทยา_SC42_KFHYC9WD2Y","Student_09_1030201383","Student09","Admin","obec68zone1@obec.org","iPad (A16) (Wi-Fi + Cellular 128 GB Silver)","26.5.0","357585650365710","AC:82:F0:A7:4A:E9","6/8/2026 1:36:14 PM","SC; All; สพม.นครราชสีมา; จักราชวิทยา; SC_จักราชวิทยา","รร.จักราชวิทยา"
"FLV6DD9YC2","SC420","จักราชวิทยา_SC420","จักราชวิทยา_SC420_FLV6DD9YC2","Student_84_1030201383","Student84","Admin","obec68zone1@obec.org","iPad (A16) (Wi-Fi + Cellular 128 GB Silver)","26.5.0","357879850946191","AC:82:F0:A9:7C:8E","6/8/2026 1:36:14 PM","SC; All; สพม.นครราชสีมา; จักราชวิทยา; SC_จักราชวิทยา","รร.จักราชวิทยา"
"JJ2K4W7GT4","SC96","จักราชวิทยา_SC96","จักราชวิทยา_SC96_JJ2K4W7GT4","Student_20_1030201383","Student20","Admin","obec68zone1@obec.org","iPad (A16) (Wi-Fi + Cellular 128 GB Silver)","26.5.0","357585650320632","AC:82:F0:AE:92:3C","6/8/2026 1:36:13 PM","SC; All; สพม.นครราชสีมา; จักราชวิทยา; SC_จักราชวิทยา","รร.จักราชวิทยา"
"CL9R40K79H","SC172","จักราชวิทยา_SC172","จักราชวิทยา_SC172_CL9R40K79H","Student_35_1030201383","Student35","Admin","obec68zone1@obec.org","iPad (A16) (Wi-Fi + Cellular 128 GB Silver)","26.5.0","357585650953176","AC:82:F0:AB:0D:E8","6/8/2026 1:36:13 PM","SC; All; สพม.นครราชสีมา; จักราชวิทยา; SC_จักราชวิทยา","รร.จักราชวิทยา"
"HHYPWVL9GK","SC434","จักราชวิทยา_SC434","จักราชวิทยา_SC434_HHYPWVL9GK","Student_87_1030201383","Student87","Admin","obec68zone1@obec.org","iPad (A16) (Wi-Fi + Cellular 128 GB Silver)","26.5.0","357879850673282","AC:82:F0:A5:B7:67","6/8/2026 1:36:08 PM","SC; All; สพม.นครราชสีมา; จักราชวิทยา; SC_จักราชวิทยา","รร.จักราชวิทยา"
"D1PCQ6MGMQ","TC113","จักราชวิทยา_TC113","จักราชวิทยา_TC113_D1PCQ6MGMQ","Teacher_23_1030201383","Teacher23","Admin","obec68zone1@obec.org","iPad (A16) (Wi-Fi + Cellular 128 GB Silver)","26.1.0","357879850901782","AC:82:F0:A8:18:E3","6/8/2026 1:36:06 PM","TC; All; สพม.นครราชสีมา; TC_จักราชวิทยา; จักราชวิทยา","รร.จักราชวิทยา"
"LF934RHXVN","SC261","จักราชวิทยา_SC261","จักราชวิทยา_SC261_LF934RHXVN","Student_53_1030201383","Student53","Admin","obec68zone1@obec.org","iPad (A16) (Wi-Fi + Cellular 128 GB Silver)","26.5.0","357879850978384","AC:82:F0:A9:67:90","6/8/2026 1:33:37 PM","SC; All; สพม.นครราชสีมา; จักราชวิทยา; SC_จักราชวิทยา","รร.จักราชวิทยา"
"JW32W3XJFV","SC92","จักราชวิทยา_SC92","จักราชวิทยา_SC92_JW32W3XJFV","Student_19_1030201383","Student19","Admin","obec68zone1@obec.org","iPad (A16) (Wi-Fi + Cellular 128 GB Silver)","26.5.0","357585650294605","AC:82:F0:A8:41:6A","6/8/2026 1:33:32 PM","SC; All; สพม.นครราชสีมา; จักราชวิทยา; SC_จักราชวิทยา","รร.จักราชวิทยา"
"D0H9WT4YRX","SC380","จักราชวิทยา_SC380","จักราชวิทยา_SC380_D0H9WT4YRX","Student_76_1030201383","Student76","Admin","obec68zone1@obec.org","iPad (A16) (Wi-Fi + Cellular 128 GB Silver)","26.5.0","357879850699857","AC:82:F0:AA:FE:CB","6/8/2026 1:32:23 PM","SC; All; สพม.นครราชสีมา; จักราชวิทยา; SC_จักราชวิทยา","รร.จักราชวิทยา"
"GF3W9MR70X","SC753","จักราชวิทยา_SC753","จักราชวิทยา_SC753_GF3W9MR70X","Student_151_1030201383","Student151","Admin","obec68zone1@obec.org","iPad (A16) (Wi-Fi + Cellular 128 GB Silver)","26.5.0","357879850376498","AC:82:F0:A7:18:85","6/8/2026 1:31:55 PM","SC; All; สพม.นครราชสีมา; จักราชวิทยา; SC_จักราชวิทยา","รร.จักราชวิทยา"
"D6WT62Y06W","SC491","จักราชวิทยา_SC491","จักราชวิทยา_SC491_D6WT62Y06W","Student_99_1030201383","Student99","Admin","obec68zone1@obec.org","iPad (A16) (Wi-Fi + Cellular 128 GB Silver)","26.5.0","357879850464880","AC:82:F0:AA:E0:A4","6/8/2026 1:31:48 PM","SC; All; สพม.นครราชสีมา; จักราชวิทยา; SC_จักราชวิทยา","รร.จักราชวิทยา"
"CV643GVGFC","SC236","จักราชวิทยา_SC236","จักราชวิทยา_SC236_CV643GVGFC","Student_48_1030201383","Student48","Admin","obec68zone1@obec.org","iPad (A16) (Wi-Fi + Cellular 128 GB Silver)","26.5.0","357879850392883","AC:82:F0:9A:96:4D","6/8/2026 1:31:25 PM","SC; All; สพม.นครราชสีมา; จักราชวิทยา; SC_จักราชวิทยา","รร.จักราชวิทยา"
"MQ6N16C2V2","SC1048","จักราชวิทยา_SC1048","จักราชวิทยา_SC1048_MQ6N16C2V2","Student_210_1030201383","Student210","Admin","obec68zone1@obec.org","iPad (A16) (Wi-Fi + Cellular 128 GB Silver)","26.5.0","357879850303765","AC:82:F0:A5:FF:4E","6/8/2026 1:31:19 PM","SC; All; สพม.นครราชสีมา; จักราชวิทยา; SC_จักราชวิทยา","รร.จักราชวิทยา"
"G94T6HXY20","SC849","จักราชวิทยา_SC849","จักราชวิทยา_SC849_G94T6HXY20","Student_170_1030201383","Student170","Admin","obec68zone1@obec.org","iPad (A16) (Wi-Fi + Cellular 128 GB Silver)","26.1.0","357879850212552","AC:82:F0:A9:A2:E0","6/8/2026 1:31:16 PM","SC; All; สพม.นครราชสีมา; จักราชวิทยา; SC_จักราชวิทยา","รร.จักราชวิทยา"
"HQ5960V9Q6","TC122","จักราชวิทยา_TC122","จักราชวิทยา_TC122_HQ5960V9Q6","Teacher_25_1030201383","Teacher25","Admin","obec68zone1@obec.org","iPad (A16) (Wi-Fi + Cellular 128 GB Silver)","26.5.0","357879850077096","AC:82:F0:9E:E8:70","6/8/2026 1:31:16 PM","TC; All; สพม.นครราชสีมา; TC_จักราชวิทยา; จักราชวิทยา","รร.จักราชวิทยา"
"KTY9DC9XC2","SC988","จักราชวิทยา_SC988","จักราชวิทยา_SC988_KTY9DC9XC2","Student_198_1030201383","Student198","Admin","obec68zone1@obec.org","iPad (A16) (Wi-Fi + Cellular 128 GB Silver)","26.5.0","357879850959483","AC:82:F0:AA:18:40","6/8/2026 1:31:16 PM","SC; All; สพม.นครราชสีมา; จักราชวิทยา; SC_จักราชวิทยา","รร.จักราชวิทยา"
"JJPGKMQDLP","SC1006","จักราชวิทยา_SC1006","จักราชวิทยา_SC1006_JJPGKMQDLP","Student_202_1030201383","Student202","Admin","obec68zone1@obec.org","iPad (A16) (Wi-Fi + Cellular 128 GB Silver)","26.5.0","357879850071917","AC:82:F0:98:C3:3A","6/8/2026 1:31:15 PM","SC; All; สพม.นครราชสีมา; จักราชวิทยา; SC_จักราชวิทยา","รร.จักราชวิทยา"
"M1Y5XW2J1H","SC559","จักราชวิทยา_SC559","จักราชวิทยา_SC559_M1Y5XW2J1H","Student_112_1030201383","Student112","Admin","obec68zone1@obec.org","iPad (A16) (Wi-Fi + Cellular 128 GB Silver)","26.5.0","357879850739323","AC:82:F0:A9:A7:58","6/8/2026 1:31:14 PM","SC; All; สพม.นครราชสีมา; จักราชวิทยา; SC_จักราชวิทยา","รร.จักราชวิทยา"
"L2TVTF6109","SC449","จักราชวิทยา_SC449","จักราชวิทยา_SC449_L2TVTF6109","Student_90_1030201383","Student90","Admin","obec68zone1@obec.org","iPad (A16) (Wi-Fi + Cellular 128 GB Silver)","26.5.0","357879850995958","AC:82:F0:A2:81:BE","6/8/2026 1:31:13 PM","SC; All; สพม.นครราชสีมา; จักราชวิทยา; SC_จักราชวิทยา","รร.จักราชวิทยา"
"J27L403VKP","SC921","จักราชวิทยา_SC921","จักราชวิทยา_SC921_J27L403VKP","Student_185_1030201383","Student185","Admin","obec68zone1@obec.org","iPad (A16) (Wi-Fi + Cellular 128 GB Silver)","26.5.0","357879850159944","AC:82:F0:9A:4F:4F","6/8/2026 1:31:13 PM","SC; All; สพม.นครราชสีมา; จักราชวิทยา; SC_จักราชวิทยา","รร.จักราชวิทยา"
"LLQ4K4D6QW","SC73","จักราชวิทยา_SC73","จักราชวิทยา_SC73_LLQ4K4D6QW","Student_15_1030201383","Student15","Admin","obec68zone1@obec.org","iPad (A16) (Wi-Fi + Cellular 128 GB Silver)","26.5.0","357585650856387","AC:82:F0:9B:CD:01","6/8/2026 1:31:12 PM","SC; All; สพม.นครราชสีมา; จักราชวิทยา; SC_จักราชวิทยา","รร.จักราชวิทยา"
"ML729N16QK","SC162","จักราชวิทยา_SC162","จักราชวิทยา_SC162_ML729N16QK","Student_33_1030201383","Student33","Admin","obec68zone1@obec.org","iPad (A16) (Wi-Fi + Cellular 128 GB Silver)","26.5.0","357585650776387","AC:82:F0:A8:D8:D4","6/8/2026 1:31:12 PM","SC; All; สพม.นครราชสีมา; จักราชวิทยา; SC_จักราชวิทยา","รร.จักราชวิทยา"
"D1W6PF0GN0","SC181","จักราชวิทยา_SC181","จักราชวิทยา_SC181_D1W6PF0GN0","Student_37_1030201383","Student37","Admin","obec68zone1@obec.org","iPad (A16) (Wi-Fi + Cellular 128 GB Silver)","26.5.0","357879850173283","AC:82:F0:A7:B7:96","6/8/2026 1:31:11 PM","SC; All; สพม.นครราชสีมา; จักราชวิทยา; SC_จักราชวิทยา","รร.จักราชวิทยา"
"MXJC43HY5R","SC501","จักราชวิทยา_SC501","จักราชวิทยา_SC501_MXJC43HY5R","Student_101_1030201383","Student101","Admin","obec68zone1@obec.org","iPad (A16) (Wi-Fi + Cellular 128 GB Silver)","26.5.0","357879850821428","AC:82:F0:AB:32:75","6/8/2026 1:30:14 PM","SC; All; สพม.นครราชสีมา; จักราชวิทยา; SC_จักราชวิทยา","รร.จักราชวิทยา"
"D9TYF325WR","SC315","จักราชวิทยา_SC315","จักราชวิทยา_SC315_D9TYF325WR","Student_63_1030201383","Student63","Admin","obec68zone1@obec.org","iPad (A16) (Wi-Fi + Cellular 128 GB Silver)","26.5.0","357879850597747","AC:82:F0:A3:6B:DF","6/8/2026 1:29:45 PM","SC; All; สพม.นครราชสีมา; จักราชวิทยา; SC_จักราชวิทยา","รร.จักราชวิทยา"
"KGKY60YF4V","TC93","จักราชวิทยา_TC93","จักราชวิทยา_TC93_KGKY60YF4V","Teacher_19_1030201383","Teacher19","Admin","obec68zone1@obec.org","iPad (A16) (Wi-Fi + Cellular 128 GB Silver)","26.1.0","357879850077039","AC:82:F0:A4:17:69","6/8/2026 1:29:39 PM","TC; All; สพม.นครราชสีมา; TC_จักราชวิทยา; จักราชวิทยา","รร.จักราชวิทยา"
"KD2R6MG72V","SC583","จักราชวิทยา_SC583","จักราชวิทยา_SC583_KD2R6MG72V","Student_117_1030201383","Student117","Admin","obec68zone1@obec.org","iPad (A16) (Wi-Fi + Cellular 128 GB Silver)","26.5.0","357879850635026","AC:82:F0:AC:6D:5F","6/8/2026 1:27:53 PM","SC; All; สพม.นครราชสีมา; จักราชวิทยา; SC_จักราชวิทยา","รร.จักราชวิทยา"
"H6XLGYXDLQ","SC547","จักราชวิทยา_SC547","จักราชวิทยา_SC547_H6XLGYXDLQ","Student_110_1030201383","Student110","Admin","obec68zone1@obec.org","iPad (A16) (Wi-Fi + Cellular 128 GB Silver)","26.5.0","357879850255288","AC:82:F0:9A:17:51","6/8/2026 1:27:11 PM","SC; All; สพม.นครราชสีมา; จักราชวิทยา; SC_จักราชวิทยา","รร.จักราชวิทยา"
"GYL30JWXCP","SC708","จักราชวิทยา_SC708","จักราชวิทยา_SC708_GYL30JWXCP","Student_142_1030201383","Student142","Admin","obec68zone1@obec.org","iPad (A16) (Wi-Fi + Cellular 128 GB Silver)","26.5.0","357879850906773","AC:82:F0:AA:18:20","6/8/2026 1:26:51 PM","SC; All; สพม.นครราชสีมา; จักราชวิทยา; SC_จักราชวิทยา","รร.จักราชวิทยา"
"GFNY9XK40N","SC1046","จักราชวิทยา_SC1046","จักราชวิทยา_SC1046_GFNY9XK40N","Student_210_1030201383","Student210","Admin","obec68zone1@obec.org","iPad (A16) (Wi-Fi + Cellular 128 GB Silver)","26.5.0","357879850688579","AC:82:F0:9C:77:E9","6/8/2026 1:26:27 PM","SC; All; สพม.นครราชสีมา; จักราชวิทยา; SC_จักราชวิทยา","รร.จักราชวิทยา"
"KXN3642VYJ","SC802","จักราชวิทยา_SC802","จักราชวิทยา_SC802_KXN3642VYJ","Student_161_1030201383","Student161","Admin","obec68zone1@obec.org","iPad (A16) (Wi-Fi + Cellular 128 GB Silver)","26.5.0","357879850014453","AC:82:F0:9D:5B:2C","6/8/2026 1:26:21 PM","SC; All; สพม.นครราชสีมา; จักราชวิทยา; SC_จักราชวิทยา","รร.จักราชวิทยา"
"DCQLW04TYX","SC958","จักราชวิทยา_SC958","จักราชวิทยา_SC958_DCQLW04TYX","Student_192_1030201383","Student192","Admin","obec68zone1@obec.org","iPad (A16) (Wi-Fi + Cellular 128 GB Silver)","26.5.0","357879850981941","AC:82:F0:AD:E7:C9","6/8/2026 1:26:21 PM","SC; All; สพม.นครราชสีมา; จักราชวิทยา; SC_จักราชวิทยา","รร.จักราชวิทยา"
"KJ7H029D20","SC995","จักราชวิทยา_SC995","จักราชวิทยา_SC995_KJ7H029D20","Student_199_1030201383","Student199","Admin","obec68zone1@obec.org","iPad (A16) (Wi-Fi + Cellular 128 GB Silver)","26.5.0","357879850269131","AC:82:F0:A3:52:53","6/8/2026 1:26:21 PM","SC; All; สพม.นครราชสีมา; จักราชวิทยา; SC_จักราชวิทยา","รร.จักราชวิทยา"
"LKXX5X6Q2V","SC551","จักราชวิทยา_SC551","จักราชวิทยา_SC551_LKXX5X6Q2V","Student_111_1030201383","Student111","Admin","obec68zone1@obec.org","iPad (A16) (Wi-Fi + Cellular 128 GB Silver)","26.5.0","357879850720083","AC:82:F0:AB:61:7C","6/8/2026 1:26:19 PM","SC; All; สพม.นครราชสีมา; จักราชวิทยา; SC_จักราชวิทยา","รร.จักราชวิทยา"
"GHXT7P9C66","SC589","จักราชวิทยา_SC589","จักราชวิทยา_SC589_GHXT7P9C66","Student_118_1030201383","Student118","Admin","obec68zone1@obec.org","iPad (A16) (Wi-Fi + Cellular 128 GB Silver)","26.5.0","357879850822814","AC:82:F0:A1:54:7A","6/8/2026 1:26:19 PM","SC; All; สพม.นครราชสีมา; จักราชวิทยา; SC_จักราชวิทยา","รร.จักราชวิทยา"
"K912H6QDH4","SC354","จักราชวิทยา_SC354","จักราชวิทยา_SC354_K912H6QDH4","Student_71_1030201383","Student71","Admin","obec68zone1@obec.org","iPad (A16) (Wi-Fi + Cellular 128 GB Silver)","26.5.0","357585650236309","AC:82:F0:A7:73:09","6/8/2026 1:26:19 PM","SC; All; สพม.นครราชสีมา; จักราชวิทยา; SC_จักราชวิทยา","รร.จักราชวิทยา"
"DWPKT00W4K","SC582","จักราชวิทยา_SC582","จักราชวิทยา_SC582_DWPKT00W4K","Student_117_1030201383","Student117","Admin","obec68zone1@obec.org","iPad (A16) (Wi-Fi + Cellular 128 GB Silver)","26.4.2","357879850190956","AC:82:F0:9B:76:AA","6/8/2026 1:26:18 PM","SC; All; สพม.นครราชสีมา; จักราชวิทยา; SC_จักราชวิทยา","รร.จักราชวิทยา"
"FY2FG3XYM3","SC194","จักราชวิทยา_SC194","จักราชวิทยา_SC194_FY2FG3XYM3","Student_39_1030201383","Student39","Admin","obec68zone1@obec.org","iPad (A16) (Wi-Fi + Cellular 128 GB Silver)","26.5.0","357585650255333","AC:82:F0:99:91:68","6/8/2026 1:26:18 PM","SC; All; สพม.นครราชสีมา; จักราชวิทยา; SC_จักราชวิทยา","รร.จักราชวิทยา"
"H4CHY29R7J","TC57","จักราชวิทยา_TC57","จักราชวิทยา_TC57_H4CHY29R7J","Teacher_12_1030201383","Teacher12","Admin","obec68zone1@obec.org","iPad (A16) (Wi-Fi + Cellular 128 GB Silver)","26.1.0","357879850795960","AC:82:F0:A5:EC:EF","6/8/2026 1:26:09 PM","TC; All; สพม.นครราชสีมา; TC_จักราชวิทยา; จักราชวิทยา","รร.จักราชวิทยา"
"C2Q3L4XG26","SC388","จักราชวิทยา_SC388","จักราชวิทยา_SC388_C2Q3L4XG26","Student_78_1030201383","Student78","Admin","obec68zone1@obec.org","iPad (A16) (Wi-Fi + Cellular 128 GB Silver)","26.5.0","357879850819059","AC:82:F0:A7:00:6B","6/8/2026 1:25:33 PM","SC; All; สพม.นครราชสีมา; จักราชวิทยา; SC_จักราชวิทยา","รร.จักราชวิทยา"
"JT79NJVM59","SC363","จักราชวิทยา_SC363","จักราชวิทยา_SC363_JT79NJVM59","Student_73_1030201383","Student73","Admin","obec68zone1@obec.org","iPad (A16) (Wi-Fi + Cellular 128 GB Silver)","26.5.0","357879850648219","AC:82:F0:A5:83:A0","6/8/2026 1:24:44 PM","SC; All; สพม.นครราชสีมา; จักราชวิทยา; SC_จักราชวิทยา","รร.จักราชวิทยา"
"F6P39JP79N","SC1019","จักราชวิทยา_SC1019","จักราชวิทยา_SC1019_F6P39JP79N","Student_204_1030201383","Student204","Admin","obec68zone1@obec.org","iPad (A16) (Wi-Fi + Cellular 128 GB Silver)","26.5.0","357879850723616","AC:82:F0:9A:C6:3E","6/8/2026 1:24:29 PM","SC; All; สพม.นครราชสีมา; จักราชวิทยา; SC_จักราชวิทยา","รร.จักราชวิทยา"
"KGPDYPVVR2","SC400","จักราชวิทยา_SC400","จักราชวิทยา_SC400_KGPDYPVVR2","Student_80_1030201383","Student80","Admin","obec68zone1@obec.org","iPad (A16) (Wi-Fi + Cellular 128 GB Silver)","26.5.0","357879850910288","AC:82:F0:9A:AA:86","6/8/2026 1:24:21 PM","SC; All; สพม.นครราชสีมา; จักราชวิทยา; SC_จักราชวิทยา","รร.จักราชวิทยา"
"H1G2DQKKWD","SC297","จักราชวิทยา_SC297","จักราชวิทยา_SC297_H1G2DQKKWD","Student_60_1030201383","Student60","Admin","obec68zone1@obec.org","iPad (A16) (Wi-Fi + Cellular 128 GB Silver)","26.5.0","357879850169042","AC:82:F0:A0:9E:8B","6/8/2026 1:24:16 PM","SC; All; สพม.นครราชสีมา; จักราชวิทยา; SC_จักราชวิทยา","รร.จักราชวิทยา"
"JP6Q94JMWG","SC316","จักราชวิทยา_SC316","จักราชวิทยา_SC316_JP6Q94JMWG","Student_64_1030201383","Student64","Admin","obec68zone1@obec.org","iPad (A16) (Wi-Fi + Cellular 128 GB Silver)","26.5.0","357879850418811","AC:82:F0:AC:4A:90","6/8/2026 1:24:00 PM","SC; All; สพม.นครราชสีมา; จักราชวิทยา; SC_จักราชวิทยา","รร.จักราชวิทยา"
"C39XCKXV73","SC1024","จักราชวิทยา_SC1024","จักราชวิทยา_SC1024_C39XCKXV73","Student_205_1030201383","Student205","Admin","obec68zone1@obec.org","iPad (A16) (Wi-Fi + Cellular 128 GB Silver)","26.5.0","357879850997574","AC:82:F0:AD:A5:D5","6/8/2026 1:23:10 PM","SC; All; สพม.นครราชสีมา; จักราชวิทยา; SC_จักราชวิทยา","รร.จักราชวิทยา"
"HW3CJ4T7MP","SC1008","จักราชวิทยา_SC1008","จักราชวิทยา_SC1008_HW3CJ4T7MP","Student_202_1030201383","Student202","Admin","obec68zone1@obec.org","iPad (A16) (Wi-Fi + Cellular 128 GB Silver)","26.5.0","357879850813052","AC:82:F0:9D:01:1A","6/8/2026 1:22:37 PM","SC; All; สพม.นครราชสีมา; จักราชวิทยา; SC_จักราชวิทยา","รร.จักราชวิทยา"
"H0WKW0TH0Q","SC43","จักราชวิทยา_SC43","จักราชวิทยา_SC43_H0WKW0TH0Q","Student_09_1030201383","Student09","Admin","obec68zone1@obec.org","iPad (A16) (Wi-Fi + Cellular 128 GB Silver)","26.5.0","357585650814931","AC:82:F0:9F:17:6B","6/8/2026 1:21:58 PM","SC; All; สพม.นครราชสีมา; จักราชวิทยา; SC_จักราชวิทยา","รร.จักราชวิทยา"
"GRQQVYF4Y4","SC773","จักราชวิทยา_SC773","จักราชวิทยา_SC773_GRQQVYF4Y4","Student_155_1030201383","Student155","Admin","obec68zone1@obec.org","iPad (A16) (Wi-Fi + Cellular 128 GB Silver)","26.5.0","357879850920980","AC:82:F0:9D:6D:3D","6/8/2026 1:21:58 PM","SC; All; สพม.นครราชสีมา; จักราชวิทยา; SC_จักราชวิทยา","รร.จักราชวิทยา"
"J2X34M4LF4","SC291","จักราชวิทยา_SC291","จักราชวิทยา_SC291_J2X34M4LF4","Student_59_1030201383","Student59","Admin","obec68zone1@obec.org","iPad (A16) (Wi-Fi + Cellular 128 GB Silver)","26.5.0","357879850875838","AC:82:F0:A9:34:11","6/8/2026 1:21:34 PM","SC; All; สพม.นครราชสีมา; จักราชวิทยา; SC_จักราชวิทยา","รร.จักราชวิทยา"
"H0GWJD6XFL","SC403","จักราชวิทยา_SC403","จักราชวิทยา_SC403_H0GWJD6XFL","Student_81_1030201383","Student81","Admin","obec68zone1@obec.org","iPad (A16) (Wi-Fi + Cellular 128 GB Silver)","26.5.0","357879850004116","AC:82:F0:A8:E2:44","6/8/2026 1:21:20 PM","SC; All; สพม.นครราชสีมา; จักราชวิทยา; SC_จักราชวิทยา","รร.จักราชวิทยา"
"HT9Y73YVXH","SC458","จักราชวิทยา_SC458","จักราชวิทยา_SC458_HT9Y73YVXH","Student_92_1030201383","Student92","Admin","obec68zone1@obec.org","iPad (A16) (Wi-Fi + Cellular 128 GB Silver)","26.5.0","357879850039211","AC:82:F0:99:E8:A5","6/8/2026 1:21:19 PM","SC; All; สพม.นครราชสีมา; จักราชวิทยา; SC_จักราชวิทยา","รร.จักราชวิทยา"
"LPFDFP6TWV","SC1057","จักราชวิทยา_SC1057","จักราชวิทยา_SC1057_LPFDFP6TWV","Student_212_1030201383","Student212","Admin","obec68zone1@obec.org","iPad (A16) (Wi-Fi + Cellular 128 GB Silver)","26.5.0","357879850758067","AC:82:F0:9A:81:15","6/8/2026 1:21:18 PM","SC; All; สพม.นครราชสีมา; จักราชวิทยา; SC_จักราชวิทยา","รร.จักราชวิทยา"
"D7CYNY9FP9","SC661","จักราชวิทยา_SC661","จักราชวิทยา_SC661_D7CYNY9FP9","Student_133_1030201383","Student133","Admin","obec68zone1@obec.org","iPad (A16) (Wi-Fi + Cellular 128 GB Silver)","26.1.0","357879850724663","AC:82:F0:AA:29:B7","6/8/2026 1:21:16 PM","SC; All; สพม.นครราชสีมา; จักราชวิทยา; SC_จักราชวิทยา","รร.จักราชวิทยา"
"JY27T5QV6M","SC651","จักราชวิทยา_SC651","จักราชวิทยา_SC651_JY27T5QV6M","Student_131_1030201383","Student131","Admin","obec68zone1@obec.org","iPad (A16) (Wi-Fi + Cellular 128 GB Silver)","26.5.0","357879850971702","AC:82:F0:AB:8D:FC","6/8/2026 1:21:16 PM","SC; All; สพม.นครราชสีมา; จักราชวิทยา; SC_จักราชวิทยา","รร.จักราชวิทยา"
"DQYQ09H4V2","SC350","จักราชวิทยา_SC350","จักราชวิทยา_SC350_DQYQ09H4V2","Student_70_1030201383","Student70","Admin","obec68zone1@obec.org","iPad (A16) (Wi-Fi + Cellular 128 GB Silver)","26.5.0","357879850043452","AC:82:F0:9B:0C:72","6/8/2026 1:21:15 PM","SC; All; สพม.นครราชสีมา; จักราชวิทยา; SC_จักราชวิทยา","รร.จักราชวิทยา"
"M1V6J27WL6","SC101","จักราชวิทยา_SC101","จักราชวิทยา_SC101_M1V6J27WL6","Student_21_1030201383","Student21","Admin","obec68zone1@obec.org","iPad (A16) (Wi-Fi + Cellular 128 GB Silver)","26.3.1 (a)","357585650789976","AC:82:F0:9D:0D:AA","6/8/2026 1:21:14 PM","SC; All; สพม.นครราชสีมา; จักราชวิทยา; SC_จักราชวิทยา","รร.จักราชวิทยา"
"HXW3JQRX3Y","SC146","จักราชวิทยา_SC146","จักราชวิทยา_SC146_HXW3JQRX3Y","Student_30_1030201383","Student30","Admin","obec68zone1@obec.org","iPad (A16) (Wi-Fi + Cellular 128 GB Silver)","26.5.0","357585650688194","AC:82:F0:AC:18:F3","6/8/2026 1:21:14 PM","SC; All; สพม.นครราชสีมา; จักราชวิทยา; SC_จักราชวิทยา","รร.จักราชวิทยา"
"MWCN46H323","SC147","จักราชวิทยา_SC147","จักราชวิทยา_SC147_MWCN46H323","Student_30_1030201383","Student30","Admin","obec68zone1@obec.org","iPad (A16) (Wi-Fi + Cellular 128 GB Silver)","26.5.0","357585650180713","AC:82:F0:AD:BE:AC","6/8/2026 1:21:14 PM","SC; All; สพม.นครราชสีมา; จักราชวิทยา; SC_จักราชวิทยา","รร.จักราชวิทยา"
"F7HQRLHH27","SC69","จักราชวิทยา_SC69","จักราชวิทยา_SC69_F7HQRLHH27","Student_14_1030201383","Student14","Admin","obec68zone1@obec.org","iPad (A16) (Wi-Fi + Cellular 128 GB Silver)","26.3.0","357585650818734","AC:82:F0:A0:24:90","6/8/2026 1:21:06 PM","SC; All; สพม.นครราชสีมา; จักราชวิทยา; SC_จักราชวิทยา","รร.จักราชวิทยา"
"C9K9MW64C4","TC104","จักราชวิทยา_TC104","จักราชวิทยา_TC104_C9K9MW64C4","Teacher_21_1030201383","Teacher21","Admin","obec68zone1@obec.org","iPad (A16) (Wi-Fi + Cellular 128 GB Silver)","26.1.0","357879850036829","AC:82:F0:AC:49:8C","6/8/2026 1:21:05 PM","TC; All; สพม.นครราชสีมา; TC_จักราชวิทยา; จักราชวิทยา","รร.จักราชวิทยา"
"L235NWHWD9","TC11","จักราชวิทยา_TC11","จักราชวิทยา_TC11_L235NWHWD9","Teacher_03_1030201383","Teacher03","Admin","obec68zone1@obec.org","iPad (A16) (Wi-Fi + Cellular 128 GB Silver)","26.3.1","357879850275948","AC:82:F0:A3:DF:8F","6/8/2026 1:21:05 PM","TC; All; สพม.นครราชสีมา; TC_จักราชวิทยา; จักราชวิทยา","รร.จักราชวิทยา"
"H6RYVJPXL4","SC1016","จักราชวิทยา_SC1016","จักราชวิทยา_SC1016_H6RYVJPXL4","Student_204_1030201383","Student204","Admin","obec68zone1@obec.org","iPad (A16) (Wi-Fi + Cellular 128 GB Silver)","26.5.0","357879850439809","AC:82:F0:A2:9A:C4","6/8/2026 1:20:34 PM","SC; All; สพม.นครราชสีมา; จักราชวิทยา; SC_จักราชวิทยา","รร.จักราชวิทยา"
"GYN69LCN23","SC443","จักราชวิทยา_SC443","จักราชวิทยา_SC443_GYN69LCN23","Student_89_1030201383","Student89","Admin","obec68zone1@obec.org","iPad (A16) (Wi-Fi + Cellular 128 GB Silver)","26.3.1 (a)","357879850211836","AC:82:F0:9E:AD:95","6/8/2026 1:20:18 PM","SC; All; สพม.นครราชสีมา; จักราชวิทยา; SC_จักราชวิทยา","รร.จักราชวิทยา"
"C9441NH9FD","SC867","จักราชวิทยา_SC867","จักราชวิทยา_SC867_C9441NH9FD","Student_174_1030201383","Student174","Admin","obec68zone1@obec.org","iPad (A16) (Wi-Fi + Cellular 128 GB Silver)","26.5.0","357879850403250","AC:82:F0:9F:18:39","6/8/2026 1:19:32 PM","SC; All; สพม.นครราชสีมา; จักราชวิทยา; SC_จักราชวิทยา","รร.จักราชวิทยา"
"J67YQ2DFH6","SC757","จักราชวิทยา_SC757","จักราชวิทยา_SC757_J67YQ2DFH6","Student_152_1030201383","Student152","Admin","obec68zone1@obec.org","iPad (A16) (Wi-Fi + Cellular 128 GB Silver)","26.5.0","357879850402617","AC:82:F0:9F:DD:E1","6/8/2026 1:19:07 PM","SC; All; สพม.นครราชสีมา; จักราชวิทยา; SC_จักราชวิทยา","รร.จักราชวิทยา"
"MPYJQT7MWW","SC450","จักราชวิทยา_SC450","จักราชวิทยา_SC450_MPYJQT7MWW","Student_90_1030201383","Student90","Admin","obec68zone1@obec.org","iPad (A16) (Wi-Fi + Cellular 128 GB Silver)","26.5.0","357879850724150","AC:82:F0:A3:5C:D5","6/8/2026 1:19:03 PM","SC; All; สพม.นครราชสีมา; จักราชวิทยา; SC_จักราชวิทยา","รร.จักราชวิทยา"
"DH3XK5QD2H","SC267","จักราชวิทยา_SC267","จักราชวิทยา_SC267_DH3XK5QD2H","Student_54_1030201383","Student54","Admin","obec68zone1@obec.org","iPad (A16) (Wi-Fi + Cellular 128 GB Silver)","26.5.0","357879850083086","AC:82:F0:A6:19:FD","6/8/2026 1:17:27 PM","SC; All; สพม.นครราชสีมา; จักราชวิทยา; SC_จักราชวิทยา","รร.จักราชวิทยา"
"FQCNQHY99L","SC221","จักราชวิทยา_SC221","จักราชวิทยา_SC221_FQCNQHY99L","Student_45_1030201383","Student45","Admin","obec68zone1@obec.org","iPad (A16) (Wi-Fi + Cellular 128 GB Silver)","26.5.0","357879850100054","AC:82:F0:AC:88:CA","6/8/2026 1:17:15 PM","SC; All; สพม.นครราชสีมา; จักราชวิทยา; SC_จักราชวิทยา","รร.จักราชวิทยา"
"DP2VFYD9CJ","SC950","จักราชวิทยา_SC950","จักราชวิทยา_SC950_DP2VFYD9CJ","Student_190_1030201383","Student190","Admin","obec68zone1@obec.org","iPad (A16) (Wi-Fi + Cellular 128 GB Silver)","26.5.0","357879850601515","AC:82:F0:A3:C4:90","6/8/2026 1:16:34 PM","SC; All; สพม.นครราชสีมา; จักราชวิทยา; SC_จักราชวิทยา","รร.จักราชวิทยา"
"HMVVDGGK6F","SC1066","จักราชวิทยา_SC1066","จักราชวิทยา_SC1066_HMVVDGGK6F","Student_214_1030201383","Student214","Admin","obec68zone1@obec.org","iPad (A16) (Wi-Fi + Cellular 128 GB Silver)","26.5.0","357879850955754","AC:82:F0:9E:8B:A6","6/8/2026 1:16:19 PM","SC; All; สพม.นครราชสีมา; จักราชวิทยา; SC_จักราชวิทยา","รร.จักราชวิทยา"
"M7T75WDFHQ","SC1089","จักราชวิทยา_SC1089","จักราชวิทยา_SC1089_M7T75WDFHQ","Student_218_1030201383","Student218","Admin","obec68zone1@obec.org","iPad (A16) (Wi-Fi + Cellular 128 GB Silver)","26.1.0","357879850325834","AC:82:F0:9C:62:65","6/8/2026 1:16:19 PM","SC; All; สพม.นครราชสีมา; จักราชวิทยา; SC_จักราชวิทยา","รร.จักราชวิทยา"
"D2L24W49HG","SC650","จักราชวิทยา_SC650","จักราชวิทยา_SC650_D2L24W49HG","Student_130_1030201383","Student130","Admin","obec68zone1@obec.org","iPad (A16) (Wi-Fi + Cellular 128 GB Silver)","26.5.0","357879850067519","AC:82:F0:AE:5D:13","6/8/2026 1:16:19 PM","SC; All; สพม.นครราชสีมา; จักราชวิทยา; SC_จักราชวิทยา","รร.จักราชวิทยา"
"DHXN7FVQXP","SC986","จักราชวิทยา_SC986","จักราชวิทยา_SC986_DHXN7FVQXP","Student_198_1030201383","Student198","Admin","obec68zone1@obec.org","iPad (A16) (Wi-Fi + Cellular 128 GB Silver)","26.5.0","357879850870755","AC:82:F0:9D:C7:E0","6/8/2026 1:16:19 PM","SC; All; สพม.นครราชสีมา; จักราชวิทยา; SC_จักราชวิทยา","รร.จักราชวิทยา"
"MM97D5459J","SC997","จักราชวิทยา_SC997","จักราชวิทยา_SC997_MM97D5459J","Student_200_1030201383","Student200","Admin","obec68zone1@obec.org","iPad (A16) (Wi-Fi + Cellular 128 GB Silver)","26.1.0","357879850994050","AC:82:F0:AC:F4:71","6/8/2026 1:16:18 PM","SC; All; สพม.นครราชสีมา; จักราชวิทยา; SC_จักราชวิทยา","รร.จักราชวิทยา"
"J3W6FY66XL","SC646","จักราชวิทยา_SC646","จักราชวิทยา_SC646_J3W6FY66XL","Student_130_1030201383","Student130","Admin","obec68zone1@obec.org","iPad (A16) (Wi-Fi + Cellular 128 GB Silver)","26.5.0","357879850758695","AC:82:F0:A3:64:2D","6/8/2026 1:16:17 PM","SC; All; สพม.นครราชสีมา; จักราชวิทยา; SC_จักราชวิทยา","รร.จักราชวิทยา"
"L463NVFQML","SC569","จักราชวิทยา_SC569","จักราชวิทยา_SC569_L463NVFQML","Student_114_1030201383","Student114","Admin","obec68zone1@obec.org","iPad (A16) (Wi-Fi + Cellular 128 GB Silver)","26.5.0","357879850464443","AC:82:F0:A8:89:75","6/8/2026 1:16:15 PM","SC; All; สพม.นครราชสีมา; จักราชวิทยา; SC_จักราชวิทยา","รร.จักราชวิทยา"
"L4DD4527YL","SC75","จักราชวิทยา_SC75","จักราชวิทยา_SC75_L4DD4527YL","Student_15_1030201383","Student15","Admin","obec68zone1@obec.org","iPad (A16) (Wi-Fi + Cellular 128 GB Silver)","26.5.0","357585650744716","AC:82:F0:AC:E0:1E","6/8/2026 1:16:14 PM","SC; All; สพม.นครราชสีมา; จักราชวิทยา; SC_จักราชวิทยา","รร.จักราชวิทยา"
"KV914LFTQ7","SC329","จักราชวิทยา_SC329","จักราชวิทยา_SC329_KV914LFTQ7","Student_66_1030201383","Student66","Admin","obec68zone1@obec.org","iPad (A16) (Wi-Fi + Cellular 128 GB Silver)","26.5.0","357879850774940","AC:82:F0:A4:A6:02","6/8/2026 1:16:14 PM","SC; All; สพม.นครราชสีมา; จักราชวิทยา; SC_จักราชวิทยา","รร.จักราชวิทยา"
"CKKV90P7PK","TC44","จักราชวิทยา_TC44","จักราชวิทยา_TC44_CKKV90P7PK","Teacher_09_1030201383","Teacher09","Admin","obec68zone1@obec.org","iPad (A16) (Wi-Fi + Cellular 128 GB Silver)","26.5.0","357879850793650","AC:82:F0:A1:3D:E7","6/8/2026 1:14:02 PM","TC; All; สพม.นครราชสีมา; TC_จักราชวิทยา; จักราชวิทยา","รร.จักราชวิทยา"
"FXQ0F5439R","TC76","จักราชวิทยา_TC76","จักราชวิทยา_TC76_FXQ0F5439R","Teacher_16_1030201383","Teacher16","Admin","obec68zone1@obec.org","iPad (A16) (Wi-Fi + Cellular 128 GB Silver)","26.5.0","357879850583770","AC:82:F0:A3:22:A0","6/8/2026 1:13:09 PM","TC; All; สพม.นครราชสีมา; TC_จักราชวิทยา; จักราชวิทยา","รร.จักราชวิทยา"
"FPVD97TTXY","SC1052","จักราชวิทยา_SC1052","จักราชวิทยา_SC1052_FPVD97TTXY","Student_211_1030201383","Student211","Admin","obec68zone1@obec.org","iPad (A16) (Wi-Fi + Cellular 128 GB Silver)","26.5.0","357879850049392","AC:82:F0:9B:D9:8A","6/8/2026 1:12:35 PM","SC; All; สพม.นครราชสีมา; จักราชวิทยา; SC_จักราชวิทยา","รร.จักราชวิทยา"
"HFJVKP7WYT","SC1103","จักราชวิทยา_SC1103","จักราชวิทยา_SC1103_HFJVKP7WYT","Student_221_1030201383","Student221","Admin","obec68zone1@obec.org","iPad (A16) (Wi-Fi + Cellular 128 GB Silver)","26.5.0","357879850652708","AC:82:F0:AB:D3:98","6/8/2026 1:11:59 PM","SC; All; สพม.นครราชสีมา; จักราชวิทยา; SC_จักราชวิทยา","รร.จักราชวิทยา"
"K6925W2M65","SC742","จักราชวิทยา_SC742","จักราชวิทยา_SC742_K6925W2M65","Student_149_1030201383","Student149","Admin","obec68zone1@obec.org","iPad (A16) (Wi-Fi + Cellular 128 GB Silver)","26.5.0","357879850787975","AC:82:F0:A1:C0:E9","6/8/2026 1:11:38 PM","SC; All; สพม.นครราชสีมา; จักราชวิทยา; SC_จักราชวิทยา","รร.จักราชวิทยา"
"G90DJTCJQW","SC351","จักราชวิทยา_SC351","จักราชวิทยา_SC351_G90DJTCJQW","Student_71_1030201383","Student71","Admin","obec68zone1@obec.org","iPad (A16) (Wi-Fi + Cellular 128 GB Silver)","26.5.0","357879850020955","AC:82:F0:A3:66:58","6/8/2026 1:11:31 PM","SC; All; สพม.นครราชสีมา; จักราชวิทยา; SC_จักราชวิทยา","รร.จักราชวิทยา"
"K4XH74GW4C","SC868","จักราชวิทยา_SC868","จักราชวิทยา_SC868_K4XH74GW4C","Student_174_1030201383","Student174","Admin","obec68zone1@obec.org","iPad (A16) (Wi-Fi + Cellular 128 GB Silver)","26.1.0","357879850253770","AC:82:F0:A5:7D:21","6/8/2026 1:11:19 PM","SC; All; สพม.นครราชสีมา; จักราชวิทยา; SC_จักราชวิทยา","รร.จักราชวิทยา"
"MWQY929RHY","SC1012","จักราชวิทยา_SC1012","จักราชวิทยา_SC1012_MWQY929RHY","Student_203_1030201383","Student203","Admin","obec68zone1@obec.org","iPad (A16) (Wi-Fi + Cellular 128 GB Silver)","26.5.0","357879850370384","AC:82:F0:A5:58:E4","6/8/2026 1:11:18 PM","SC; All; สพม.นครราชสีมา; จักราชวิทยา; SC_จักราชวิทยา","รร.จักราชวิทยา"
"JQ2R7RQRQX","SC327","จักราชวิทยา_SC327","จักราชวิทยา_SC327_JQ2R7RQRQX","Student_66_1030201383","Student66","Admin","obec68zone1@obec.org","iPad (A16) (Wi-Fi + Cellular 128 GB Silver)","26.3.1 (a)","357879850857141","AC:82:F0:AC:6F:DD","6/8/2026 1:11:16 PM","SC; All; สพม.นครราชสีมา; จักราชวิทยา; SC_จักราชวิทยา","รร.จักราชวิทยา"
"LC27F5CC60","SC588","จักราชวิทยา_SC588","จักราชวิทยา_SC588_LC27F5CC60","Student_118_1030201383","Student118","Admin","obec68zone1@obec.org","iPad (A16) (Wi-Fi + Cellular 128 GB Silver)","26.5.0","357879850176351","AC:82:F0:9A:94:C7","6/8/2026 1:11:15 PM","SC; All; สพม.นครราชสีมา; จักราชวิทยา; SC_จักราชวิทยา","รร.จักราชวิทยา"
"G14YHL4TTH","SC553","จักราชวิทยา_SC553","จักราชวิทยา_SC553_G14YHL4TTH","Student_111_1030201383","Student111","Admin","obec68zone1@obec.org","iPad (A16) (Wi-Fi + Cellular 128 GB Silver)","26.3.1 (a)","357879850411154","AC:82:F0:AA:AA:25","6/8/2026 1:11:15 PM","SC; All; สพม.นครราชสีมา; จักราชวิทยา; SC_จักราชวิทยา","รร.จักราชวิทยา"
"D9CH2FFQNJ","TC89","จักราชวิทยา_TC89","จักราชวิทยา_TC89_D9CH2FFQNJ","Teacher_18_1030201383","Teacher18","Admin","obec68zone1@obec.org","iPad (A16) (Wi-Fi + Cellular 128 GB Silver)","26.5.0","357879850902525","AC:82:F0:99:3C:22","6/8/2026 1:11:08 PM","TC; All; สพม.นครราชสีมา; TC_จักราชวิทยา; จักราชวิทยา","รร.จักราชวิทยา"
"JQF2VXCQTQ","TC72","จักราชวิทยา_TC72","จักราชวิทยา_TC72_JQF2VXCQTQ","Teacher_15_1030201383","Teacher15","Admin","obec68zone1@obec.org","iPad (A16) (Wi-Fi + Cellular 128 GB Silver)","26.1.0","357879850746716","AC:82:F0:9F:44:A7","6/8/2026 1:08:39 PM","TC; All; สพม.นครราชสีมา; TC_จักราชวิทยา; จักราชวิทยา","รร.จักราชวิทยา"
"L1CYT6X71F","SC801","จักราชวิทยา_SC801","จักราชวิทยา_SC801_L1CYT6X71F","Student_161_1030201383","Student161","Admin","obec68zone1@obec.org","iPad (A16) (Wi-Fi + Cellular 128 GB Silver)","26.5.0","357879850164217","AC:82:F0:A3:C3:95","6/8/2026 1:08:20 PM","SC; All; สพม.นครราชสีมา; จักราชวิทยา; SC_จักราชวิทยา","รร.จักราชวิทยา"
"CD73QJ9Q6P","SC229","จักราชวิทยา_SC229","จักราชวิทยา_SC229_CD73QJ9Q6P","Student_46_1030201383","Student46","Admin","obec68zone1@obec.org","iPad (A16) (Wi-Fi + Cellular 128 GB Silver)","26.5.0","357879850386505","AC:82:F0:A1:D4:09","6/8/2026 1:07:31 PM","SC; All; สพม.นครราชสีมา; จักราชวิทยา; SC_จักราชวิทยา","รร.จักราชวิทยา"
"GYG020VQQM","SC630","จักราชวิทยา_SC630","จักราชวิทยา_SC630_GYG020VQQM","Student_126_1030201383","Student126","Admin","obec68zone1@obec.org","iPad (A16) (Wi-Fi + Cellular 128 GB Silver)","26.5.0","357879850235850","AC:82:F0:9F:76:C3","6/8/2026 1:07:27 PM","SC; All; สพม.นครราชสีมา; จักราชวิทยา; SC_จักราชวิทยา","รร.จักราชวิทยา"
"G7XCH2MVKD","SC782","จักราชวิทยา_SC782","จักราชวิทยา_SC782_G7XCH2MVKD","Student_157_1030201383","Student157","Admin","obec68zone1@obec.org","iPad (A16) (Wi-Fi + Cellular 128 GB Silver)","26.5.0","357879850827359","AC:82:F0:9A:85:AB","6/8/2026 1:06:20 PM","SC; All; สพม.นครราชสีมา; จักราชวิทยา; SC_จักราชวิทยา","รร.จักราชวิทยา"
"GTPF03GHVV","SC1083","จักราชวิทยา_SC1083","จักราชวิทยา_SC1083_GTPF03GHVV","Student_217_1030201383","Student217","Admin","obec68zone1@obec.org","iPad (A16) (Wi-Fi + Cellular 128 GB Silver)","26.5.0","357879850199841","AC:82:F0:A3:BC:BC","6/8/2026 1:06:19 PM","SC; All; สพม.นครราชสีมา; จักราชวิทยา; SC_จักราชวิทยา","รร.จักราชวิทยา"
"M2CK92YF3W","SC818","จักราชวิทยา_SC818","จักราชวิทยา_SC818_M2CK92YF3W","Student_164_1030201383","Student164","Admin","obec68zone1@obec.org","iPad (A16) (Wi-Fi + Cellular 128 GB Silver)","26.5.0","357879850460854","AC:82:F0:A7:F7:4C","6/8/2026 1:06:19 PM","SC; All; สพม.นครราชสีมา; จักราชวิทยา; SC_จักราชวิทยา","รร.จักราชวิทยา"
"JM92RJJ4C9","SC946","จักราชวิทยา_SC946","จักราชวิทยา_SC946_JM92RJJ4C9","Student_190_1030201383","Student190","Admin","obec68zone1@obec.org","iPad (A16) (Wi-Fi + Cellular 128 GB Silver)","26.5.0","357879850684305","AC:82:F0:A0:F6:7C","6/8/2026 1:06:19 PM","SC; All; สพม.นครราชสีมา; จักราชวิทยา; SC_จักราชวิทยา","รร.จักราชวิทยา"
"G9W91Y4CNK","SC167","จักราชวิทยา_SC167","จักราชวิทยา_SC167_G9W91Y4CNK","Student_34_1030201383","Student34","Admin","obec68zone1@obec.org","iPad (A16) (Wi-Fi + Cellular 128 GB Silver)","26.5.0","357585650706715","AC:82:F0:99:69:73","6/8/2026 1:06:19 PM","SC; All; สพม.นครราชสีมา; จักราชวิทยา; SC_จักราชวิทยา","รร.จักราชวิทยา"
"C9C91KFC7F","SC989","จักราชวิทยา_SC989","จักราชวิทยา_SC989_C9C91KFC7F","Student_198_1030201383","Student198","Admin","obec68zone1@obec.org","iPad (A16) (Wi-Fi + Cellular 128 GB Silver)","26.5.0","357879850542040","AC:82:F0:9D:E3:FF","6/8/2026 1:06:18 PM","SC; All; สพม.นครราชสีมา; จักราชวิทยา; SC_จักราชวิทยา","รร.จักราชวิทยา"
"K4N42LJ4NJ","SC14","จักราชวิทยา_SC14","จักราชวิทยา_SC14_K4N42LJ4NJ","Student_03_1030201383","Student03","Admin","obec68zone1@obec.org","iPad (A16) (Wi-Fi + Cellular 128 GB Silver)","26.5.0","350094260796171","AC:82:F0:A3:BC:2B","6/8/2026 1:06:18 PM","SC; All; สพม.นครราชสีมา; จักราชวิทยา; SC_จักราชวิทยา","รร.จักราชวิทยา"
"JT9374HM6Y","SC16","จักราชวิทยา_SC16","จักราชวิทยา_SC16_JT9374HM6Y","Student_04_1030201383","Student04","Admin","obec68zone1@obec.org","iPad (A16) (Wi-Fi + Cellular 128 GB Silver)","26.5.0","357585650345308","AC:82:F0:A0:08:3E","6/8/2026 1:06:17 PM","SC; All; สพม.นครราชสีมา; จักราชวิทยา; SC_จักราชวิทยา","รร.จักราชวิทยา"
"H24L02VXDR","SC271","จักราชวิทยา_SC271","จักราชวิทยา_SC271_H24L02VXDR","Student_55_1030201383","Student55","Admin","obec68zone1@obec.org","iPad (A16) (Wi-Fi + Cellular 128 GB Silver)","26.1.0","357879850604238","AC:82:F0:9E:A6:70","6/8/2026 1:06:17 PM","SC; All; สพม.นครราชสีมา; จักราชวิทยา; SC_จักราชวิทยา","รร.จักราชวิทยา"
"GHG7N7V254","SC298","จักราชวิทยา_SC298","จักราชวิทยา_SC298_GHG7N7V254","Student_60_1030201383","Student60","Admin","obec68zone1@obec.org","iPad (A16) (Wi-Fi + Cellular 128 GB Silver)","26.5.0","357879850805116","AC:82:F0:AC:BA:CE","6/8/2026 1:06:16 PM","SC; All; สพม.นครราชสีมา; จักราชวิทยา; SC_จักราชวิทยา","รร.จักราชวิทยา"
"FYXJ3XNHV6","SC665","จักราชวิทยา_SC665","จักราชวิทยา_SC665_FYXJ3XNHV6","Student_133_1030201383","Student133","Admin","obec68zone1@obec.org","iPad (A16) (Wi-Fi + Cellular 128 GB Silver)","26.1.0","357879850519857","AC:82:F0:A8:E2:B2","6/8/2026 1:06:16 PM","SC; All; สพม.นครราชสีมา; จักราชวิทยา; SC_จักราชวิทยา","รร.จักราชวิทยา"
"MD3HGMH67J","SC520","จักราชวิทยา_SC520","จักราชวิทยา_SC520_MD3HGMH67J","Student_104_1030201383","Student104","Admin","obec68zone1@obec.org","iPad (A16) (Wi-Fi + Cellular 128 GB Silver)","26.4.2","357879850467495","AC:82:F0:99:92:61","6/8/2026 1:06:15 PM","SC; All; สพม.นครราชสีมา; จักราชวิทยา; SC_จักราชวิทยา","รร.จักราชวิทยา"
"FTPGYD74HR","SC145","จักราชวิทยา_SC145","จักราชวิทยา_SC145_FTPGYD74HR","Student_29_1030201383","Student29","Admin","obec68zone1@obec.org","iPad (A16) (Wi-Fi + Cellular 128 GB Silver)","26.5.0","357585650302960","AC:82:F0:A7:1F:2B","6/8/2026 1:06:14 PM","SC; All; สพม.นครราชสีมา; จักราชวิทยา; SC_จักราชวิทยา","รร.จักราชวิทยา"
"FQ9K7DHQ3X","SC105","จักราชวิทยา_SC105","จักราชวิทยา_SC105_FQ9K7DHQ3X","Student_21_1030201383","Student21","Admin","obec68zone1@obec.org","iPad (A16) (Wi-Fi + Cellular 128 GB Silver)","26.1.0","357585650007916","AC:82:F0:A6:C4:8E","6/8/2026 1:06:14 PM","SC; All; สพม.นครราชสีมา; จักราชวิทยา; SC_จักราชวิทยา","รร.จักราชวิทยา"
"MQ93R4TXPF","TC71","จักราชวิทยา_TC71","จักราชวิทยา_TC71_MQ93R4TXPF","Teacher_15_1030201383","Teacher15","Admin","obec68zone1@obec.org","iPad (A16) (Wi-Fi + Cellular 128 GB Silver)","26.4.2","357879850441987","AC:82:F0:A9:BC:17","6/8/2026 1:06:06 PM","TC; All; สพม.นครราชสีมา; TC_จักราชวิทยา; จักราชวิทยา","รร.จักราชวิทยา"
"JP9334L509","SC163","จักราชวิทยา_SC163","จักราชวิทยา_SC163_JP9334L509","Student_33_1030201383","Student33","Admin","obec68zone1@obec.org","iPad (A16) (Wi-Fi + Cellular 128 GB Silver)","26.3.1 (a)","357585650574048","AC:82:F0:A3:97:DE","6/8/2026 1:06:01 PM","SC; All; สพม.นครราชสีมา; จักราชวิทยา; SC_จักราชวิทยา","รร.จักราชวิทยา"
"JW9JV61MV2","SC1021","จักราชวิทยา_SC1021","จักราชวิทยา_SC1021_JW9JV61MV2","Student_205_1030201383","Student205","Admin","obec68zone1@obec.org","iPad (A16) (Wi-Fi + Cellular 128 GB Silver)","26.5.0","357879850290574","AC:82:F0:AB:A5:4A","6/8/2026 1:03:25 PM","SC; All; สพม.นครราชสีมา; จักราชวิทยา; SC_จักราชวิทยา","รร.จักราชวิทยา"
"HHCWP2742V","SC994","จักราชวิทยา_SC994","จักราชวิทยา_SC994_HHCWP2742V","Student_199_1030201383","Student199","Admin","obec68zone1@obec.org","iPad (A16) (Wi-Fi + Cellular 128 GB Silver)","26.5.0","357879850307188","AC:82:F0:AE:0A:F3","6/8/2026 1:02:45 PM","SC; All; สพม.นครราชสีมา; จักราชวิทยา; SC_จักราชวิทยา","รร.จักราชวิทยา"
"FHQ41Q2NFY","SC882","จักราชวิทยา_SC882","จักราชวิทยา_SC882_FHQ41Q2NFY","Student_177_1030201383","Student177","Admin","obec68zone1@obec.org","iPad (A16) (Wi-Fi + Cellular 128 GB Silver)","26.5.0","357879850212032","AC:82:F0:A2:B7:A3","6/8/2026 1:02:05 PM","SC; All; สพม.นครราชสีมา; จักราชวิทยา; SC_จักราชวิทยา","รร.จักราชวิทยา"
"L127H4VQFL","SC816","จักราชวิทยา_SC816","จักราชวิทยา_SC816_L127H4VQFL","Student_164_1030201383","Student164","Admin","obec68zone1@obec.org","iPad (A16) (Wi-Fi + Cellular 128 GB Silver)","26.5.0","357879850573706","AC:82:F0:99:04:24","6/8/2026 1:01:49 PM","SC; All; สพม.นครราชสีมา; จักราชวิทยา; SC_จักราชวิทยา","รร.จักราชวิทยา"
"K7099M3Q2Y","SC826","จักราชวิทยา_SC826","จักราชวิทยา_SC826_K7099M3Q2Y","Student_166_1030201383","Student166","Admin","obec68zone1@obec.org","iPad (A16) (Wi-Fi + Cellular 128 GB Silver)","26.5.0","357879850050663","AC:82:F0:A9:6D:B5","6/8/2026 1:01:19 PM","SC; All; สพม.นครราชสีมา; จักราชวิทยา; SC_จักราชวิทยา","รร.จักราชวิทยา"
"FC2X024N6G","SC755","จักราชวิทยา_SC755","จักราชวิทยา_SC755_FC2X024N6G","Student_151_1030201383","Student151","Admin","obec68zone1@obec.org","iPad (A16) (Wi-Fi + Cellular 128 GB Silver)","26.5.0","357879850738242","AC:82:F0:AE:38:F1","6/8/2026 1:01:19 PM","SC; All; สพม.นครราชสีมา; จักราชวิทยา; SC_จักราชวิทยา","รร.จักราชวิทยา"
"ML66QV5T4Q","SC863","จักราชวิทยา_SC863","จักราชวิทยา_SC863_ML66QV5T4Q","Student_173_1030201383","Student173","Admin","obec68zone1@obec.org","iPad (A16) (Wi-Fi + Cellular 128 GB Silver)","26.5.0","357879850427457","AC:82:F0:A5:1E:7D","6/8/2026 1:01:18 PM","SC; All; สพม.นครราชสีมา; จักราชวิทยา; SC_จักราชวิทยา","รร.จักราชวิทยา"
"DFN6F4NWL6","SC391","จักราชวิทยา_SC391","จักราชวิทยา_SC391_DFN6F4NWL6","Student_79_1030201383","Student79","Admin","obec68zone1@obec.org","iPad (A16) (Wi-Fi + Cellular 128 GB Silver)","26.2.1","357879850370137","AC:82:F0:A7:00:5D","6/8/2026 1:01:17 PM","SC; All; สพม.นครราชสีมา; จักราชวิทยา; SC_จักราชวิทยา","รร.จักราชวิทยา"
"JHYRWVP7P9","SC741","จักราชวิทยา_SC741","จักราชวิทยา_SC741_JHYRWVP7P9","Student_149_1030201383","Student149","Admin","obec68zone1@obec.org","iPad (A16) (Wi-Fi + Cellular 128 GB Silver)","26.5.0","357879850249109","AC:82:F0:A5:86:B1","6/8/2026 1:01:16 PM","SC; All; สพม.นครราชสีมา; จักราชวิทยา; SC_จักราชวิทยา","รร.จักราชวิทยา"
"FPHHMQ9QDR","SC668","จักราชวิทยา_SC668","จักราชวิทยา_SC668_FPHHMQ9QDR","Student_134_1030201383","Student134","Admin","obec68zone1@obec.org","iPad (A16) (Wi-Fi + Cellular 128 GB Silver)","26.5.0","357879850452109","AC:82:F0:9F:96:ED","6/8/2026 1:01:16 PM","SC; All; สพม.นครราชสีมา; จักราชวิทยา; SC_จักราชวิทยา","รร.จักราชวิทยา"
"GP1QJG36R6","SC87","จักราชวิทยา_SC87","จักราชวิทยา_SC87_GP1QJG36R6","Student_18_1030201383","Student18","Admin","obec68zone1@obec.org","iPad (A16) (Wi-Fi + Cellular 128 GB Silver)","26.5.0","357585650177974","AC:82:F0:9E:EB:6B","6/8/2026 1:01:16 PM","SC; All; สพม.นครราชสีมา; จักราชวิทยา; SC_จักราชวิทยา","รร.จักราชวิทยา"
"L3VYGD6JRD","SC139","จักราชวิทยา_SC139","จักราชวิทยา_SC139_L3VYGD6JRD","Student_28_1030201383","Student28","Admin","obec68zone1@obec.org","iPad (A16) (Wi-Fi + Cellular 128 GB Silver)","26.5.0","357585650123713","AC:82:F0:9F:7D:FB","6/8/2026 1:01:15 PM","SC; All; สพม.นครราชสีมา; จักราชวิทยา; SC_จักราชวิทยา","รร.จักราชวิทยา"
"KW36CQT29Q","TC70","จักราชวิทยา_TC70","จักราชวิทยา_TC70_KW36CQT29Q","Teacher_14_1030201383","Teacher14","Admin","obec68zone1@obec.org","iPad (A16) (Wi-Fi + Cellular 128 GB Silver)","26.5.0","357879850951027","AC:82:F0:99:05:08","6/8/2026 1:01:06 PM","TC; All; สพม.นครราชสีมา; TC_จักราชวิทยา; จักราชวิทยา","รร.จักราชวิทยา"
"LWF6KVFVXJ","TC73","จักราชวิทยา_TC73","จักราชวิทยา_TC73_LWF6KVFVXJ","Teacher_15_1030201383","Teacher15","Admin","obec68zone1@obec.org","iPad (A16) (Wi-Fi + Cellular 128 GB Silver)","26.5.0","357879850456308","AC:82:F0:A7:0A:65","6/8/2026 1:01:06 PM","TC; All; สพม.นครราชสีมา; TC_จักราชวิทยา; จักราชวิทยา","รร.จักราชวิทยา"
"CG7L4LP671","SC537","จักราชวิทยา_SC537","จักราชวิทยา_SC537_CG7L4LP671","Student_108_1030201383","Student108","Admin","obec68zone1@obec.org","iPad (A16) (Wi-Fi + Cellular 128 GB Silver)","26.5.0","357879850964624","AC:82:F0:AD:93:08","6/8/2026 1:00:57 PM","SC; All; สพม.นครราชสีมา; จักราชวิทยา; SC_จักราชวิทยา","รร.จักราชวิทยา"
"LVQ2446VM2","SC963","จักราชวิทยา_SC963","จักราชวิทยา_SC963_LVQ2446VM2","Student_193_1030201383","Student193","Admin","obec68zone1@obec.org","iPad (A16) (Wi-Fi + Cellular 128 GB Silver)","26.5.0","357879850660685","AC:82:F0:A6:79:E5","6/8/2026 1:00:33 PM","SC; All; สพม.นครราชสีมา; จักราชวิทยา; SC_จักราชวิทยา","รร.จักราชวิทยา"
"FQ7TKHQL27","SC340","จักราชวิทยา_SC340","จักราชวิทยา_SC340_FQ7TKHQL27","Student_68_1030201383","Student68","Admin","obec68zone1@obec.org","iPad (A16) (Wi-Fi + Cellular 128 GB Silver)","26.5.0","357879850758208","AC:82:F0:98:B3:33","6/8/2026 12:59:07 PM","SC; All; สพม.นครราชสีมา; จักราชวิทยา; SC_จักราชวิทยา","รร.จักราชวิทยา"
"KY0RM26X3P","SC1100","จักราชวิทยา_SC1100","จักราชวิทยา_SC1100_KY0RM26X3P","Student_220_1030201383","Student220","Admin","obec68zone1@obec.org","iPad (A16) (Wi-Fi + Cellular 128 GB Silver)","26.5.0","357879850411170","AC:82:F0:AC:D7:63","6/8/2026 12:58:45 PM","SC; All; สพม.นครราชสีมา; จักราชวิทยา; SC_จักราชวิทยา","รร.จักราชวิทยา"
"J34F7V6HH7","SC1113","จักราชวิทยา_SC1113","จักราชวิทยา_SC1113_J34F7V6HH7","Student_223_1030201383","Student223","Admin","obec68zone1@obec.org","iPad (A16) (Wi-Fi + Cellular 128 GB Silver)","26.5.0","357879850786621","AC:82:F0:A8:5E:D2","6/8/2026 12:58:00 PM","SC; All; สพม.นครราชสีมา; จักราชวิทยา; SC_จักราชวิทยา","รร.จักราชวิทยา"
"G64M9VTGCQ","SC620","จักราชวิทยา_SC620","จักราชวิทยา_SC620_G64M9VTGCQ","Student_124_1030201383","Student124","Admin","obec68zone1@obec.org","iPad (A16) (Wi-Fi + Cellular 128 GB Silver)","26.1.0","357879850480084","AC:82:F0:A2:2E:53","6/8/2026 12:57:17 PM","SC; All; สพม.นครราชสีมา; จักราชวิทยา; SC_จักราชวิทยา","รร.จักราชวิทยา"
"LT4MW2XGF4","SC949","จักราชวิทยา_SC949","จักราชวิทยา_SC949_LT4MW2XGF4","Student_190_1030201383","Student190","Admin","obec68zone1@obec.org","iPad (A16) (Wi-Fi + Cellular 128 GB Silver)","26.5.0","357879850630282","AC:82:F0:9B:E0:60","6/8/2026 12:57:02 PM","SC; All; สพม.นครราชสีมา; จักราชวิทยา; SC_จักราชวิทยา","รร.จักราชวิทยา"
"GJHP9F0H6K","SC257","จักราชวิทยา_SC257","จักราชวิทยา_SC257_GJHP9F0H6K","Student_52_1030201383","Student52","Admin","obec68zone1@obec.org","iPad (A16) (Wi-Fi + Cellular 128 GB Silver)","26.5.0","357879850462652","AC:82:F0:AA:3A:50","6/8/2026 12:56:51 PM","SC; All; สพม.นครราชสีมา; จักราชวิทยา; SC_จักราชวิทยา","รร.จักราชวิทยา"
"K3JPKQ0KJG","SC592","จักราชวิทยา_SC592","จักราชวิทยา_SC592_K3JPKQ0KJG","Student_119_1030201383","Student119","Admin","obec68zone1@obec.org","iPad (A16) (Wi-Fi + Cellular 128 GB Silver)","26.5.0","357879850701463","AC:82:F0:A0:44:35","6/8/2026 12:56:30 PM","SC; All; สพม.นครราชสีมา; จักราชวิทยา; SC_จักราชวิทยา","รร.จักราชวิทยา"
"F7YW0JX6RW","SC1077","จักราชวิทยา_SC1077","จักราชวิทยา_SC1077_F7YW0JX6RW","Student_216_1030201383","Student216","Admin","obec68zone1@obec.org","iPad (A16) (Wi-Fi + Cellular 128 GB Silver)","26.5.0","357879850521556","AC:82:F0:9C:F9:D4","6/8/2026 12:56:18 PM","SC; All; สพม.นครราชสีมา; จักราชวิทยา; SC_จักราชวิทยา","รร.จักราชวิทยา"
"JMFV54CYWF","SC246","จักราชวิทยา_SC246","จักราชวิทยา_SC246_JMFV54CYWF","Student_50_1030201383","Student50","Admin","obec68zone1@obec.org","iPad (A16) (Wi-Fi + Cellular 128 GB Silver)","26.5.0","357879850198991","AC:82:F0:9E:D5:F6","6/8/2026 12:56:18 PM","SC; All; สพม.นครราชสีมา; จักราชวิทยา; SC_จักราชวิทยา","รร.จักราชวิทยา"
"FL2XG7Q2XD","SC881","จักราชวิทยา_SC881","จักราชวิทยา_SC881_FL2XG7Q2XD","Student_177_1030201383","Student177","Admin","obec68zone1@obec.org","iPad (A16) (Wi-Fi + Cellular 128 GB Silver)","26.5.0","357879850969441","AC:82:F0:9C:4E:D1","6/8/2026 12:56:17 PM","SC; All; สพม.นครราชสีมา; จักราชวิทยา; SC_จักราชวิทยา","รร.จักราชวิทยา"
"CXWHYPQ6HG","SC644","จักราชวิทยา_SC644","จักราชวิทยา_SC644_CXWHYPQ6HG","Student_129_1030201383","Student129","Admin","obec68zone1@obec.org","iPad (A16) (Wi-Fi + Cellular 128 GB Silver)","26.1.0","357879850748126","AC:82:F0:A5:7C:48","6/8/2026 12:56:16 PM","SC; All; สพม.นครราชสีมา; จักราชวิทยา; SC_จักราชวิทยา","รร.จักราชวิทยา"
"LN9H3QHH5M","SC478","จักราชวิทยา_SC478","จักราชวิทยา_SC478_LN9H3QHH5M","Student_96_1030201383","Student96","Admin","obec68zone1@obec.org","iPad (A16) (Wi-Fi + Cellular 128 GB Silver)","26.5.0","357879850199643","AC:82:F0:AD:E2:DB","6/8/2026 12:56:16 PM","SC; All; สพม.นครราชสีมา; จักราชวิทยา; SC_จักราชวิทยา","รร.จักราชวิทยา"
"GT6LXWK4KG","SC489","จักราชวิทยา_SC489","จักราชวิทยา_SC489_GT6LXWK4KG","Student_98_1030201383","Student98","Admin","obec68zone1@obec.org","iPad (A16) (Wi-Fi + Cellular 128 GB Silver)","26.5.0","357879850481975","AC:82:F0:AA:94:AF","6/8/2026 12:56:15 PM","SC; All; สพม.นครราชสีมา; จักราชวิทยา; SC_จักราชวิทยา","รร.จักราชวิทยา"
"K7L3C4W91Y","SC672","จักราชวิทยา_SC672","จักราชวิทยา_SC672_K7L3C4W91Y","Student_135_1030201383","Student135","Admin","obec68zone1@obec.org","iPad (A16) (Wi-Fi + Cellular 128 GB Silver)","26.5.0","357879850694155","AC:82:F0:A2:B0:F6","6/8/2026 12:56:15 PM","SC; All; สพม.นครราชสีมา; จักราชวิทยา; SC_จักราชวิทยา","รร.จักราชวิทยา"
"GQQPR7G2DW","SC186","จักราชวิทยา_SC186","จักราชวิทยา_SC186_GQQPR7G2DW","Student_38_1030201383","Student38","Admin","obec68zone1@obec.org","iPad (A16) (Wi-Fi + Cellular 128 GB Silver)","26.5.0","357585650506230","AC:82:F0:99:C1:FB","6/8/2026 12:56:15 PM","SC; All; สพม.นครราชสีมา; จักราชวิทยา; SC_จักราชวิทยา","รร.จักราชวิทยา"
"FJX6VD6626","SC676","จักราชวิทยา_SC676","จักราชวิทยา_SC676_FJX6VD6626","Student_136_1030201383","Student136","Admin","obec68zone1@obec.org","iPad (A16) (Wi-Fi + Cellular 128 GB Silver)","26.5.0","357879850468907","AC:82:F0:AD:D8:E5","6/8/2026 12:56:15 PM","SC; All; สพม.นครราชสีมา; จักราชวิทยา; SC_จักราชวิทยา","รร.จักราชวิทยา"
"FFQLH32QC1","SC338","จักราชวิทยา_SC338","จักราชวิทยา_SC338_FFQLH32QC1","Student_68_1030201383","Student68","Admin","obec68zone1@obec.org","iPad (A16) (Wi-Fi + Cellular 128 GB Silver)","26.5.0","357879850534906","AC:82:F0:AC:74:91","6/8/2026 12:56:15 PM","SC; All; สพม.นครราชสีมา; จักราชวิทยา; SC_จักราชวิทยา","รร.จักราชวิทยา"
"GXLWL96V34","SC299","จักราชวิทยา_SC299","จักราชวิทยา_SC299_GXLWL96V34","Student_60_1030201383","Student60","Admin","obec68zone1@obec.org","iPad (A16) (Wi-Fi + Cellular 128 GB Silver)","26.5.0","357879850491206","AC:82:F0:9B:3E:5A","6/8/2026 12:56:14 PM","SC; All; สพม.นครราชสีมา; จักราชวิทยา; SC_จักราชวิทยา","รร.จักราชวิทยา"
"FFWW54K6RW","SC119","จักราชวิทยา_SC119","จักราชวิทยา_SC119_FFWW54K6RW","Student_24_1030201383","Student24","Admin","obec68zone1@obec.org","iPad (A16) (Wi-Fi + Cellular 128 GB Silver)","26.4.2","357585650242471","AC:82:F0:AD:80:A8","6/8/2026 12:56:13 PM","SC; All; สพม.นครราชสีมา; จักราชวิทยา; SC_จักราชวิทยา","รร.จักราชวิทยา"
"J2L54N4J4W","SC08","จักราชวิทยา_SC08","จักราชวิทยา_SC08_J2L54N4J4W","Student_02_1030201383","Student02","Admin","obec68zone1@obec.org","iPad (A16) (Wi-Fi + Cellular 128 GB Silver)","26.5.0","357879850599693","AC:82:F0:9A:32:04","6/8/2026 12:56:13 PM","SC; All; สพม.นครราชสีมา; จักราชวิทยา; SC_จักราชวิทยา","รร.จักราชวิทยา"
"F67P12Y0Y3","SC839","จักราชวิทยา_SC839","จักราชวิทยา_SC839_F67P12Y0Y3","Student_168_1030201383","Student168","Admin","obec68zone1@obec.org","iPad (A16) (Wi-Fi + Cellular 128 GB Silver)","26.5.0","357879850902012","AC:82:F0:99:67:D4","6/8/2026 12:55:48 PM","SC; All; สพม.นครราชสีมา; จักราชวิทยา; SC_จักราชวิทยา","รร.จักราชวิทยา"
"GPVGHG6FM3","SC345","จักราชวิทยา_SC345","จักราชวิทยา_SC345_GPVGHG6FM3","Student_69_1030201383","Student69","Admin","obec68zone1@obec.org","iPad (A16) (Wi-Fi + Cellular 128 GB Silver)","26.1.0","357879850645009","AC:82:F0:A8:70:20","6/8/2026 12:54:10 PM","SC; All; สพม.นครราชสีมา; จักราชวิทยา; SC_จักราชวิทยา","รร.จักราชวิทยา"
"LXK2D7J30J","SC853","จักราชวิทยา_SC853","จักราชวิทยา_SC853_LXK2D7J30J","Student_171_1030201383","Student171","Admin","obec68zone1@obec.org","iPad (A16) (Wi-Fi + Cellular 128 GB Silver)","26.5.0","357879850750908","AC:82:F0:A4:2B:53","6/8/2026 12:53:27 PM","SC; All; สพม.นครราชสีมา; จักราชวิทยา; SC_จักราชวิทยา","รร.จักราชวิทยา"
"C9VTX4N1F4","SC317","จักราชวิทยา_SC317","จักราชวิทยา_SC317_C9VTX4N1F4","Student_64_1030201383","Student64","Admin","obec68zone1@obec.org","iPad (A16) (Wi-Fi + Cellular 128 GB Silver)","26.3.1","357879850374238","AC:82:F0:AC:BC:5F","6/8/2026 12:53:22 PM","SC; All; สพม.นครราชสีมา; จักราชวิทยา; SC_จักราชวิทยา","รร.จักราชวิทยา"
"JMQ96WP6VV","SC357","จักราชวิทยา_SC357","จักราชวิทยา_SC357_JMQ96WP6VV","Student_72_1030201383","Student72","Admin","obec68zone1@obec.org","iPad (A16) (Wi-Fi + Cellular 128 GB Silver)","26.3.1 (a)","357879850884020","AC:82:F0:99:02:78","6/8/2026 12:53:17 PM","SC; All; สพม.นครราชสีมา; จักราชวิทยา; SC_จักราชวิทยา","รร.จักราชวิทยา"
"J3V3XYH7RW","SC901","จักราชวิทยา_SC901","จักราชวิทยา_SC901_J3V3XYH7RW","Student_181_1030201383","Student181","Admin","obec68zone1@obec.org","iPad (A16) (Wi-Fi + Cellular 128 GB Silver)","26.5.0","357879850227808","AC:82:F0:A4:4C:03","6/8/2026 12:53:05 PM","SC; All; สพม.นครราชสีมา; จักราชวิทยา; SC_จักราชวิทยา","รร.จักราชวิทยา"
"K9JFYY3N20","SC439","จักราชวิทยา_SC439","จักราชวิทยา_SC439_K9JFYY3N20","Student_88_1030201383","Student88","Admin","obec68zone1@obec.org","iPad (A16) (Wi-Fi + Cellular 128 GB Silver)","26.5.0","357879850820388","AC:82:F0:9F:88:A5","6/8/2026 12:51:50 PM","SC; All; สพม.นครราชสีมา; จักราชวิทยา; SC_จักราชวิทยา","รร.จักราชวิทยา"
"L504JNY66W","SC910","จักราชวิทยา_SC910","จักราชวิทยา_SC910_L504JNY66W","Student_182_1030201383","Student182","Admin","obec68zone1@obec.org","iPad (A16) (Wi-Fi + Cellular 128 GB Silver)","26.5.0","357879850997772","AC:82:F0:A9:31:00","6/8/2026 12:51:36 PM","SC; All; สพม.นครราชสีมา; จักราชวิทยา; SC_จักราชวิทยา","รร.จักราชวิทยา"
"FJ4GVKL74R","SC789","จักราชวิทยา_SC789","จักราชวิทยา_SC789_FJ4GVKL74R","Student_158_1030201383","Student158","Admin","obec68zone1@obec.org","iPad (A16) (Wi-Fi + Cellular 128 GB Silver)","26.5.0","357879850783776","AC:82:F0:AC:71:DE","6/8/2026 12:51:22 PM","SC; All; สพม.นครราชสีมา; จักราชวิทยา; SC_จักราชวิทยา","รร.จักราชวิทยา"
"CL9G0P2DQK","SC1076","จักราชวิทยา_SC1076","จักราชวิทยา_SC1076_CL9G0P2DQK","Student_216_1030201383","Student216","Admin","obec68zone1@obec.org","iPad (A16) (Wi-Fi + Cellular 128 GB Silver)","26.5.0","357879850984143","AC:82:F0:9C:18:B7","6/8/2026 12:51:21 PM","SC; All; สพม.นครราชสีมา; จักราชวิทยา; SC_จักราชวิทยา","รร.จักราชวิทยา"
"LJYR2YGVMR","SC1088","จักราชวิทยา_SC1088","จักราชวิทยา_SC1088_LJYR2YGVMR","Student_218_1030201383","Student218","Admin","obec68zone1@obec.org","iPad (A16) (Wi-Fi + Cellular 128 GB Silver)","26.5.0","357879850408317","AC:82:F0:A1:D6:D3","6/8/2026 12:51:21 PM","SC; All; สพม.นครราชสีมา; จักราชวิทยา; SC_จักราชวิทยา","รร.จักราชวิทยา"
"KN4XWJYKW0","SC756","จักราชวิทยา_SC756","จักราชวิทยา_SC756_KN4XWJYKW0","Student_152_1030201383","Student152","Admin","obec68zone1@obec.org","iPad (A16) (Wi-Fi + Cellular 128 GB Silver)","26.5.0","357879850379666","AC:82:F0:A4:DB:04","6/8/2026 12:51:21 PM","SC; All; สพม.นครราชสีมา; จักราชวิทยา; SC_จักราชวิทยา","รร.จักราชวิทยา"
"LKF7QM3H42","SC1069","จักราชวิทยา_SC1069","จักราชวิทยา_SC1069_LKF7QM3H42","Student_214_1030201383","Student214","Admin","obec68zone1@obec.org","iPad (A16) (Wi-Fi + Cellular 128 GB Silver)","26.5.0","357879850947629","AC:82:F0:A5:14:C6","6/8/2026 12:51:21 PM","SC; All; สพม.นครราชสีมา; จักราชวิทยา; SC_จักราชวิทยา","รร.จักราชวิทยา"
"GJG2YWG02F","SC987","จักราชวิทยา_SC987","จักราชวิทยา_SC987_GJG2YWG02F","Student_198_1030201383","Student198","Admin","obec68zone1@obec.org","iPad (A16) (Wi-Fi + Cellular 128 GB Silver)","26.5.0","357879850048519","AC:82:F0:A7:A8:F4","6/8/2026 12:51:20 PM","SC; All; สพม.นครราชสีมา; จักราชวิทยา; SC_จักราชวิทยา","รร.จักราชวิทยา"
"F79FC4PH34","SC371","จักราชวิทยา_SC371","จักราชวิทยา_SC371_F79FC4PH34","Student_75_1030201383","Student75","Admin","obec68zone1@obec.org","iPad (A16) (Wi-Fi + Cellular 128 GB Silver)","26.5.0","357879850539343","AC:82:F0:99:2A:98","6/8/2026 12:51:18 PM","SC; All; สพม.นครราชสีมา; จักราชวิทยา; SC_จักราชวิทยา","รร.จักราชวิทยา"
"CC9Y32V00V","SC549","จักราชวิทยา_SC549","จักราชวิทยา_SC549_CC9Y32V00V","Student_110_1030201383","Student110","Admin","obec68zone1@obec.org","iPad (A16) (Wi-Fi + Cellular 128 GB Silver)","26.3.1 (a)","357879850639648","AC:82:F0:9C:35:66","6/8/2026 12:51:18 PM","SC; All; สพม.นครราชสีมา; จักราชวิทยา; SC_จักราชวิทยา","รร.จักราชวิทยา"
"MKG9463PC6","SC264","จักราชวิทยา_SC264","จักราชวิทยา_SC264_MKG9463PC6","Student_53_1030201383","Student53","Admin","obec68zone1@obec.org","iPad (A16) (Wi-Fi + Cellular 128 GB Silver)","26.5.0","357879850711256","AC:82:F0:AB:51:FE","6/8/2026 12:51:18 PM","SC; All; สพม.นครราชสีมา; จักราชวิทยา; SC_จักราชวิทยา","รร.จักราชวิทยา"
"D7YY7XL4WH","SC245","จักราชวิทยา_SC245","จักราชวิทยา_SC245_D7YY7XL4WH","Student_49_1030201383","Student49","Admin","obec68zone1@obec.org","iPad (A16) (Wi-Fi + Cellular 128 GB Silver)","26.1.0","357879850985173","AC:82:F0:AC:F8:F9","6/8/2026 12:51:17 PM","SC; All; สพม.นครราชสีมา; จักราชวิทยา; SC_จักราชวิทยา","รร.จักราชวิทยา"
"HGJGWRQRPK","SC231","จักราชวิทยา_SC231","จักราชวิทยา_SC231_HGJGWRQRPK","Student_47_1030201383","Student47","Admin","obec68zone1@obec.org","iPad (A16) (Wi-Fi + Cellular 128 GB Silver)","26.5.0","357879850079787","AC:82:F0:9E:C2:AB","6/8/2026 12:51:17 PM","SC; All; สพม.นครราชสีมา; จักราชวิทยา; SC_จักราชวิทยา","รร.จักราชวิทยา"
"H7G1Q06XJK","SC190","จักราชวิทยา_SC190","จักราชวิทยา_SC190_H7G1Q06XJK","Student_38_1030201383","Student38","Admin","obec68zone1@obec.org","iPad (A16) (Wi-Fi + Cellular 128 GB Silver)","26.5.0","357585650624595","AC:82:F0:9F:BA:14","6/8/2026 12:51:17 PM","SC; All; สพม.นครราชสีมา; จักราชวิทยา; SC_จักราชวิทยา","รร.จักราชวิทยา"
"KLW7VR2W7L","SC65","จักราชวิทยา_SC65","จักราชวิทยา_SC65_KLW7VR2W7L","Student_13_1030201383","Student13","Admin","obec68zone1@obec.org","iPad (A16) (Wi-Fi + Cellular 128 GB Silver)","26.5.0","357585650386187","AC:82:F0:9B:C3:8F","6/8/2026 12:51:16 PM","SC; All; สพม.นครราชสีมา; จักราชวิทยา; SC_จักราชวิทยา","รร.จักราชวิทยา"
"GJ03K9Y52R","TC86","จักราชวิทยา_TC86","จักราชวิทยา_TC86_GJ03K9Y52R","Teacher_18_1030201383","Teacher18","Admin","obec68zone1@obec.org","iPad (A16) (Wi-Fi + Cellular 128 GB Silver)","26.5.0","357879850749975","AC:82:F0:AD:92:DA","6/8/2026 12:51:06 PM","TC; All; สพม.นครราชสีมา; TC_จักราชวิทยา; จักราชวิทยา","รร.จักราชวิทยา"
"LLK9PF09MY","TC107","จักราชวิทยา_TC107","จักราชวิทยา_TC107_LLK9PF09MY","Teacher_22_1030201383","Teacher22","Admin","obec68zone1@obec.org","iPad (A16) (Wi-Fi + Cellular 128 GB Silver)","26.5.0","357879850429842","AC:82:F0:A9:4D:38","6/8/2026 12:50:51 PM","TC; All; สพม.นครราชสีมา; TC_จักราชวิทยา; จักราชวิทยา","รร.จักราชวิทยา"
"DY7N00T3NX","SC871","จักราชวิทยา_SC871","จักราชวิทยา_SC871_DY7N00T3NX","Student_175_1030201383","Student175","Admin","obec68zone1@obec.org","iPad (A16) (Wi-Fi + Cellular 128 GB Silver)","26.5.0","357879850575578","AC:82:F0:AD:D7:95","6/8/2026 12:50:41 PM","SC; All; สพม.นครราชสีมา; จักราชวิทยา; SC_จักราชวิทยา","รร.จักราชวิทยา"
"JRVVMM4CTJ","SC444","จักราชวิทยา_SC444","จักราชวิทยา_SC444_JRVVMM4CTJ","Student_89_1030201383","Student89","Admin","obec68zone1@obec.org","iPad (A16) (Wi-Fi + Cellular 128 GB Silver)","26.5.0","357879850131984","AC:82:F0:9A:3B:AB","6/8/2026 12:50:15 PM","SC; All; สพม.นครราชสีมา; จักราชวิทยา; SC_จักราชวิทยา","รร.จักราชวิทยา"
"M42YYDWP4P","SC166","จักราชวิทยา_SC166","จักราชวิทยา_SC166_M42YYDWP4P","Student_34_1030201383","Student34","Admin","obec68zone1@obec.org","iPad (A16) (Wi-Fi + Cellular 128 GB Silver)","26.1.0","357585650110801","AC:82:F0:A4:0E:1A","6/8/2026 12:50:11 PM","SC; All; สพม.นครราชสีมา; จักราชวิทยา; SC_จักราชวิทยา","รร.จักราชวิทยา"
"D6Q1C322QR","SC344","จักราชวิทยา_SC344","จักราชวิทยา_SC344_D6Q1C322QR","Student_69_1030201383","Student69","Admin","obec68zone1@obec.org","iPad (A16) (Wi-Fi + Cellular 128 GB Silver)","26.5.0","357879850579786","AC:82:F0:AC:C6:6F","6/8/2026 12:49:51 PM","SC; All; สพม.นครราชสีมา; จักราชวิทยา; SC_จักราชวิทยา","รร.จักราชวิทยา"
"MGT2QDT72M","SC1026","จักราชวิทยา_SC1026","จักราชวิทยา_SC1026_MGT2QDT72M","Student_206_1030201383","Student206","Admin","obec68zone1@obec.org","iPad (A16) (Wi-Fi + Cellular 128 GB Silver)","26.5.0","357879850010170","AC:82:F0:A4:AE:B8","6/8/2026 12:49:39 PM","SC; All; สพม.นครราชสีมา; จักราชวิทยา; SC_จักราชวิทยา","รร.จักราชวิทยา"
"KTV7FPPVHD","SC894","จักราชวิทยา_SC894","จักราชวิทยา_SC894_KTV7FPPVHD","Student_179_1030201383","Student179","Admin","obec68zone1@obec.org","iPad (A16) (Wi-Fi + Cellular 128 GB Silver)","26.5.0","357879850258910","AC:82:F0:A7:F6:08","6/8/2026 12:49:37 PM","SC; All; สพม.นครราชสีมา; จักราชวิทยา; SC_จักราชวิทยา","รร.จักราชวิทยา"
"LVCXFHVHQH","SC447","จักราชวิทยา_SC447","จักราชวิทยา_SC447_LVCXFHVHQH","Student_90_1030201383","Student90","Admin","obec68zone1@obec.org","iPad (A16) (Wi-Fi + Cellular 128 GB Silver)","26.5.0","357879850653417","AC:82:F0:A1:38:C7","6/8/2026 12:49:17 PM","SC; All; สพม.นครราชสีมา; จักราชวิทยา; SC_จักราชวิทยา","รร.จักราชวิทยา"
"G09DPFHM3H","SC249","จักราชวิทยา_SC249","จักราชวิทยา_SC249_G09DPFHM3H","Student_50_1030201383","Student50","Admin","obec68zone1@obec.org","iPad (A16) (Wi-Fi + Cellular 128 GB Silver)","26.1.0","357879850978616","AC:82:F0:A9:34:57","6/8/2026 12:49:11 PM","SC; All; สพม.นครราชสีมา; จักราชวิทยา; SC_จักราชวิทยา","รร.จักราชวิทยา"
"DC6TK2W39N","SC49","จักราชวิทยา_SC49","จักราชวิทยา_SC49_DC6TK2W39N","Student_10_1030201383","Student10","Admin","obec68zone1@obec.org","iPad (A16) (Wi-Fi + Cellular 128 GB Silver)","26.5.0","357585650341349","AC:82:F0:A0:46:22","6/8/2026 12:49:08 PM","SC; All; สพม.นครราชสีมา; จักราชวิทยา; SC_จักราชวิทยา","รร.จักราชวิทยา"
"GKPF7F2VNC","SC157","จักราชวิทยา_SC157","จักราชวิทยา_SC157_GKPF7F2VNC","Student_32_1030201383","Student32","Admin","obec68zone1@obec.org","iPad (A16) (Wi-Fi + Cellular 128 GB Silver)","26.5.0","357879850013232","AC:82:F0:A4:39:CD","6/8/2026 12:49:05 PM","SC; All; สพม.นครราชสีมา; จักราชวิทยา; SC_จักราชวิทยา","รร.จักราชวิทยา"
"F3H7PWCC7V","SC1094","จักราชวิทยา_SC1094","จักราชวิทยา_SC1094_F3H7PWCC7V","Student_219_1030201383","Student219","Admin","obec68zone1@obec.org","iPad (A16) (Wi-Fi + Cellular 128 GB Silver)","26.5.0","357879850139896","AC:82:F0:9F:5A:73","6/8/2026 12:48:49 PM","SC; All; สพม.นครราชสีมา; จักราชวิทยา; SC_จักราชวิทยา","รร.จักราชวิทยา"
"C5705N91CW","SC58","จักราชวิทยา_SC58","จักราชวิทยา_SC58_C5705N91CW","Student_12_1030201383","Student12","Admin","obec68zone1@obec.org","iPad (A16) (Wi-Fi + Cellular 128 GB Silver)","26.5.0","357585650114787","AC:82:F0:99:A5:C6","6/8/2026 12:48:46 PM","SC; All; สพม.นครราชสีมา; จักราชวิทยา; SC_จักราชวิทยา","รร.จักราชวิทยา"
"GHHDF9P1V4","SC908","จักราชวิทยา_SC908","จักราชวิทยา_SC908_GHHDF9P1V4","Student_182_1030201383","Student182","Admin","obec68zone1@obec.org","iPad (A16) (Wi-Fi + Cellular 128 GB Silver)","26.5.0","357879850906344","AC:82:F0:A3:4A:81","6/8/2026 12:48:38 PM","SC; All; สพม.นครราชสีมา; จักราชวิทยา; SC_จักราชวิทยา","รร.จักราชวิทยา"
"J9F7X5C3G7","TC64","จักราชวิทยา_TC64","จักราชวิทยา_TC64_J9F7X5C3G7","Teacher_13_1030201383","Teacher13","Admin","obec68zone1@obec.org","iPad (A16) (Wi-Fi + Cellular 128 GB Silver)","26.5.0","357879850007994","AC:82:F0:AD:B6:14","6/8/2026 12:48:34 PM","TC; All; สพม.นครราชสีมา; TC_จักราชวิทยา; จักราชวิทยา","รร.จักราชวิทยา"
"H49TF5W4JX","SC333","จักราชวิทยา_SC333","จักราชวิทยา_SC333_H49TF5W4JX","Student_67_1030201383","Student67","Admin","obec68zone1@obec.org","iPad (A16) (Wi-Fi + Cellular 128 GB Silver)","26.5.0","357879850335510","AC:82:F0:A3:AF:F8","6/8/2026 12:48:29 PM","SC; All; สพม.นครราชสีมา; จักราชวิทยา; SC_จักราชวิทยา","รร.จักราชวิทยา"
"LP645F76T9","SC293","จักราชวิทยา_SC293","จักราชวิทยา_SC293_LP645F76T9","Student_59_1030201383","Student59","Admin","obec68zone1@obec.org","iPad (A16) (Wi-Fi + Cellular 128 GB Silver)","26.5.0","357879850229630","AC:82:F0:AA:67:53","6/8/2026 12:48:20 PM","SC; All; สพม.นครราชสีมา; จักราชวิทยา; SC_จักราชวิทยา","รร.จักราชวิทยา"
"FXXWCDKKXT","SC864","จักราชวิทยา_SC864","จักราชวิทยา_SC864_FXXWCDKKXT","Student_173_1030201383","Student173","Admin","obec68zone1@obec.org","iPad (A16) (Wi-Fi + Cellular 128 GB Silver)","26.5.0","357879850265626","AC:82:F0:A2:A0:D6","6/8/2026 12:48:17 PM","SC; All; สพม.นครราชสีมา; จักราชวิทยา; SC_จักราชวิทยา","รร.จักราชวิทยา"
"DFL7TXT4ML","SC155","จักราชวิทยา_SC155","จักราชวิทยา_SC155_DFL7TXT4ML","Student_31_1030201383","Student31","Admin","obec68zone1@obec.org","iPad (A16) (Wi-Fi + Cellular 128 GB Silver)","26.5.0","357585650692931","AC:82:F0:A1:DA:56","6/8/2026 12:48:09 PM","SC; All; สพม.นครราชสีมา; จักราชวิทยา; SC_จักราชวิทยา","รร.จักราชวิทยา"
"J46MVW4393","SC890","จักราชวิทยา_SC890","จักราชวิทยา_SC890_J46MVW4393","Student_178_1030201383","Student178","Admin","obec68zone1@obec.org","iPad (A16) (Wi-Fi + Cellular 128 GB Silver)","26.5.0","357879850541281","AC:82:F0:A9:CC:16","6/8/2026 12:47:58 PM","SC; All; สพม.นครราชสีมา; จักราชวิทยา; SC_จักราชวิทยา","รร.จักราชวิทยา"
"FVKWD750DC","SC94","จักราชวิทยา_SC94","จักราชวิทยา_SC94_FVKWD750DC","Student_19_1030201383","Student19","Admin","obec68zone1@obec.org","iPad (A16) (Wi-Fi + Cellular 128 GB Silver)","26.5.0","357585650850067","AC:82:F0:AD:BA:23","6/8/2026 12:47:47 PM","SC; All; สพม.นครราชสีมา; จักราชวิทยา; SC_จักราชวิทยา","รร.จักราชวิทยา"
"KFQPH725JC","SC477","จักราชวิทยา_SC477","จักราชวิทยา_SC477_KFQPH725JC","Student_96_1030201383","Student96","Admin","obec68zone1@obec.org","iPad (A16) (Wi-Fi + Cellular 128 GB Silver)","26.5.0","357879850450830","AC:82:F0:A9:A1:37","6/8/2026 12:47:42 PM","SC; All; สพม.นครราชสีมา; จักราชวิทยา; SC_จักราชวิทยา","รร.จักราชวิทยา"
"FVPF61T4Y6","SC314","จักราชวิทยา_SC314","จักราชวิทยา_SC314_FVPF61T4Y6","Student_63_1030201383","Student63","Admin","obec68zone1@obec.org","iPad (A16) (Wi-Fi + Cellular 128 GB Silver)","26.5.0","357879850847647","AC:82:F0:A1:BE:FA","6/8/2026 12:47:42 PM","SC; All; สพม.นครราชสีมา; จักราชวิทยา; SC_จักราชวิทยา","รร.จักราชวิทยา"
"FHYTR4LQ0L","SC778","จักราชวิทยา_SC778","จักราชวิทยา_SC778_FHYTR4LQ0L","Student_156_1030201383","Student156","Admin","obec68zone1@obec.org","iPad (A16) (Wi-Fi + Cellular 128 GB Silver)","26.5.0","357879850177219","AC:82:F0:AC:6F:40","6/8/2026 12:47:32 PM","SC; All; สพม.นครราชสีมา; จักราชวิทยา; SC_จักราชวิทยา","รร.จักราชวิทยา"
"KYPHYPPWQY","SC1034","จักราชวิทยา_SC1034","จักราชวิทยา_SC1034_KYPHYPPWQY","Student_207_1030201383","Student207","Admin","obec68zone1@obec.org","iPad (A16) (Wi-Fi + Cellular 128 GB Silver)","26.5.0","357879850069739","AC:82:F0:A3:55:B0","6/8/2026 12:47:30 PM","SC; All; สพม.นครราชสีมา; จักราชวิทยา; SC_จักราชวิทยา","รร.จักราชวิทยา"
"LYYXH4V4HP","SC471","จักราชวิทยา_SC471","จักราชวิทยา_SC471_LYYXH4V4HP","Student_95_1030201383","Student95","Admin","obec68zone1@obec.org","iPad (A16) (Wi-Fi + Cellular 128 GB Silver)","26.1.0","357879850180387","AC:82:F0:9D:9C:48","6/8/2026 12:47:23 PM","SC; All; สพม.นครราชสีมา; จักราชวิทยา; SC_จักราชวิทยา","รร.จักราชวิทยา"
"G6QGX5M0VD","SC534","จักราชวิทยา_SC534","จักราชวิทยา_SC534_G6QGX5M0VD","Student_107_1030201383","Student107","Admin","obec68zone1@obec.org","iPad (A16) (Wi-Fi + Cellular 128 GB Silver)","26.5.0","357879850602919","AC:82:F0:A5:9B:E1","6/8/2026 12:46:30 PM","SC; All; สพม.นครราชสีมา; จักราชวิทยา; SC_จักราชวิทยา","รร.จักราชวิทยา"
"J22PK949LY","SC1118","จักราชวิทยา_SC1118","จักราชวิทยา_SC1118_J22PK949LY","Student_224_1030201383","Student224","Admin","obec68zone1@obec.org","iPad (A16) (Wi-Fi + Cellular 128 GB Silver)","26.1.0","357879850598083","AC:82:F0:9A:E6:DE","6/8/2026 12:46:21 PM","SC; All; สพม.นครราชสีมา; จักราชวิทยา; SC_จักราชวิทยา","รร.จักราชวิทยา"
"F490XV2547","SC898","จักราชวิทยา_SC898","จักราชวิทยา_SC898_F490XV2547","Student_180_1030201383","Student180","Admin","obec68zone1@obec.org","iPad (A16) (Wi-Fi + Cellular 128 GB Silver)","26.5.0","357879850098837","AC:82:F0:AC:0D:AE","6/8/2026 12:46:20 PM","SC; All; สพม.นครราชสีมา; จักราชวิทยา; SC_จักราชวิทยา","รร.จักราชวิทยา"
"M22C4Y9VCC","SC253","จักราชวิทยา_SC253","จักราชวิทยา_SC253_M22C4Y9VCC","Student_51_1030201383","Student51","Admin","obec68zone1@obec.org","iPad (A16) (Wi-Fi + Cellular 128 GB Silver)","26.5.0","357879850109295","AC:82:F0:A7:D9:FA","6/8/2026 12:46:17 PM","SC; All; สพม.นครราชสีมา; จักราชวิทยา; SC_จักราชวิทยา","รร.จักราชวิทยา"
"KW4G0QDGJP","SC696","จักราชวิทยา_SC696","จักราชวิทยา_SC696_KW4G0QDGJP","Student_140_1030201383","Student140","Admin","obec68zone1@obec.org","iPad (A16) (Wi-Fi + Cellular 128 GB Silver)","26.5.0","357879850712320","AC:82:F0:98:AD:0D","6/8/2026 12:46:17 PM","SC; All; สพม.นครราชสีมา; จักราชวิทยา; SC_จักราชวิทยา","รร.จักราชวิทยา"
"FYT79KVQ31","SC496","จักราชวิทยา_SC496","จักราชวิทยา_SC496_FYT79KVQ31","Student_100_1030201383","Student100","Admin","obec68zone1@obec.org","iPad (A16) (Wi-Fi + Cellular 128 GB Silver)","26.5.0","357879850817749","AC:82:F0:AD:25:92","6/8/2026 12:46:16 PM","SC; All; สพม.นครราชสีมา; จักราชวิทยา; SC_จักราชวิทยา","รร.จักราชวิทยา"
"GHGX7LNH79","SC618","จักราชวิทยา_SC618","จักราชวิทยา_SC618_GHGX7LNH79","Student_124_1030201383","Student124","Admin","obec68zone1@obec.org","iPad (A16) (Wi-Fi + Cellular 128 GB Silver)","26.5.0","357879850150042","AC:82:F0:99:34:B2","6/8/2026 12:46:16 PM","SC; All; สพม.นครราชสีมา; จักราชวิทยา; SC_จักราชวิทยา","รร.จักราชวิทยา"
"K2GWMNP3Q1","SC512","จักราชวิทยา_SC512","จักราชวิทยา_SC512_K2GWMNP3Q1","Student_103_1030201383","Student103","Admin","obec68zone1@obec.org","iPad (A16) (Wi-Fi + Cellular 128 GB Silver)","26.5.0","357879850580685","AC:82:F0:9C:20:F8","6/8/2026 12:46:15 PM","SC; All; สพม.นครราชสีมา; จักราชวิทยา; SC_จักราชวิทยา","รร.จักราชวิทยา"
"CD7QH9Y225","SC660","จักราชวิทยา_SC660","จักราชวิทยา_SC660_CD7QH9Y225","Student_132_1030201383","Student132","Admin","obec68zone1@obec.org","iPad (A16) (Wi-Fi + Cellular 128 GB Silver)","26.3.0","357879850477841","AC:82:F0:9F:9B:E3","6/8/2026 12:46:15 PM","SC; All; สพม.นครราชสีมา; จักราชวิทยา; SC_จักราชวิทยา","รร.จักราชวิทยา"
"HD9H4HFV71","SC252","จักราชวิทยา_SC252","จักราชวิทยา_SC252_HD9H4HFV71","Student_51_1030201383","Student51","Admin","obec68zone1@obec.org","iPad (A16) (Wi-Fi + Cellular 128 GB Silver)","26.5.0","357879850040151","AC:82:F0:98:E6:27","6/8/2026 12:46:15 PM","SC; All; สพม.นครราชสีมา; จักราชวิทยา; SC_จักราชวิทยา","รร.จักราชวิทยา"
"FXH57WJ1QQ","SC524","จักราชวิทยา_SC524","จักราชวิทยา_SC524_FXH57WJ1QQ","Student_105_1030201383","Student105","Admin","obec68zone1@obec.org","iPad (A16) (Wi-Fi + Cellular 128 GB Silver)","26.5.0","357879850350642","AC:82:F0:A9:C9:61","6/8/2026 12:46:15 PM","SC; All; สพม.นครราชสีมา; จักราชวิทยา; SC_จักราชวิทยา","รร.จักราชวิทยา"
"KJ96KQH9NK","SC503","จักราชวิทยา_SC503","จักราชวิทยา_SC503_KJ96KQH9NK","Student_101_1030201383","Student101","Admin","obec68zone1@obec.org","iPad (A16) (Wi-Fi + Cellular 128 GB Silver)","26.1.0","357879850988094","AC:82:F0:A9:49:7E","6/8/2026 12:46:15 PM","SC; All; สพม.นครราชสีมา; จักราชวิทยา; SC_จักราชวิทยา","รร.จักราชวิทยา"
"D6XFXV5596","SC279","จักราชวิทยา_SC279","จักราชวิทยา_SC279_D6XFXV5596","Student_56_1030201383","Student56","Admin","obec68zone1@obec.org","iPad (A16) (Wi-Fi + Cellular 128 GB Silver)","26.4.2","357879850726312","AC:82:F0:99:53:33","6/8/2026 12:46:15 PM","SC; All; สพม.นครราชสีมา; จักราชวิทยา; SC_จักราชวิทยา","รร.จักราชวิทยา"
"JJ9CTWRRVP","SC100","จักราชวิทยา_SC100","จักราชวิทยา_SC100_JJ9CTWRRVP","Student_20_1030201383","Student20","Admin","obec68zone1@obec.org","iPad (A16) (Wi-Fi + Cellular 128 GB Silver)","26.5.0","357585650400699","AC:82:F0:A9:76:FD","6/8/2026 12:46:14 PM","SC; All; สพม.นครราชสีมา; จักราชวิทยา; SC_จักราชวิทยา","รร.จักราชวิทยา"
"K7VFCX3VDW","SC12","จักราชวิทยา_SC12","จักราชวิทยา_SC12_K7VFCX3VDW","Student_03_1030201383","Student03","Admin","obec68zone1@obec.org","iPad (A16) (Wi-Fi + Cellular 128 GB Silver)","18.6.2","350094260416515","AC:82:F0:A7:12:50","6/8/2026 12:46:14 PM","SC; All; สพม.นครราชสีมา; จักราชวิทยา; SC_จักราชวิทยา","รร.จักราชวิทยา"
"K43Y640CNQ","SC153","จักราชวิทยา_SC153","จักราชวิทยา_SC153_K43Y640CNQ","Student_31_1030201383","Student31","Admin","obec68zone1@obec.org","iPad (A16) (Wi-Fi + Cellular 128 GB Silver)","26.5.0","357585650213753","AC:82:F0:A9:7A:FA","6/8/2026 12:46:14 PM","SC; All; สพม.นครราชสีมา; จักราชวิทยา; SC_จักราชวิทยา","รร.จักราชวิทยา"
"HXQV4R96VN","TC07","จักราชวิทยา_TC07","จักราชวิทยา_TC07_HXQV4R96VN","Teacher_02_1030201383","Teacher02","Admin","obec68zone1@obec.org","iPad (A16) (Wi-Fi + Cellular 128 GB Silver)","26.2.0","357879850083268","AC:82:F0:A5:75:05","6/8/2026 12:46:09 PM","TC; All; สพม.นครราชสีมา; TC_จักราชวิทยา; จักราชวิทยา","รร.จักราชวิทยา"
"H5KQV3344D","TC16","จักราชวิทยา_TC16","จักราชวิทยา_TC16_H5KQV3344D","Teacher_04_1030201383","Teacher04","Admin","obec68zone1@obec.org","iPad (A16) (Wi-Fi + Cellular 128 GB Silver)","26.1.0","357879850819562","AC:82:F0:9C:40:80","6/8/2026 12:46:07 PM","TC; All; สพม.นครราชสีมา; TC_จักราชวิทยา; จักราชวิทยา","รร.จักราชวิทยา"
"LQVQ94YFJ9","TC75","จักราชวิทยา_TC75","จักราชวิทยา_TC75_LQVQ94YFJ9","Teacher_15_1030201383","Teacher15","Admin","obec68zone1@obec.org","iPad (A16) (Wi-Fi + Cellular 128 GB Silver)","26.5.0","357879850284106","AC:82:F0:AB:BF:AD","6/8/2026 12:46:07 PM","TC; All; สพม.นครราชสีมา; TC_จักราชวิทยา; จักราชวิทยา","รร.จักราชวิทยา"
"KT76909THH","SC519","จักราชวิทยา_SC519","จักราชวิทยา_SC519_KT76909THH","Student_104_1030201383","Student104","Admin","obec68zone1@obec.org","iPad (A16) (Wi-Fi + Cellular 128 GB Silver)","26.4.2","357879850969953","AC:82:F0:9D:F6:C9","6/8/2026 12:46:03 PM","SC; All; สพม.นครราชสีมา; จักราชวิทยา; SC_จักราชวิทยา","รร.จักราชวิทยา"
"JR2507N9CP","SC492","จักราชวิทยา_SC492","จักราชวิทยา_SC492_JR2507N9CP","Student_99_1030201383","Student99","Admin","obec68zone1@obec.org","iPad (A16) (Wi-Fi + Cellular 128 GB Silver)","26.1.0","357879850905908","AC:82:F0:A5:08:23","6/8/2026 12:45:56 PM","SC; All; สพม.นครราชสีมา; จักราชวิทยา; SC_จักราชวิทยา","รร.จักราชวิทยา"
"JX7GP7LD4C","SC183","จักราชวิทยา_SC183","จักราชวิทยา_SC183_JX7GP7LD4C","Student_37_1030201383","Student37","Admin","obec68zone1@obec.org","iPad (A16) (Wi-Fi + Cellular 128 GB Silver)","26.5.0","357879850631298","AC:82:F0:AA:F1:78","6/8/2026 12:45:19 PM","SC; All; สพม.นครราชสีมา; จักราชวิทยา; SC_จักราชวิทยา","รร.จักราชวิทยา"
"FM6JQ767WW","SC126","จักราชวิทยา_SC126","จักราชวิทยา_SC126_FM6JQ767WW","Student_26_1030201383","Student26","Admin","obec68zone1@obec.org","iPad (A16) (Wi-Fi + Cellular 128 GB Silver)","26.5.0","357879850862331","AC:82:F0:A2:15:22","6/8/2026 12:45:15 PM","SC; All; สพม.นครราชสีมา; จักราชวิทยา; SC_จักราชวิทยา","รร.จักราชวิทยา"
"G3XP6649KR","SC141","จักราชวิทยา_SC141","จักราชวิทยา_SC141_G3XP6649KR","Student_29_1030201383","Student29","Admin","obec68zone1@obec.org","iPad (A16) (Wi-Fi + Cellular 128 GB Silver)","26.5.0","357585650776841","AC:82:F0:9E:4F:80","6/8/2026 12:45:11 PM","SC; All; สพม.นครราชสีมา; จักราชวิทยา; SC_จักราชวิทยา","รร.จักราชวิทยา"
"C7XJXJX0WP","TC69","จักราชวิทยา_TC69","จักราชวิทยา_TC69_C7XJXJX0WP","Teacher_14_1030201383","Teacher14","Admin","obec68zone1@obec.org","iPad (A16) (Wi-Fi + Cellular 128 GB Silver)","26.1.0","357879850581469","AC:82:F0:A3:17:3C","6/8/2026 12:43:59 PM","TC; All; สพม.นครราชสีมา; TC_จักราชวิทยา; จักราชวิทยา","รร.จักราชวิทยา"
"JW59FVD74T","SC256","จักราชวิทยา_SC256","จักราชวิทยา_SC256_JW59FVD74T","Student_52_1030201383","Student52","Admin","obec68zone1@obec.org","iPad (A16) (Wi-Fi + Cellular 128 GB Silver)","26.3.1 (a)","357879850447299","AC:82:F0:AB:F2:F3","6/8/2026 12:43:16 PM","SC; All; สพม.นครราชสีมา; จักราชวิทยา; SC_จักราชวิทยา","รร.จักราชวิทยา"
"CK2DQGQMXK","SC1104","จักราชวิทยา_SC1104","จักราชวิทยา_SC1104_CK2DQGQMXK","Student_221_1030201383","Student221","Admin","obec68zone1@obec.org","iPad (A16) (Wi-Fi + Cellular 128 GB Silver)","26.5.0","357879850376373","AC:82:F0:9D:48:6E","6/8/2026 12:43:00 PM","SC; All; สพม.นครราชสีมา; จักราชวิทยา; SC_จักราชวิทยา","รร.จักราชวิทยา"
"DVXHMF6H0C","SC504","จักราชวิทยา_SC504","จักราชวิทยา_SC504_DVXHMF6H0C","Student_101_1030201383","Student101","Admin","obec68zone1@obec.org","iPad (A16) (Wi-Fi + Cellular 128 GB Silver)","26.5.0","357879850657947","AC:82:F0:A2:DA:DA","6/8/2026 12:42:57 PM","SC; All; สพม.นครราชสีมา; จักราชวิทยา; SC_จักราชวิทยา","รร.จักราชวิทยา"
"M4QNJHG7G3","SC484","จักราชวิทยา_SC484","จักราชวิทยา_SC484_M4QNJHG7G3","Student_97_1030201383","Student97","Admin","obec68zone1@obec.org","iPad (A16) (Wi-Fi + Cellular 128 GB Silver)","26.5.0","357879850669686","AC:82:F0:A0:2E:90","6/8/2026 12:42:43 PM","SC; All; สพม.นครราชสีมา; จักราชวิทยา; SC_จักราชวิทยา","รร.จักราชวิทยา"
"CX4JY4DDH4","SC116","จักราชวิทยา_SC116","จักราชวิทยา_SC116_CX4JY4DDH4","Student_24_1030201383","Student24","Admin","obec68zone1@obec.org","iPad (A16) (Wi-Fi + Cellular 128 GB Silver)","26.5.0","357585650807380","AC:82:F0:A8:1F:4D","6/8/2026 12:42:42 PM","SC; All; สพม.นครราชสีมา; จักราชวิทยา; SC_จักราชวิทยา","รร.จักราชวิทยา"
"H94T47R4TD","SC453","จักราชวิทยา_SC453","จักราชวิทยา_SC453_H94T47R4TD","Student_91_1030201383","Student91","Admin","obec68zone1@obec.org","iPad (A16) (Wi-Fi + Cellular 128 GB Silver)","26.5.0","357879850307303","AC:82:F0:A0:67:56","6/8/2026 12:41:21 PM","SC; All; สพม.นครราชสีมา; จักราชวิทยา; SC_จักราชวิทยา","รร.จักราชวิทยา"
"K5WYDFPHR2","SC884","จักราชวิทยา_SC884","จักราชวิทยา_SC884_K5WYDFPHR2","Student_177_1030201383","Student177","Admin","obec68zone1@obec.org","iPad (A16) (Wi-Fi + Cellular 128 GB Silver)","26.5.0","357879850092970","AC:82:F0:A4:D1:9C","6/8/2026 12:41:19 PM","SC; All; สพม.นครราชสีมา; จักราชวิทยา; SC_จักราชวิทยา","รร.จักราชวิทยา"
"H253J4JLY2","SC992","จักราชวิทยา_SC992","จักราชวิทยา_SC992_H253J4JLY2","Student_199_1030201383","Student199","Admin","obec68zone1@obec.org","iPad (A16) (Wi-Fi + Cellular 128 GB Silver)","26.5.0","357879850345295","AC:82:F0:AD:61:EC","6/8/2026 12:41:19 PM","SC; All; สพม.นครราชสีมา; จักราชวิทยา; SC_จักราชวิทยา","รร.จักราชวิทยา"
"M3H2X9TWWF","SC980","จักราชวิทยา_SC980","จักราชวิทยา_SC980_M3H2X9TWWF","Student_196_1030201383","Student196","Admin","obec68zone1@obec.org","iPad (A16) (Wi-Fi + Cellular 128 GB Silver)","26.5.0","357879850768215","AC:82:F0:98:DF:14","6/8/2026 12:41:19 PM","SC; All; สพม.นครราชสีมา; จักราชวิทยา; SC_จักราชวิทยา","รร.จักราชวิทยา"
"J7T7GCWQWQ","SC1081","จักราชวิทยา_SC1081","จักราชวิทยา_SC1081_J7T7GCWQWQ","Student_217_1030201383","Student217","Admin","obec68zone1@obec.org","iPad (A16) (Wi-Fi + Cellular 128 GB Silver)","26.5.0","357879850832243","AC:82:F0:9D:10:C6","6/8/2026 12:41:18 PM","SC; All; สพม.นครราชสีมา; จักราชวิทยา; SC_จักราชวิทยา","รร.จักราชวิทยา"
"HT6F04QTQ7","SC606","จักราชวิทยา_SC606","จักราชวิทยา_SC606_HT6F04QTQ7","Student_122_1030201383","Student122","Admin","obec68zone1@obec.org","iPad (A16) (Wi-Fi + Cellular 128 GB Silver)","26.5.0","357879850296183","AC:82:F0:A4:03:41","6/8/2026 12:41:16 PM","SC; All; สพม.นครราชสีมา; จักราชวิทยา; SC_จักราชวิทยา","รร.จักราชวิทยา"
"D3NXM59YJD","SC228","จักราชวิทยา_SC228","จักราชวิทยา_SC228_D3NXM59YJD","Student_46_1030201383","Student46","Admin","obec68zone1@obec.org","iPad (A16) (Wi-Fi + Cellular 128 GB Silver)","26.5.0","357879850689122","AC:82:F0:AD:70:80","6/8/2026 12:41:15 PM","SC; All; สพม.นครราชสีมา; จักราชวิทยา; SC_จักราชวิทยา","รร.จักราชวิทยา"
"K3KFCW9H66","SC310","จักราชวิทยา_SC310","จักราชวิทยา_SC310_K3KFCW9H66","Student_62_1030201383","Student62","Admin","obec68zone1@obec.org","iPad (A16) (Wi-Fi + Cellular 128 GB Silver)","26.5.0","357879850769106","AC:82:F0:A7:2E:BF","6/8/2026 12:41:15 PM","SC; All; สพม.นครราชสีมา; จักราชวิทยา; SC_จักราชวิทยา","รร.จักราชวิทยา"
"H71C75PXX2","SC674","จักราชวิทยา_SC674","จักราชวิทยา_SC674_H71C75PXX2","Student_135_1030201383","Student135","Admin","obec68zone1@obec.org","iPad (A16) (Wi-Fi + Cellular 128 GB Silver)","26.1.0","357879850887817","AC:82:F0:A5:55:F8","6/8/2026 12:41:15 PM","SC; All; สพม.นครราชสีมา; จักราชวิทยา; SC_จักราชวิทยา","รร.จักราชวิทยา"
"K791LGDTHK","SC60","จักราชวิทยา_SC60","จักราชวิทยา_SC60_K791LGDTHK","Student_12_1030201383","Student12","Admin","obec68zone1@obec.org","iPad (A16) (Wi-Fi + Cellular 128 GB Silver)","26.5.0","357585650452344","AC:82:F0:9C:F2:85","6/8/2026 12:41:15 PM","SC; All; สพม.นครราชสีมา; จักราชวิทยา; SC_จักราชวิทยา","รร.จักราชวิทยา"
"CMQCY4K42Q","TC74","จักราชวิทยา_TC74","จักราชวิทยา_TC74_CMQCY4K42Q","Teacher_15_1030201383","Teacher15","Admin","obec68zone1@obec.org","iPad (A16) (Wi-Fi + Cellular 128 GB Silver)","26.4.2","357879850271202","AC:82:F0:9A:81:1D","6/8/2026 12:41:08 PM","TC; All; สพม.นครราชสีมา; TC_จักราชวิทยา; จักราชวิทยา","รร.จักราชวิทยา"
"J59Q269KK2","SC191","จักราชวิทยา_SC191","จักราชวิทยา_SC191_J59Q269KK2","Student_39_1030201383","Student39","Admin","obec68zone1@obec.org","iPad (A16) (Wi-Fi + Cellular 128 GB Silver)","26.3.1 (a)","357585650759763","AC:82:F0:9F:78:D6","6/8/2026 12:38:08 PM","SC; All; สพม.นครราชสีมา; จักราชวิทยา; SC_จักราชวิทยา","รร.จักราชวิทยา"
"J3262TPWDQ","SC820","จักราชวิทยา_SC820","จักราชวิทยา_SC820_J3262TPWDQ","Student_164_1030201383","Student164","Admin","obec68zone1@obec.org","iPad (A16) (Wi-Fi + Cellular 128 GB Silver)","26.5.0","357585650243982","AC:82:F0:9B:2C:2B","6/8/2026 12:38:07 PM","SC; All; สพม.นครราชสีมา; จักราชวิทยา; SC_จักราชวิทยา","รร.จักราชวิทยา"
"JF9YW19JY5","SC497","จักราชวิทยา_SC497","จักราชวิทยา_SC497_JF9YW19JY5","Student_100_1030201383","Student100","Admin","obec68zone1@obec.org","iPad (A16) (Wi-Fi + Cellular 128 GB Silver)","26.5.0","357879850506623","AC:82:F0:A9:F5:38","6/8/2026 12:37:13 PM","SC; All; สพม.นครราชสีมา; จักราชวิทยา; SC_จักราชวิทยา","รร.จักราชวิทยา"
"L17WP641H7","SC594","จักราชวิทยา_SC594","จักราชวิทยา_SC594_L17WP641H7","Student_119_1030201383","Student119","Admin","obec68zone1@obec.org","iPad (A16) (Wi-Fi + Cellular 128 GB Silver)","26.1.0","357879850556099","AC:82:F0:9A:E8:31","6/8/2026 12:36:53 PM","SC; All; สพม.นครราชสีมา; จักราชวิทยา; SC_จักราชวิทยา","รร.จักราชวิทยา"
"GH60YC5PHL","SC998","จักราชวิทยา_SC998","จักราชวิทยา_SC998_GH60YC5PHL","Student_200_1030201383","Student200","Admin","obec68zone1@obec.org","iPad (A16) (Wi-Fi + Cellular 128 GB Silver)","26.5.0","357879850080314","AC:82:F0:9D:46:1B","6/8/2026 12:36:21 PM","SC; All; สพม.นครราชสีมา; จักราชวิทยา; SC_จักราชวิทยา","รร.จักราชวิทยา"
"FXH37KP9T3","SC796","จักราชวิทยา_SC796","จักราชวิทยา_SC796_FXH37KP9T3","Student_160_1030201383","Student160","Admin","obec68zone1@obec.org","iPad (A16) (Wi-Fi + Cellular 128 GB Silver)","26.5.0","357879850463817","AC:82:F0:A6:92:A3","6/8/2026 12:36:20 PM","SC; All; สพม.นครราชสีมา; จักราชวิทยา; SC_จักราชวิทยา","รร.จักราชวิทยา"
"FX92KPQ4N4","SC1097","จักราชวิทยา_SC1097","จักราชวิทยา_SC1097_FX92KPQ4N4","Student_220_1030201383","Student220","Admin","obec68zone1@obec.org","iPad (A16) (Wi-Fi + Cellular 128 GB Silver)","26.5.0","357879850671534","AC:82:F0:A5:D8:94","6/8/2026 12:36:20 PM","SC; All; สพม.นครราชสีมา; จักราชวิทยา; SC_จักราชวิทยา","รร.จักราชวิทยา"
"GXR2QWQ0M3","SC1108","จักราชวิทยา_SC1108","จักราชวิทยา_SC1108_GXR2QWQ0M3","Student_222_1030201383","Student222","Admin","obec68zone1@obec.org","iPad (A16) (Wi-Fi + Cellular 128 GB Silver)","26.5.0","357879850670296","AC:82:F0:AB:26:39","6/8/2026 12:36:19 PM","SC; All; สพม.นครราชสีมา; จักราชวิทยา; SC_จักราชวิทยา","รร.จักราชวิทยา"
"HJGDQW7QV4","SC815","จักราชวิทยา_SC815","จักราชวิทยา_SC815_HJGDQW7QV4","Student_163_1030201383","Student163","Admin","obec68zone1@obec.org","iPad (A16) (Wi-Fi + Cellular 128 GB Silver)","26.5.0","357879850193240","AC:82:F0:AB:85:AD","6/8/2026 12:36:19 PM","SC; All; สพม.นครราชสีมา; จักราชวิทยา; SC_จักราชวิทยา","รร.จักราชวิทยา"
"LYWX91CD4X","SC1073","จักราชวิทยา_SC1073","จักราชวิทยา_SC1073_LYWX91CD4X","Student_215_1030201383","Student215","Admin","obec68zone1@obec.org","iPad (A16) (Wi-Fi + Cellular 128 GB Silver)","26.5.0","357879850526423","AC:82:F0:A2:63:28","6/8/2026 12:36:19 PM","SC; All; สพม.นครราชสีมา; จักราชวิทยา; SC_จักราชวิทยา","รร.จักราชวิทยา"
"HGW4RH6NVL","SC1098","จักราชวิทยา_SC1098","จักราชวิทยา_SC1098_HGW4RH6NVL","Student_220_1030201383","Student220","Admin","obec68zone1@obec.org","iPad (A16) (Wi-Fi + Cellular 128 GB Silver)","26.5.0","357879850854262","AC:82:F0:A6:81:65","6/8/2026 12:36:19 PM","SC; All; สพม.นครราชสีมา; จักราชวิทยา; SC_จักราชวิทยา","รร.จักราชวิทยา"
"D25XFWDP7M","SC888","จักราชวิทยา_SC888","จักราชวิทยา_SC888_D25XFWDP7M","Student_178_1030201383","Student178","Admin","obec68zone1@obec.org","iPad (A16) (Wi-Fi + Cellular 128 GB Silver)","26.5.0","357879850392974","AC:82:F0:9D:6E:A9","6/8/2026 12:36:19 PM","SC; All; สพม.นครราชสีมา; จักราชวิทยา; SC_จักราชวิทยา","รร.จักราชวิทยา"
"D9G6XDMGH3","SC1000","จักราชวิทยา_SC1000","จักราชวิทยา_SC1000_D9G6XDMGH3","Student_200_1030201383","Student200","Admin","obec68zone1@obec.org","iPad (A16) (Wi-Fi + Cellular 128 GB Silver)","26.5.0","357879850132339","AC:82:F0:9B:ED:79","6/8/2026 12:36:18 PM","SC; All; สพม.นครราชสีมา; จักราชวิทยา; SC_จักราชวิทยา","รร.จักราชวิทยา"
"DDGJN2Y59M","SC1018","จักราชวิทยา_SC1018","จักราชวิทยา_SC1018_DDGJN2Y59M","Student_204_1030201383","Student204","Admin","obec68zone1@obec.org","iPad (A16) (Wi-Fi + Cellular 128 GB Silver)","26.5.0","357879850509114","AC:82:F0:A3:F1:E0","6/8/2026 12:36:18 PM","SC; All; สพม.นครราชสีมา; จักราชวิทยา; SC_จักราชวิทยา","รร.จักราชวิทยา"
"F56JW1TJLY","SC941","จักราชวิทยา_SC941","จักราชวิทยา_SC941_F56JW1TJLY","Student_189_1030201383","Student189","Admin","obec68zone1@obec.org","iPad (A16) (Wi-Fi + Cellular 128 GB Silver)","26.5.0","357879850172681","AC:82:F0:A6:0C:E8","6/8/2026 12:36:18 PM","SC; All; สพม.นครราชสีมา; จักราชวิทยา; SC_จักราชวิทยา","รร.จักราชวิทยา"
"FXHX74V6J6","SC97","จักราชวิทยา_SC97","จักราชวิทยา_SC97_FXHX74V6J6","Student_20_1030201383","Student20","Admin","obec68zone1@obec.org","iPad (A16) (Wi-Fi + Cellular 128 GB Silver)","26.3.1","357585650158537","AC:82:F0:A0:09:73","6/8/2026 12:36:16 PM","SC; All; สพม.นครราชสีมา; จักราชวิทยา; SC_จักราชวิทยา","รร.จักราชวิทยา"
"FX0RHC72WR","SC36","จักราชวิทยา_SC36","จักราชวิทยา_SC36_FX0RHC72WR","Student_08_1030201383","Student08","Admin","obec68zone1@obec.org","iPad (A16) (Wi-Fi + Cellular 128 GB Silver)","26.5.0","357585650825176","AC:82:F0:A8:66:05","6/8/2026 12:36:16 PM","SC; All; สพม.นครราชสีมา; จักราชวิทยา; SC_จักราชวิทยา","รร.จักราชวิทยา"
"F99Q32FXC9","SC384","จักราชวิทยา_SC384","จักราชวิทยา_SC384_F99Q32FXC9","Student_77_1030201383","Student77","Admin","obec68zone1@obec.org","iPad (A16) (Wi-Fi + Cellular 128 GB Silver)","26.5.0","357879850471448","AC:82:F0:9A:0E:67","6/8/2026 12:36:16 PM","SC; All; สพม.นครราชสีมา; จักราชวิทยา; SC_จักราชวิทยา","รร.จักราชวิทยา"
"HXWT3XCJ4X","SC571","จักราชวิทยา_SC571","จักราชวิทยา_SC571_HXWT3XCJ4X","Student_115_1030201383","Student115","Admin","obec68zone1@obec.org","iPad (A16) (Wi-Fi + Cellular 128 GB Silver)","26.3.1 (a)","357879850617388","AC:82:F0:9F:C0:97","6/8/2026 12:36:16 PM","SC; All; สพม.นครราชสีมา; จักราชวิทยา; SC_จักราชวิทยา","รร.จักราชวิทยา"
"D572YTDWVL","SC281","จักราชวิทยา_SC281","จักราชวิทยา_SC281_D572YTDWVL","Student_57_1030201383","Student57","Admin","obec68zone1@obec.org","iPad (A16) (Wi-Fi + Cellular 128 GB Silver)","26.5.0","357879850448669","AC:82:F0:A2:22:A3","6/8/2026 12:36:15 PM","SC; All; สพม.นครราชสีมา; จักราชวิทยา; SC_จักราชวิทยา","รร.จักราชวิทยา"
"D926X4YGGK","SC539","จักราชวิทยา_SC539","จักราชวิทยา_SC539_D926X4YGGK","Student_108_1030201383","Student108","Admin","obec68zone1@obec.org","iPad (A16) (Wi-Fi + Cellular 128 GB Silver)","26.5.0","357879850313855","AC:82:F0:A6:E8:8C","6/8/2026 12:36:15 PM","SC; All; สพม.นครราชสีมา; จักราชวิทยา; SC_จักราชวิทยา","รร.จักราชวิทยา"
"DHXV2F17QK","SC1117","จักราชวิทยา_SC1117","จักราชวิทยา_SC1117_DHXV2F17QK","Student_224_1030201383","Student224","Admin","obec68zone1@obec.org","iPad (A16) (Wi-Fi + Cellular 128 GB Silver)","26.5.0","357879850044419","AC:82:F0:9C:3F:2A","6/8/2026 12:35:50 PM","SC; All; สพม.นครราชสีมา; จักราชวิทยา; SC_จักราชวิทยา","รร.จักราชวิทยา"
"CKYFFHFX15","SC52","จักราชวิทยา_SC52","จักราชวิทยา_SC52_CKYFFHFX15","Student_11_1030201383","Student11","Admin","obec68zone1@obec.org","iPad (A16) (Wi-Fi + Cellular 128 GB Silver)","26.5.0","357879850895216","AC:82:F0:9A:03:81","6/8/2026 12:33:31 PM","SC; All; สพม.นครราชสีมา; จักราชวิทยา; SC_จักราชวิทยา","รร.จักราชวิทยา"
"KW4K0GQ056","SC174","จักราชวิทยา_SC174","จักราชวิทยา_SC174_KW4K0GQ056","Student_35_1030201383","Student35","Admin","obec68zone1@obec.org","iPad (A16) (Wi-Fi + Cellular 128 GB Silver)","26.5.0","357585650497794","AC:82:F0:AC:6F:DB","6/8/2026 12:32:50 PM","SC; All; สพม.นครราชสีมา; จักราชวิทยา; SC_จักราชวิทยา","รร.จักราชวิทยา"
"DL2TCXT97T","SC1004","จักราชวิทยา_SC1004","จักราชวิทยา_SC1004_DL2TCXT97T","Student_201_1030201383","Student201","Admin","obec68zone1@obec.org","iPad (A16) (Wi-Fi + Cellular 128 GB Silver)","26.5.0","357879850521341","AC:82:F0:A8:1F:1A","6/8/2026 12:32:11 PM","SC; All; สพม.นครราชสีมา; จักราชวิทยา; SC_จักราชวิทยา","รร.จักราชวิทยา"
"GQV9434VQ0","SC224","จักราชวิทยา_SC224","จักราชวิทยา_SC224_GQV9434VQ0","Student_45_1030201383","Student45","Admin","obec68zone1@obec.org","iPad (A16) (Wi-Fi + Cellular 128 GB Silver)","26.5.0","357879850832623","AC:82:F0:9A:5D:DE","6/8/2026 12:32:11 PM","SC; All; สพม.นครราชสีมา; จักราชวิทยา; SC_จักราชวิทยา","รร.จักราชวิทยา"
"FQMQ9W219H","SC1114","จักราชวิทยา_SC1114","จักราชวิทยา_SC1114_FQMQ9W219H","Student_223_1030201383","Student223","Admin","obec68zone1@obec.org","iPad (A16) (Wi-Fi + Cellular 128 GB Silver)","26.5.0","357879850531845","AC:82:F0:9E:56:B1","6/8/2026 12:32:03 PM","SC; All; สพม.นครราชสีมา; จักราชวิทยา; SC_จักราชวิทยา","รร.จักราชวิทยา"
"DMVQW7HP2N","SC1001","จักราชวิทยา_SC1001","จักราชวิทยา_SC1001_DMVQW7HP2N","Student_201_1030201383","Student201","Admin","obec68zone1@obec.org","iPad (A16) (Wi-Fi + Cellular 128 GB Silver)","26.5.0","357879850964152","AC:82:F0:9D:37:35","6/8/2026 12:32:00 PM","SC; All; สพม.นครราชสีมา; จักราชวิทยา; SC_จักราชวิทยา","รร.จักราชวิทยา"
"G5VHWTJW6V","SC787","จักราชวิทยา_SC787","จักราชวิทยา_SC787_G5VHWTJW6V","Student_158_1030201383","Student158","Admin","obec68zone1@obec.org","iPad (A16) (Wi-Fi + Cellular 128 GB Silver)","26.5.0","357879850745056","AC:82:F0:A8:58:C2","6/8/2026 12:31:18 PM","SC; All; สพม.นครราชสีมา; จักราชวิทยา; SC_จักราชวิทยา","รร.จักราชวิทยา"
"M19KR95XXQ","SC939","จักราชวิทยา_SC939","จักราชวิทยา_SC939_M19KR95XXQ","Student_188_1030201383","Student188","Admin","obec68zone1@obec.org","iPad (A16) (Wi-Fi + Cellular 128 GB Silver)","26.5.0","357879850189099","AC:82:F0:A8:86:39","6/8/2026 12:31:18 PM","SC; All; สพม.นครราชสีมา; จักราชวิทยา; SC_จักราชวิทยา","รร.จักราชวิทยา"
"KY43DC2Y4Q","SC843","จักราชวิทยา_SC843","จักราชวิทยา_SC843_KY43DC2Y4Q","Student_169_1030201383","Student169","Admin","obec68zone1@obec.org","iPad (A16) (Wi-Fi + Cellular 128 GB Silver)","26.5.0","357879850215902","AC:82:F0:9E:0B:B9","6/8/2026 12:31:17 PM","SC; All; สพม.นครราชสีมา; จักราชวิทยา; SC_จักราชวิทยา","รร.จักราชวิทยา"
"HLX2FW4PDQ","SC607","จักราชวิทยา_SC607","จักราชวิทยา_SC607_HLX2FW4PDQ","Student_122_1030201383","Student122","Admin","obec68zone1@obec.org","iPad (A16) (Wi-Fi + Cellular 128 GB Silver)","26.5.0","357879850110038","AC:82:F0:9F:35:16","6/8/2026 12:31:16 PM","SC; All; สพม.นครราชสีมา; จักราชวิทยา; SC_จักราชวิทยา","รร.จักราชวิทยา"
"CKKWPXNG6Q","SC1023","จักราชวิทยา_SC1023","จักราชวิทยา_SC1023_CKKWPXNG6Q","Student_205_1030201383","Student205","Admin","obec68zone1@obec.org","iPad (A16) (Wi-Fi + Cellular 128 GB Silver)","26.5.0","357879850697497","AC:82:F0:9C:F3:05","6/8/2026 12:31:16 PM","SC; All; สพม.นครราชสีมา; จักราชวิทยา; SC_จักราชวิทยา","รร.จักราชวิทยา"
"KTW37DJMVV","SC275","จักราชวิทยา_SC275","จักราชวิทยา_SC275_KTW37DJMVV","Student_55_1030201383","Student55","Admin","obec68zone1@obec.org","iPad (A16) (Wi-Fi + Cellular 128 GB Silver)","26.1.0","357879850561560","AC:82:F0:9D:3A:75","6/8/2026 12:31:15 PM","SC; All; สพม.นครราชสีมา; จักราชวิทยา; SC_จักราชวิทยา","รร.จักราชวิทยา"
"GMCFVX4RTH","SC493","จักราชวิทยา_SC493","จักราชวิทยา_SC493_GMCFVX4RTH","Student_99_1030201383","Student99","Admin","obec68zone1@obec.org","iPad (A16) (Wi-Fi + Cellular 128 GB Silver)","26.5.0","357879850673589","AC:82:F0:9F:E4:47","6/8/2026 12:31:13 PM","SC; All; สพม.นครราชสีมา; จักราชวิทยา; SC_จักราชวิทยา","รร.จักราชวิทยา"
"MGJQ3P575Y","SC123","จักราชวิทยา_SC123","จักราชวิทยา_SC123_MGJQ3P575Y","Student_25_1030201383","Student25","Admin","obec68zone1@obec.org","iPad (A16) (Wi-Fi + Cellular 128 GB Silver)","26.5.0","357585650264061","AC:82:F0:A4:C7:77","6/8/2026 12:31:13 PM","SC; All; สพม.นครราชสีมา; จักราชวิทยา; SC_จักราชวิทยา","รร.จักราชวิทยา"
"LP9CMJX4CY","SC130","จักราชวิทยา_SC130","จักราชวิทยา_SC130_LP9CMJX4CY","Student_26_1030201383","Student26","Admin","obec68zone1@obec.org","iPad (A16) (Wi-Fi + Cellular 128 GB Silver)","26.5.0","357879850977212","AC:82:F0:AB:2D:21","6/8/2026 12:31:13 PM","SC; All; สพม.นครราชสีมา; จักราชวิทยา; SC_จักราชวิทยา","รร.จักราชวิทยา"
"D524X9LDQW","SC473","จักราชวิทยา_SC473","จักราชวิทยา_SC473_D524X9LDQW","Student_95_1030201383","Student95","Admin","obec68zone1@obec.org","iPad (A16) (Wi-Fi + Cellular 128 GB Silver)","26.5.0","357879850169729","AC:82:F0:9B:C4:93","6/8/2026 12:31:12 PM","SC; All; สพม.นครราชสีมา; จักราชวิทยา; SC_จักราชวิทยา","รร.จักราชวิทยา"
"MNXRNWND7V","SC648","จักราชวิทยา_SC648","จักราชวิทยา_SC648_MNXRNWND7V","Student_130_1030201383","Student130","Admin","obec68zone1@obec.org","iPad (A16) (Wi-Fi + Cellular 128 GB Silver)","26.5.0","357879850480100","AC:82:F0:A2:A7:29","6/8/2026 12:30:44 PM","SC; All; สพม.นครราชสีมา; จักราชวิทยา; SC_จักราชวิทยา","รร.จักราชวิทยา"
"KXHTQDF07K","SC433","จักราชวิทยา_SC433","จักราชวิทยา_SC433_KXHTQDF07K","Student_87_1030201383","Student87","Admin","obec68zone1@obec.org","iPad (A16) (Wi-Fi + Cellular 128 GB Silver)","26.5.0","357879850601341","AC:82:F0:A6:9C:CB","6/8/2026 12:30:23 PM","SC; All; สพม.นครราชสีมา; จักราชวิทยา; SC_จักราชวิทยา","รร.จักราชวิทยา"
"K9DD7D4DG7","SC530","จักราชวิทยา_SC530","จักราชวิทยา_SC530_K9DD7D4DG7","Student_106_1030201383","Student106","Admin","obec68zone1@obec.org","iPad (A16) (Wi-Fi + Cellular 128 GB Silver)","26.3.1 (a)","357879850524832","AC:82:F0:A1:E2:CE","6/8/2026 12:29:51 PM","SC; All; สพม.นครราชสีมา; จักราชวิทยา; SC_จักราชวิทยา","รร.จักราชวิทยา"
"LNXY2DWF4P","SC823","จักราชวิทยา_SC823","จักราชวิทยา_SC823_LNXY2DWF4P","Student_165_1030201383","Student165","Admin","obec68zone1@obec.org","iPad (A16) (Wi-Fi + Cellular 128 GB Silver)","26.5.0","357879850228426","AC:82:F0:A6:84:3E","6/8/2026 12:29:47 PM","SC; All; สพม.นครราชสีมา; จักราชวิทยา; SC_จักราชวิทยา","รร.จักราชวิทยา"
"C4Q3G2HW3G","SC848","จักราชวิทยา_SC848","จักราชวิทยา_SC848_C4Q3G2HW3G","Student_170_1030201383","Student170","Admin","obec68zone1@obec.org","iPad (A16) (Wi-Fi + Cellular 128 GB Silver)","26.5.0","357879850361375","AC:82:F0:99:8D:FA","6/8/2026 12:29:23 PM","SC; All; สพม.นครราชสีมา; จักราชวิทยา; SC_จักราชวิทยา","รร.จักราชวิทยา"
"MVHH0Y04YC","SC200","จักราชวิทยา_SC200","จักราชวิทยา_SC200_MVHH0Y04YC","Student_40_1030201383","Student40","Admin","obec68zone1@obec.org","iPad (A16) (Wi-Fi + Cellular 128 GB Silver)","26.5.0","357585650848699","AC:82:F0:AC:AD:3F","6/8/2026 12:29:04 PM","SC; All; สพม.นครราชสีมา; จักราชวิทยา; SC_จักราชวิทยา","รร.จักราชวิทยา"
"MWL5Q6264X","SC781","จักราชวิทยา_SC781","จักราชวิทยา_SC781_MWL5Q6264X","Student_157_1030201383","Student157","Admin","obec68zone1@obec.org","iPad (A16) (Wi-Fi + Cellular 128 GB Silver)","26.5.0","357879850903721","AC:82:F0:A5:3D:FF","6/8/2026 12:28:07 PM","SC; All; สพม.นครราชสีมา; จักราชวิทยา; SC_จักราชวิทยา","รร.จักราชวิทยา"
"GHV9KLF7DH","SC1042","จักราชวิทยา_SC1042","จักราชวิทยา_SC1042_GHV9KLF7DH","Student_209_1030201383","Student209","Admin","obec68zone1@obec.org","iPad (A16) (Wi-Fi + Cellular 128 GB Silver)","26.5.0","357879850570371","AC:82:F0:A8:69:21","6/8/2026 12:26:24 PM","SC; All; สพม.นครราชสีมา; จักราชวิทยา; SC_จักราชวิทยา","รร.จักราชวิทยา"
"HPHHJ24NWJ","SC1074","จักราชวิทยา_SC1074","จักราชวิทยา_SC1074_HPHHJ24NWJ","Student_215_1030201383","Student215","Admin","obec68zone1@obec.org","iPad (A16) (Wi-Fi + Cellular 128 GB Silver)","26.1.0","357879850303351","AC:82:F0:A8:3F:DF","6/8/2026 12:26:18 PM","SC; All; สพม.นครราชสีมา; จักราชวิทยา; SC_จักราชวิทยา","รร.จักราชวิทยา"
"H4MQCQYL2C","SC959","จักราชวิทยา_SC959","จักราชวิทยา_SC959_H4MQCQYL2C","Student_192_1030201383","Student192","Admin","obec68zone1@obec.org","iPad (A16) (Wi-Fi + Cellular 128 GB Silver)","26.5.0","357879850993623","AC:82:F0:9B:17:80","6/8/2026 12:26:18 PM","SC; All; สพม.นครราชสีมา; จักราชวิทยา; SC_จักราชวิทยา","รร.จักราชวิทยา"
"F57DY4251W","SC804","จักราชวิทยา_SC804","จักราชวิทยา_SC804_F57DY4251W","Student_161_1030201383","Student161","Admin","obec68zone1@obec.org","iPad (A16) (Wi-Fi + Cellular 128 GB Silver)","26.5.0","357879850540895","AC:82:F0:A8:F9:B1","6/8/2026 12:26:17 PM","SC; All; สพม.นครราชสีมา; จักราชวิทยา; SC_จักราชวิทยา","รร.จักราชวิทยา"
"LQQTHFQ1YG","SC979","จักราชวิทยา_SC979","จักราชวิทยา_SC979_LQQTHFQ1YG","Student_196_1030201383","Student196","Admin","obec68zone1@obec.org","iPad (A16) (Wi-Fi + Cellular 128 GB Silver)","26.5.0","357879850111994","AC:82:F0:A0:59:DC","6/8/2026 12:26:17 PM","SC; All; สพม.นครราชสีมา; จักราชวิทยา; SC_จักราชวิทยา","รร.จักราชวิทยา"
"KW906WH7LJ","SC721","จักราชวิทยา_SC721","จักราชวิทยา_SC721_KW906WH7LJ","Student_145_1030201383","Student145","Admin","obec68zone1@obec.org","iPad (A16) (Wi-Fi + Cellular 128 GB Silver)","26.5.0","357879850845013","AC:82:F0:A7:71:DF","6/8/2026 12:26:15 PM","SC; All; สพม.นครราชสีมา; จักราชวิทยา; SC_จักราชวิทยา","รร.จักราชวิทยา"
"DKWN7MWH26","SC37","จักราชวิทยา_SC37","จักราชวิทยา_SC37_DKWN7MWH26","Student_08_1030201383","Student08","Admin","obec68zone1@obec.org","iPad (A16) (Wi-Fi + Cellular 128 GB Silver)","26.1.0","357879850834066","AC:82:F0:99:E4:C6","6/8/2026 12:26:14 PM","SC; All; สพม.นครราชสีมา; จักราชวิทยา; SC_จักราชวิทยา","รร.จักราชวิทยา"
"CM7K44TPQ2","SC121","จักราชวิทยา_SC121","จักราชวิทยา_SC121_CM7K44TPQ2","Student_25_1030201383","Student25","Admin","obec68zone1@obec.org","iPad (A16) (Wi-Fi + Cellular 128 GB Silver)","26.5.0","357585650339491","AC:82:F0:98:AC:03","6/8/2026 12:26:12 PM","SC; All; สพม.นครราชสีมา; จักราชวิทยา; SC_จักราชวิทยา","รร.จักราชวิทยา"
"MCF2K20G22","SC05","จักราชวิทยา_SC05","จักราชวิทยา_SC05_MCF2K20G22","Student_01_1030201383","Student01","Admin","obec68zone1@obec.org","iPad (A16) (Wi-Fi + Cellular 128 GB Silver)","26.5.0","357879850516234","AC:82:F0:A8:B1:27","6/8/2026 12:24:38 PM","SC; All; สพม.นครราชสีมา; จักราชวิทยา; SC_จักราชวิทยา","รร.จักราชวิทยา"
"MYCVYGJW6V","SC142","จักราชวิทยา_SC142","จักราชวิทยา_SC142_MYCVYGJW6V","Student_29_1030201383","Student29","Admin","obec68zone1@obec.org","iPad (A16) (Wi-Fi + Cellular 128 GB Silver)","26.5.0","357585650366262","AC:82:F0:A4:E3:FA","6/8/2026 12:24:16 PM","SC; All; สพม.นครราชสีมา; จักราชวิทยา; SC_จักราชวิทยา","รร.จักราชวิทยา"
"K33R7102VN","SC332","จักราชวิทยา_SC332","จักราชวิทยา_SC332_K33R7102VN","Student_67_1030201383","Student67","Admin","obec68zone1@obec.org","iPad (A16) (Wi-Fi + Cellular 128 GB Silver)","26.5.0","357879850015468","AC:82:F0:A3:FF:66","6/8/2026 12:23:17 PM","SC; All; สพม.นครราชสีมา; จักราชวิทยา; SC_จักราชวิทยา","รร.จักราชวิทยา"
"FG6VFWK0M4","SC308","จักราชวิทยา_SC308","จักราชวิทยา_SC308_FG6VFWK0M4","Student_62_1030201383","Student62","Admin","obec68zone1@obec.org","iPad (A16) (Wi-Fi + Cellular 128 GB Silver)","26.3.1","357879850395076","AC:82:F0:AC:6A:C4","6/8/2026 12:22:52 PM","SC; All; สพม.นครราชสีมา; จักราชวิทยา; SC_จักราชวิทยา","รร.จักราชวิทยา"
"D401HG3H76","SC906","จักราชวิทยา_SC906","จักราชวิทยา_SC906_D401HG3H76","Student_182_1030201383","Student182","Admin","obec68zone1@obec.org","iPad (A16) (Wi-Fi + Cellular 128 GB Silver)","26.5.0","357879850095619","AC:82:F0:A6:5E:17","6/8/2026 12:22:21 PM","SC; All; สพม.นครราชสีมา; จักราชวิทยา; SC_จักราชวิทยา","รร.จักราชวิทยา"
"G3602XYJ0C","SC95","จักราชวิทยา_SC95","จักราชวิทยา_SC95_G3602XYJ0C","Student_19_1030201383","Student19","Admin","obec68zone1@obec.org","iPad (A16) (Wi-Fi + Cellular 128 GB Silver)","26.5.0","357585650154528","AC:82:F0:A5:39:0A","6/8/2026 12:21:40 PM","SC; All; สพม.นครราชสีมา; จักราชวิทยา; SC_จักราชวิทยา","รร.จักราชวิทยา"
"CF7DK2QJPV","SC488","จักราชวิทยา_SC488","จักราชวิทยา_SC488_CF7DK2QJPV","Student_98_1030201383","Student98","Admin","obec68zone1@obec.org","iPad (A16) (Wi-Fi + Cellular 128 GB Silver)","26.4.2","357879850197563","AC:82:F0:9E:17:27","6/8/2026 12:21:28 PM","SC; All; สพม.นครราชสีมา; จักราชวิทยา; SC_จักราชวิทยา","รร.จักราชวิทยา"
"KXKC949FHM","SC904","จักราชวิทยา_SC904","จักราชวิทยา_SC904_KXKC949FHM","Student_181_1030201383","Student181","Admin","obec68zone1@obec.org","iPad (A16) (Wi-Fi + Cellular 128 GB Silver)","26.5.0","357879850339769","AC:82:F0:9C:27:84","6/8/2026 12:21:20 PM","SC; All; สพม.นครราชสีมา; จักราชวิทยา; SC_จักราชวิทยา","รร.จักราชวิทยา"
"LD4323XD2L","SC1047","จักราชวิทยา_SC1047","จักราชวิทยา_SC1047_LD4323XD2L","Student_210_1030201383","Student210","Admin","obec68zone1@obec.org","iPad (A16) (Wi-Fi + Cellular 128 GB Silver)","26.5.0","357879850844818","AC:82:F0:A0:C5:DC","6/8/2026 12:21:19 PM","SC; All; สพม.นครราชสีมา; จักราชวิทยา; SC_จักราชวิทยา","รร.จักราชวิทยา"
"KXWC6030MJ","SC418","จักราชวิทยา_SC418","จักราชวิทยา_SC418_KXWC6030MJ","Student_84_1030201383","Student84","Admin","obec68zone1@obec.org","iPad (A16) (Wi-Fi + Cellular 128 GB Silver)","26.5.0","357879850779774","AC:82:F0:A6:ED:FE","6/8/2026 12:21:17 PM","SC; All; สพม.นครราชสีมา; จักราชวิทยา; SC_จักราชวิทยา","รร.จักราชวิทยา"
"L7JQV259KJ","SC633","จักราชวิทยา_SC633","จักราชวิทยา_SC633_L7JQV259KJ","Student_127_1030201383","Student127","Admin","obec68zone1@obec.org","iPad (A16) (Wi-Fi + Cellular 128 GB Silver)","26.4.2","357879850294550","AC:82:F0:9B:0C:C4","6/8/2026 12:21:16 PM","SC; All; สพม.นครราชสีมา; จักราชวิทยา; SC_จักราชวิทยา","รร.จักราชวิทยา"
"KJJD2XGYJW","SC793","จักราชวิทยา_SC793","จักราชวิทยา_SC793_KJJD2XGYJW","Student_159_1030201383","Student159","Admin","obec68zone1@obec.org","iPad (A16) (Wi-Fi + Cellular 128 GB Silver)","26.5.0","357879850016185","AC:82:F0:9C:F8:61","6/8/2026 12:21:16 PM","SC; All; สพม.นครราชสีมา; จักราชวิทยา; SC_จักราชวิทยา","รร.จักราชวิทยา"
"FQY4K3KVW1","SC207","จักราชวิทยา_SC207","จักราชวิทยา_SC207_FQY4K3KVW1","Student_42_1030201383","Student42","Admin","obec68zone1@obec.org","iPad (A16) (Wi-Fi + Cellular 128 GB Silver)","26.4.2","357585650500506","AC:82:F0:A1:6F:51","6/8/2026 12:21:16 PM","SC; All; สพม.นครราชสีมา; จักราชวิทยา; SC_จักราชวิทยา","รร.จักราชวิทยา"
"G765NY9CTX","SC481","จักราชวิทยา_SC481","จักราชวิทยา_SC481_G765NY9CTX","Student_97_1030201383","Student97","Admin","obec68zone1@obec.org","iPad (A16) (Wi-Fi + Cellular 128 GB Silver)","26.5.0","357879850414729","AC:82:F0:9B:3F:15","6/8/2026 12:21:15 PM","SC; All; สพม.นครราชสีมา; จักราชวิทยา; SC_จักราชวิทยา","รร.จักราชวิทยา"
"GFDH670WQM","SC507","จักราชวิทยา_SC507","จักราชวิทยา_SC507_GFDH670WQM","Student_102_1030201383","Student102","Admin","obec68zone1@obec.org","iPad (A16) (Wi-Fi + Cellular 128 GB Silver)","26.5.0","357879850083490","AC:82:F0:A3:5C:03","6/8/2026 12:21:15 PM","SC; All; สพม.นครราชสีมา; จักราชวิทยา; SC_จักราชวิทยา","รร.จักราชวิทยา"
"HR2FNYJVX0","TC28","จักราชวิทยา_TC28","จักราชวิทยา_TC28_HR2FNYJVX0","Teacher_06_1030201383","Teacher06","Admin","obec68zone1@obec.org","iPad (A16) (Wi-Fi + Cellular 128 GB Silver)","26.5.0","357879850407160","AC:82:F0:A3:E0:3B","6/8/2026 12:21:05 PM","TC; All; สพม.นครราชสีมา; TC_จักราชวิทยา; จักราชวิทยา","รร.จักราชวิทยา"
"JFGP7T2RXM","SC927","จักราชวิทยา_SC927","จักราชวิทยา_SC927_JFGP7T2RXM","Student_186_1030201383","Student186","Admin","obec68zone1@obec.org","iPad (A16) (Wi-Fi + Cellular 128 GB Silver)","26.5.0","357879850634839","AC:82:F0:A2:5E:1E","6/8/2026 12:20:51 PM","SC; All; สพม.นครราชสีมา; จักราชวิทยา; SC_จักราชวิทยา","รร.จักราชวิทยา"
"LX9RQ96XKV","SC923","จักราชวิทยา_SC923","จักราชวิทยา_SC923_LX9RQ96XKV","Student_185_1030201383","Student185","Admin","obec68zone1@obec.org","iPad (A16) (Wi-Fi + Cellular 128 GB Silver)","26.5.0","357879850035409","AC:82:F0:9D:E5:52","6/8/2026 12:20:25 PM","SC; All; สพม.นครราชสีมา; จักราชวิทยา; SC_จักราชวิทยา","รร.จักราชวิทยา"
"FKPYF6F96J","SC1090","จักราชวิทยา_SC1090","จักราชวิทยา_SC1090_FKPYF6F96J","Student_218_1030201383","Student218","Admin","obec68zone1@obec.org","iPad (A16) (Wi-Fi + Cellular 128 GB Silver)","26.5.0","357879850888369","AC:82:F0:A2:D5:8B","6/8/2026 12:19:20 PM","SC; All; สพม.นครราชสีมา; จักราชวิทยา; SC_จักราชวิทยา","รร.จักราชวิทยา"
"KJ52YWVYFN","SC88","จักราชวิทยา_SC88","จักราชวิทยา_SC88_KJ52YWVYFN","Student_18_1030201383","Student18","Admin","obec68zone1@obec.org","iPad (A16) (Wi-Fi + Cellular 128 GB Silver)","26.5.0","357585650704942","AC:82:F0:99:01:97","6/8/2026 12:17:20 PM","SC; All; สพม.นครราชสีมา; จักราชวิทยา; SC_จักราชวิทยา","รร.จักราชวิทยา"
"C9W3MJP73T","SC319","จักราชวิทยา_SC319","จักราชวิทยา_SC319_C9W3MJP73T","Student_64_1030201383","Student64","Admin","obec68zone1@obec.org","iPad (A16) (Wi-Fi + Cellular 128 GB Silver)","26.4.2","357879850579729","AC:82:F0:9C:29:15","6/8/2026 12:17:10 PM","SC; All; สพม.นครราชสีมา; จักราชวิทยา; SC_จักราชวิทยา","รร.จักราชวิทยา"
"CPVYL97MF2","SC842","จักราชวิทยา_SC842","จักราชวิทยา_SC842_CPVYL97MF2","Student_169_1030201383","Student169","Admin","obec68zone1@obec.org","iPad (A16) (Wi-Fi + Cellular 128 GB Silver)","26.5.0","357879850986452","AC:82:F0:9E:46:70","6/8/2026 12:16:23 PM","SC; All; สพม.นครราชสีมา; จักราชวิทยา; SC_จักราชวิทยา","รร.จักราชวิทยา"
"KTH6P493H4","SC806","จักราชวิทยา_SC806","จักราชวิทยา_SC806_KTH6P493H4","Student_162_1030201383","Student162","Admin","obec68zone1@obec.org","iPad (A16) (Wi-Fi + Cellular 128 GB Silver)","26.5.0","357879850035367","AC:82:F0:AA:2F:A9","6/8/2026 12:16:19 PM","SC; All; สพม.นครราชสีมา; จักราชวิทยา; SC_จักราชวิทยา","รร.จักราชวิทยา"
"H9H90R96CM","SC758","จักราชวิทยา_SC758","จักราชวิทยา_SC758_H9H90R96CM","Student_152_1030201383","Student152","Admin","obec68zone1@obec.org","iPad (A16) (Wi-Fi + Cellular 128 GB Silver)","26.5.0","357879850524642","AC:82:F0:9E:08:F1","6/8/2026 12:16:19 PM","SC; All; สพม.นครราชสีมา; จักราชวิทยา; SC_จักราชวิทยา","รร.จักราชวิทยา"
"G9PFMQ03D0","SC821","จักราชวิทยา_SC821","จักราชวิทยา_SC821_G9PFMQ03D0","Student_165_1030201383","Student165","Admin","obec68zone1@obec.org","iPad (A16) (Wi-Fi + Cellular 128 GB Silver)","26.5.0","357879850018124","AC:82:F0:9C:F9:E9","6/8/2026 12:16:18 PM","SC; All; สพม.นครราชสีมา; จักราชวิทยา; SC_จักราชวิทยา","รร.จักราชวิทยา"
"GKG4RQ50QR","SC325","จักราชวิทยา_SC325","จักราชวิทยา_SC325_GKG4RQ50QR","Student_65_1030201383","Student65","Admin","obec68zone1@obec.org","iPad (A16) (Wi-Fi + Cellular 128 GB Silver)","26.5.0","357879850762960","AC:82:F0:9C:0A:F5","6/8/2026 12:16:15 PM","SC; All; สพม.นครราชสีมา; จักราชวิทยา; SC_จักราชวิทยา","รร.จักราชวิทยา"
"G0FF6NF27M","SC199","จักราชวิทยา_SC199","จักราชวิทยา_SC199_G0FF6NF27M","Student_40_1030201383","Student40","Admin","obec68zone1@obec.org","iPad (A16) (Wi-Fi + Cellular 128 GB Silver)","26.5.0","357585650877813","AC:82:F0:9D:A3:4B","6/8/2026 12:16:15 PM","SC; All; สพม.นครราชสีมา; จักราชวิทยา; SC_จักราชวิทยา","รร.จักราชวิทยา"
"G7PYXTXTWH","SC653","จักราชวิทยา_SC653","จักราชวิทยา_SC653_G7PYXTXTWH","Student_131_1030201383","Student131","Admin","obec68zone1@obec.org","iPad (A16) (Wi-Fi + Cellular 128 GB Silver)","26.5.0","357879850252657","AC:82:F0:A9:7A:9C","6/8/2026 12:16:15 PM","SC; All; สพม.นครราชสีมา; จักราชวิทยา; SC_จักราชวิทยา","รร.จักราชวิทยา"
"HDW6N36DHP","SC113","จักราชวิทยา_SC113","จักราชวิทยา_SC113_HDW6N36DHP","Student_23_1030201383","Student23","Admin","obec68zone1@obec.org","iPad (A16) (Wi-Fi + Cellular 128 GB Silver)","26.5.0","357585650493587","AC:82:F0:AC:7E:C2","6/8/2026 12:16:14 PM","SC; All; สพม.นครราชสีมา; จักราชวิทยา; SC_จักราชวิทยา","รร.จักราชวิทยา"
"FR63DDG6QY","SC03","จักราชวิทยา_SC03","จักราชวิทยา_SC03_FR63DDG6QY","Student_01_1030201383","Student01","Admin","obec68zone1@obec.org","iPad (A16) (Wi-Fi + Cellular 128 GB Silver)","26.5.0","357879850947736","AC:82:F0:9B:01:EE","6/8/2026 12:16:14 PM","SC; All; สพม.นครราชสีมา; จักราชวิทยา; SC_จักราชวิทยา","รร.จักราชวิทยา"
"F9960CWVDF","SC31","จักราชวิทยา_SC31","จักราชวิทยา_SC31_F9960CWVDF","Student_07_1030201383","Student07","Admin","obec68zone1@obec.org","iPad (A16) (Wi-Fi + Cellular 128 GB Silver)","26.5.0","357585650793101","AC:82:F0:9C:E7:1D","6/8/2026 12:16:13 PM","SC; All; สพม.นครราชสีมา; จักราชวิทยา; SC_จักราชวิทยา","รร.จักราชวิทยา"
"L76V5MHX73","SC56","จักราชวิทยา_SC56","จักราชวิทยา_SC56_L76V5MHX73","Student_12_1030201383","Student12","Admin","obec68zone1@obec.org","iPad (A16) (Wi-Fi + Cellular 128 GB Silver)","26.5.0","357585650783771","AC:82:F0:AE:62:95","6/8/2026 12:16:13 PM","SC; All; สพม.นครราชสีมา; จักราชวิทยา; SC_จักราชวิทยา","รร.จักราชวิทยา"
"JN02360XKK","TC88","จักราชวิทยา_TC88","จักราชวิทยา_TC88_JN02360XKK","Teacher_18_1030201383","Teacher18","Admin","obec68zone1@obec.org","iPad (A16) (Wi-Fi + Cellular 128 GB Silver)","26.1.0","357879850793130","AC:82:F0:A2:44:CE","6/8/2026 12:16:05 PM","TC; All; สพม.นครราชสีมา; TC_จักราชวิทยา; จักราชวิทยา","รร.จักราชวิทยา"
"DNQFC64QM9","TC68","จักราชวิทยา_TC68","จักราชวิทยา_TC68_DNQFC64QM9","Teacher_14_1030201383","Teacher14","Admin","obec68zone1@obec.org","iPad (A16) (Wi-Fi + Cellular 128 GB Silver)","26.5.0","357879850042819","AC:82:F0:A6:2E:DC","6/8/2026 12:16:05 PM","TC; All; สพม.นครราชสีมา; TC_จักราชวิทยา; จักราชวิทยา","รร.จักราชวิทยา"
"MJ9TC3FJHL","SC196","จักราชวิทยา_SC196","จักราชวิทยา_SC196_MJ9TC3FJHL","Student_40_1030201383","Student40","Admin","obec68zone1@obec.org","iPad (A16) (Wi-Fi + Cellular 128 GB Silver)","26.5.0","357585650509713","AC:82:F0:A5:71:16","6/8/2026 12:15:05 PM","SC; All; สพม.นครราชสีมา; จักราชวิทยา; SC_จักราชวิทยา","รร.จักราชวิทยา"
"CGQ7V3Y4D7","SC220","จักราชวิทยา_SC220","จักราชวิทยา_SC220_CGQ7V3Y4D7","Student_44_1030201383","Student44","Admin","obec68zone1@obec.org","iPad (A16) (Wi-Fi + Cellular 128 GB Silver)","26.1.0","357879850542404","AC:82:F0:A0:9E:5E","6/8/2026 12:14:17 PM","SC; All; สพม.นครราชสีมา; จักราชวิทยา; SC_จักราชวิทยา","รร.จักราชวิทยา"
"JMGCRW27G3","SC365","จักราชวิทยา_SC365","จักราชวิทยา_SC365_JMGCRW27G3","Student_73_1030201383","Student73","Admin","obec68zone1@obec.org","iPad (A16) (Wi-Fi + Cellular 128 GB Silver)","26.5.0","357879850725025","AC:82:F0:A0:A9:BF","6/8/2026 12:13:53 PM","SC; All; สพม.นครราชสีมา; จักราชวิทยา; SC_จักราชวิทยา","รร.จักราชวิทยา"
"KD9XD929KK","SC475","จักราชวิทยา_SC475","จักราชวิทยา_SC475_KD9XD929KK","Student_95_1030201383","Student95","Admin","obec68zone1@obec.org","iPad (A16) (Wi-Fi + Cellular 128 GB Silver)","26.1.0","357879850598455","AC:82:F0:A8:FE:48","6/8/2026 12:12:47 PM","SC; All; สพม.นครราชสีมา; จักราชวิทยา; SC_จักราชวิทยา","รร.จักราชวิทยา"
"J37L9W909F","SC144","จักราชวิทยา_SC144","จักราชวิทยา_SC144_J37L9W909F","Student_29_1030201383","Student29","Admin","obec68zone1@obec.org","iPad (A16) (Wi-Fi + Cellular 128 GB Silver)","26.5.0","357585650798316","AC:82:F0:A0:BB:51","6/8/2026 12:12:36 PM","SC; All; สพม.นครราชสีมา; จักราชวิทยา; SC_จักราชวิทยา","รร.จักราชวิทยา"
"H29V0H4750","SC825","จักราชวิทยา_SC825","จักราชวิทยา_SC825_H29V0H4750","Student_165_1030201383","Student165","Admin","obec68zone1@obec.org","iPad (A16) (Wi-Fi + Cellular 128 GB Silver)","26.5.0","357879850005006","AC:82:F0:9C:9A:AA","6/8/2026 12:11:33 PM","SC; All; สพม.นครราชสีมา; จักราชวิทยา; SC_จักราชวิทยา","รร.จักราชวิทยา"
"JR6TNHY4LW","SC554","จักราชวิทยา_SC554","จักราชวิทยา_SC554_JR6TNHY4LW","Student_111_1030201383","Student111","Admin","obec68zone1@obec.org","iPad (A16) (Wi-Fi + Cellular 128 GB Silver)","26.5.0","357879850785698","AC:82:F0:A0:73:29","6/8/2026 12:11:26 PM","SC; All; สพม.นครราชสีมา; จักราชวิทยา; SC_จักราชวิทยา","รร.จักราชวิทยา"
"L6JVVM0JGK","SC999","จักราชวิทยา_SC999","จักราชวิทยา_SC999_L6JVVM0JGK","Student_200_1030201383","Student200","Admin","obec68zone1@obec.org","iPad (A16) (Wi-Fi + Cellular 128 GB Silver)","26.5.0","357879850268968","AC:82:F0:A6:14:D2","6/8/2026 12:11:26 PM","SC; All; สพม.นครราชสีมา; จักราชวิทยา; SC_จักราชวิทยา","รร.จักราชวิทยา"
"HQ54P2YG6X","SC981","จักราชวิทยา_SC981","จักราชวิทยา_SC981_HQ54P2YG6X","Student_197_1030201383","Student197","Admin","obec68zone1@obec.org","iPad (A16) (Wi-Fi + Cellular 128 GB Silver)","26.5.0","357879850194545","AC:82:F0:A8:33:29","6/8/2026 12:11:20 PM","SC; All; สพม.นครราชสีมา; จักราชวิทยา; SC_จักราชวิทยา","รร.จักราชวิทยา"
"KX37N36H36","SC957","จักราชวิทยา_SC957","จักราชวิทยา_SC957_KX37N36H36","Student_192_1030201383","Student192","Admin","obec68zone1@obec.org","iPad (A16) (Wi-Fi + Cellular 128 GB Silver)","26.5.0","357879850408242","AC:82:F0:A4:ED:4C","6/8/2026 12:11:20 PM","SC; All; สพม.นครราชสีมา; จักราชวิทยา; SC_จักราชวิทยา","รร.จักราชวิทยา"
"FYJ4KGXKLW","SC1061","จักราชวิทยา_SC1061","จักราชวิทยา_SC1061_FYJ4KGXKLW","Student_213_1030201383","Student213","Admin","obec68zone1@obec.org","iPad (A16) (Wi-Fi + Cellular 128 GB Silver)","26.5.0","357879850573524","AC:82:F0:AE:0A:39","6/8/2026 12:11:19 PM","SC; All; สพม.นครราชสีมา; จักราชวิทยา; SC_จักราชวิทยา","รร.จักราชวิทยา"
"FCY7VN46CF","SC1092","จักราชวิทยา_SC1092","จักราชวิทยา_SC1092_FCY7VN46CF","Student_219_1030201383","Student219","Admin","obec68zone1@obec.org","iPad (A16) (Wi-Fi + Cellular 128 GB Silver)","26.5.0","357879850482650","AC:82:F0:A6:C9:01","6/8/2026 12:11:19 PM","SC; All; สพม.นครราชสีมา; จักราชวิทยา; SC_จักราชวิทยา","รร.จักราชวิทยา"
"L2PWN7QKWG","SC1075","จักราชวิทยา_SC1075","จักราชวิทยา_SC1075_L2PWN7QKWG","Student_215_1030201383","Student215","Admin","obec68zone1@obec.org","iPad (A16) (Wi-Fi + Cellular 128 GB Silver)","26.5.0","357879850835600","AC:82:F0:A5:42:11","6/8/2026 12:11:19 PM","SC; All; สพม.นครราชสีมา; จักราชวิทยา; SC_จักราชวิทยา","รร.จักราชวิทยา"
"G2PM02DV71","SC67","จักราชวิทยา_SC67","จักราชวิทยา_SC67_G2PM02DV71","Student_14_1030201383","Student14","Admin","obec68zone1@obec.org","iPad (A16) (Wi-Fi + Cellular 128 GB Silver)","26.5.0","357585650467516","AC:82:F0:98:EF:A5","6/8/2026 12:11:19 PM","SC; All; สพม.นครราชสีมา; จักราชวิทยา; SC_จักราชวิทยา","รร.จักราชวิทยา"
"GWXL65PWPG","SC769","จักราชวิทยา_SC769","จักราชวิทยา_SC769_GWXL65PWPG","Student_154_1030201383","Student154","Admin","obec68zone1@obec.org","iPad (A16) (Wi-Fi + Cellular 128 GB Silver)","26.5.0","357879850540499","AC:82:F0:AC:BA:DB","6/8/2026 12:11:18 PM","SC; All; สพม.นครราชสีมา; จักราชวิทยา; SC_จักราชวิทยา","รร.จักราชวิทยา"
"MJ6JKQKJ64","SC514","จักราชวิทยา_SC514","จักราชวิทยา_SC514_MJ6JKQKJ64","Student_103_1030201383","Student103","Admin","obec68zone1@obec.org","iPad (A16) (Wi-Fi + Cellular 128 GB Silver)","26.1.0","357879850286242","AC:82:F0:A4:7C:1F","6/8/2026 12:11:17 PM","SC; All; สพม.นครราชสีมา; จักราชวิทยา; SC_จักราชวิทยา","รร.จักราชวิทยา"
"C2VTW9JWWH","SC552","จักราชวิทยา_SC552","จักราชวิทยา_SC552_C2VTW9JWWH","Student_111_1030201383","Student111","Admin","obec68zone1@obec.org","iPad (A16) (Wi-Fi + Cellular 128 GB Silver)","26.5.0","357879850480787","AC:82:F0:99:29:8B","6/8/2026 12:11:16 PM","SC; All; สพม.นครราชสีมา; จักราชวิทยา; SC_จักราชวิทยา","รร.จักราชวิทยา"
"HVJ96QK9CH","SC536","จักราชวิทยา_SC536","จักราชวิทยา_SC536_HVJ96QK9CH","Student_108_1030201383","Student108","Admin","obec68zone1@obec.org","iPad (A16) (Wi-Fi + Cellular 128 GB Silver)","26.1.0","357879850231396","AC:82:F0:A9:4D:1C","6/8/2026 12:11:16 PM","SC; All; สพม.นครราชสีมา; จักราชวิทยา; SC_จักราชวิทยา","รร.จักราชวิทยา"
"G542V2XR56","SC89","จักราชวิทยา_SC89","จักราชวิทยา_SC89_G542V2XR56","Student_18_1030201383","Student18","Admin","obec68zone1@obec.org","iPad (A16) (Wi-Fi + Cellular 128 GB Silver)","26.5.0","357585650910416","AC:82:F0:AC:68:0D","6/8/2026 12:11:15 PM","SC; All; สพม.นครราชสีมา; จักราชวิทยา; SC_จักราชวิทยา","รร.จักราชวิทยา"
"FH9NFHVJ75","SC111","จักราชวิทยา_SC111","จักราชวิทยา_SC111_FH9NFHVJ75","Student_23_1030201383","Student23","Admin","obec68zone1@obec.org","iPad (A16) (Wi-Fi + Cellular 128 GB Silver)","26.4.2","357585650762676","AC:82:F0:A4:67:8E","6/8/2026 12:11:15 PM","SC; All; สพม.นครราชสีมา; จักราชวิทยา; SC_จักราชวิทยา","รร.จักราชวิทยา"
"MN4VC2K20C","SC170","จักราชวิทยา_SC170","จักราชวิทยา_SC170_MN4VC2K20C","Student_34_1030201383","Student34","Admin","obec68zone1@obec.org","iPad (A16) (Wi-Fi + Cellular 128 GB Silver)","26.5.0","357585650473993","AC:82:F0:AC:80:8F","6/8/2026 12:10:25 PM","SC; All; สพม.นครราชสีมา; จักราชวิทยา; SC_จักราชวิทยา","รร.จักราชวิทยา"
"FV7YFHFMPJ","SC546","จักราชวิทยา_SC546","จักราชวิทยา_SC546_FV7YFHFMPJ","Student_110_1030201383","Student110","Admin","obec68zone1@obec.org","iPad (A16) (Wi-Fi + Cellular 128 GB Silver)","26.1.0","357879850092327","AC:82:F0:9C:9F:92","6/8/2026 12:09:45 PM","SC; All; สพม.นครราชสีมา; จักราชวิทยา; SC_จักราชวิทยา","รร.จักราชวิทยา"
"LYQ34WJ6W4","SC385","จักราชวิทยา_SC385","จักราชวิทยา_SC385_LYQ34WJ6W4","Student_77_1030201383","Student77","Admin","obec68zone1@obec.org","iPad (A16) (Wi-Fi + Cellular 128 GB Silver)","26.5.0","357879850471141","AC:82:F0:A0:0C:79","6/8/2026 12:09:11 PM","SC; All; สพม.นครราชสีมา; จักราชวิทยา; SC_จักราชวิทยา","รร.จักราชวิทยา"
"LV1WRMQ9QN","SC1059","จักราชวิทยา_SC1059","จักราชวิทยา_SC1059_LV1WRMQ9QN","Student_212_1030201383","Student212","Admin","obec68zone1@obec.org","iPad (A16) (Wi-Fi + Cellular 128 GB Silver)","26.5.0","357879850107646","AC:82:F0:9A:7F:01","6/8/2026 12:07:25 PM","SC; All; สพม.นครราชสีมา; จักราชวิทยา; SC_จักราชวิทยา","รร.จักราชวิทยา"
"KJK4K29T6W","SC870","จักราชวิทยา_SC870","จักราชวิทยา_SC870_KJK4K29T6W","Student_174_1030201383","Student174","Admin","obec68zone1@obec.org","iPad (A16) (Wi-Fi + Cellular 128 GB Silver)","26.5.0","357879850654217","AC:82:F0:A5:36:3B","6/8/2026 12:07:21 PM","SC; All; สพม.นครราชสีมา; จักราชวิทยา; SC_จักราชวิทยา","รร.จักราชวิทยา"
"LNK44HKPH0","SC615","จักราชวิทยา_SC615","จักราชวิทยา_SC615_LNK44HKPH0","Student_123_1030201383","Student123","Admin","obec68zone1@obec.org","iPad (A16) (Wi-Fi + Cellular 128 GB Silver)","26.4.2","357879850871423","AC:82:F0:99:BF:C1","6/8/2026 12:07:18 PM","SC; All; สพม.นครราชสีมา; จักราชวิทยา; SC_จักราชวิทยา","รร.จักราชวิทยา"
"HFJV4PV3K7","SC1068","จักราชวิทยา_SC1068","จักราชวิทยา_SC1068_HFJV4PV3K7","Student_214_1030201383","Student214","Admin","obec68zone1@obec.org","iPad (A16) (Wi-Fi + Cellular 128 GB Silver)","26.5.0","357879850158169","AC:82:F0:AA:E9:C6","6/8/2026 12:06:22 PM","SC; All; สพม.นครราชสีมา; จักราชวิทยา; SC_จักราชวิทยา","รร.จักราชวิทยา"
"HWH9X4FVJD","SC1078","จักราชวิทยา_SC1078","จักราชวิทยา_SC1078_HWH9X4FVJD","Student_216_1030201383","Student216","Admin","obec68zone1@obec.org","iPad (A16) (Wi-Fi + Cellular 128 GB Silver)","26.5.0","357879850458668","AC:82:F0:AD:1C:8C","6/8/2026 12:06:22 PM","SC; All; สพม.นครราชสีมา; จักราชวิทยา; SC_จักราชวิทยา","รร.จักราชวิทยา"
"H64WN22VYY","SC1020","จักราชวิทยา_SC1020","จักราชวิทยา_SC1020_H64WN22VYY","Student_204_1030201383","Student204","Admin","obec68zone1@obec.org","iPad (A16) (Wi-Fi + Cellular 128 GB Silver)","26.5.0","357879850002425","AC:82:F0:A8:0C:F7","6/8/2026 12:06:21 PM","SC; All; สพม.นครราชสีมา; จักราชวิทยา; SC_จักราชวิทยา","รร.จักราชวิทยา"
"K46DQYP9PG","SC752","จักราชวิทยา_SC752","จักราชวิทยา_SC752_K46DQYP9PG","Student_151_1030201383","Student151","Admin","obec68zone1@obec.org","iPad (A16) (Wi-Fi + Cellular 128 GB Silver)","26.5.0","357879850942257","AC:82:F0:A8:6A:49","6/8/2026 12:06:21 PM","SC; All; สพม.นครราชสีมา; จักราชวิทยา; SC_จักราชวิทยา","รร.จักราชวิทยา"
"FX23HF4MFD","SC819","จักราชวิทยา_SC819","จักราชวิทยา_SC819_FX23HF4MFD","Student_164_1030201383","Student164","Admin","obec68zone1@obec.org","iPad (A16) (Wi-Fi + Cellular 128 GB Silver)","26.5.0","357879850109618","AC:82:F0:A2:92:4B","6/8/2026 12:06:20 PM","SC; All; สพม.นครราชสีมา; จักราชวิทยา; SC_จักราชวิทยา","รร.จักราชวิทยา"
"J60M41D7FJ","SC513","จักราชวิทยา_SC513","จักราชวิทยา_SC513_J60M41D7FJ","Student_103_1030201383","Student103","Admin","obec68zone1@obec.org","iPad (A16) (Wi-Fi + Cellular 128 GB Silver)","26.5.0","357879850928074","AC:82:F0:A5:FD:64","6/8/2026 12:06:18 PM","SC; All; สพม.นครราชสีมา; จักราชวิทยา; SC_จักราชวิทยา","รร.จักราชวิทยา"
"H4CQGPX7NL","SC322","จักราชวิทยา_SC322","จักราชวิทยา_SC322_H4CQGPX7NL","Student_65_1030201383","Student65","Admin","obec68zone1@obec.org","iPad (A16) (Wi-Fi + Cellular 128 GB Silver)","26.5.0","357879850522281","AC:82:F0:9C:66:89","6/8/2026 12:06:17 PM","SC; All; สพม.นครราชสีมา; จักราชวิทยา; SC_จักราชวิทยา","รร.จักราชวิทยา"
"H9LQJ454Q3","SC262","จักราชวิทยา_SC262","จักราชวิทยา_SC262_H9LQJ454Q3","Student_53_1030201383","Student53","Admin","obec68zone1@obec.org","iPad (A16) (Wi-Fi + Cellular 128 GB Silver)","26.5.0","357879850399664","AC:82:F0:AD:3A:91","6/8/2026 12:06:17 PM","SC; All; สพม.นครราชสีมา; จักราชวิทยา; SC_จักราชวิทยา","รร.จักราชวิทยา"
"G9419K5CQC","TC82","จักราชวิทยา_TC82","จักราชวิทยา_TC82_G9419K5CQC","Teacher_17_1030201383","Teacher17","Admin","obec68zone1@obec.org","iPad (A16) (Wi-Fi + Cellular 128 GB Silver)","26.5.0","357879850688868","AC:82:F0:A7:60:3B","6/8/2026 12:06:08 PM","TC; All; สพม.นครราชสีมา; TC_จักราชวิทยา; จักราชวิทยา","รร.จักราชวิทยา"
"H3D2F4YJ9L","TC94","จักราชวิทยา_TC94","จักราชวิทยา_TC94_H3D2F4YJ9L","Teacher_19_1030201383","Teacher19","Admin","obec68zone1@obec.org","iPad (A16) (Wi-Fi + Cellular 128 GB Silver)","26.5.0","357879850031655","AC:82:F0:9F:C1:91","6/8/2026 12:06:06 PM","TC; All; สพม.นครราชสีมา; TC_จักราชวิทยา; จักราชวิทยา","รร.จักราชวิทยา"
"KY07RQR4NK","SC1116","จักราชวิทยา_SC1116","จักราชวิทยา_SC1116_KY07RQR4NK","Student_224_1030201383","Student224","Admin","obec68zone1@obec.org","iPad (A16) (Wi-Fi + Cellular 128 GB Silver)","26.5.0","357879850363991","AC:82:F0:AA:84:1F","6/8/2026 12:01:24 PM","SC; All; สพม.นครราชสีมา; จักราชวิทยา; SC_จักราชวิทยา","รร.จักราชวิทยา"
"HDCQ2LQPNP","SC1022","จักราชวิทยา_SC1022","จักราชวิทยา_SC1022_HDCQ2LQPNP","Student_205_1030201383","Student205","Admin","obec68zone1@obec.org","iPad (A16) (Wi-Fi + Cellular 128 GB Silver)","26.5.0","357879850676400","AC:82:F0:A5:18:07","6/8/2026 12:01:23 PM","SC; All; สพม.นครราชสีมา; จักราชวิทยา; SC_จักราชวิทยา","รร.จักราชวิทยา"
"MP7XHQP704","SC1174","จักราชวิทยา_SC1174","จักราชวิทยา_SC1174_MP7XHQP704","Student_235_1030201383","Student235","Admin","obec68zone1@obec.org","iPad (A16) (Wi-Fi + Cellular 128 GB Silver)","26.5.0","357879850613171","AC:82:F0:A6:A8:DE","6/8/2026 12:01:20 PM","SC; All; สพม.นครราชสีมา; จักราชวิทยา; SC_จักราชวิทยา","รร.จักราชวิทยา"
"J7KTV73C6K","SC645","จักราชวิทยา_SC645","จักราชวิทยา_SC645_J7KTV73C6K","Student_129_1030201383","Student129","Admin","obec68zone1@obec.org","iPad (A16) (Wi-Fi + Cellular 128 GB Silver)","26.5.0","357879850267598","AC:82:F0:A1:6B:39","6/8/2026 12:01:20 PM","SC; All; สพม.นครราชสีมา; จักราชวิทยา; SC_จักราชวิทยา","รร.จักราชวิทยา"
"D7R9C5H2WM","SC149","จักราชวิทยา_SC149","จักราชวิทยา_SC149_D7R9C5H2WM","Student_30_1030201383","Student30","Admin","obec68zone1@obec.org","iPad (A16) (Wi-Fi + Cellular 128 GB Silver)","26.5.0","357585650854143","AC:82:F0:9B:91:8A","6/8/2026 12:01:19 PM","SC; All; สพม.นครราชสีมา; จักราชวิทยา; SC_จักราชวิทยา","รร.จักราชวิทยา"
"JVXL17R622","SC266","จักราชวิทยา_SC266","จักราชวิทยา_SC266_JVXL17R622","Student_54_1030201383","Student54","Admin","obec68zone1@obec.org","iPad (A16) (Wi-Fi + Cellular 128 GB Silver)","26.1.0","357879850769965","AC:82:F0:9F:78:99","6/8/2026 12:01:19 PM","SC; All; สพม.นครราชสีมา; จักราชวิทยา; SC_จักราชวิทยา","รร.จักราชวิทยา"
"HQ91P9G2Y5","SC64","จักราชวิทยา_SC64","จักราชวิทยา_SC64_HQ91P9G2Y5","Student_13_1030201383","Student13","Admin","obec68zone1@obec.org","iPad (A16) (Wi-Fi + Cellular 128 GB Silver)","26.5.0","357585650848996","AC:82:F0:AA:9A:59","6/8/2026 12:01:18 PM","SC; All; สพม.นครราชสีมา; จักราชวิทยา; SC_จักราชวิทยา","รร.จักราชวิทยา"
"F4522PJW1J","TC26","จักราชวิทยา_TC26","จักราชวิทยา_TC26_F4522PJW1J","Teacher_06_1030201383","Teacher06","Admin","obec68zone1@obec.org","iPad (A16) (Wi-Fi + Cellular 128 GB Silver)","26.5.0","357879850956315","AC:82:F0:9A:4D:AA","6/8/2026 12:01:06 PM","TC; All; สพม.นครราชสีมา; TC_จักราชวิทยา; จักราชวิทยา","รร.จักราชวิทยา"
"DGC5K6QFT9","TC110","จักราชวิทยา_TC110","จักราชวิทยา_TC110_DGC5K6QFT9","Teacher_22_1030201383","Teacher22","Admin","obec68zone1@obec.org","iPad (A16) (Wi-Fi + Cellular 128 GB Silver)","26.5.0","357879850127412","AC:82:F0:AB:3F:A2","6/8/2026 12:01:06 PM","TC; All; สพม.นครราชสีมา; TC_จักราชวิทยา; จักราชวิทยา","รร.จักราชวิทยา"
"G2M6M2RRVV","SC274","จักราชวิทยา_SC274","จักราชวิทยา_SC274_G2M6M2RRVV","Student_55_1030201383","Student55","Admin","obec68zone1@obec.org","iPad (A16) (Wi-Fi + Cellular 128 GB Silver)","26.3.1 (a)","357879850839065","AC:82:F0:AC:29:99","6/8/2026 12:00:31 PM","SC; All; สพม.นครราชสีมา; จักราชวิทยา; SC_จักราชวิทยา","รร.จักราชวิทยา"
"JL4LDQYJWW","SC919","จักราชวิทยา_SC919","จักราชวิทยา_SC919_JL4LDQYJWW","Student_184_1030201383","Student184","Admin","obec68zone1@obec.org","iPad (A16) (Wi-Fi + Cellular 128 GB Silver)","26.5.0","357879850377389","AC:82:F0:9B:DC:00","6/8/2026 11:59:41 AM","SC; All; สพม.นครราชสีมา; จักราชวิทยา; SC_จักราชวิทยา","รร.จักราชวิทยา"
"C6J49HGXNG","SC632","จักราชวิทยา_SC632","จักราชวิทยา_SC632_C6J49HGXNG","Student_127_1030201383","Student127","Admin","obec68zone1@obec.org","iPad (A16) (Wi-Fi + Cellular 128 GB Silver)","26.1.0","357879850088739","AC:82:F0:A0:26:81","6/8/2026 11:59:12 AM","SC; All; สพม.นครราชสีมา; จักราชวิทยา; SC_จักราชวิทยา","รร.จักราชวิทยา"
"KVPQGG3YJ0","SC210","จักราชวิทยา_SC210","จักราชวิทยา_SC210_KVPQGG3YJ0","Student_42_1030201383","Student42","Admin","obec68zone1@obec.org","iPad (A16) (Wi-Fi + Cellular 128 GB Silver)","26.5.0","357585650768616","AC:82:F0:9F:3B:18","6/8/2026 11:59:06 AM","SC; All; สพม.นครราชสีมา; จักราชวิทยา; SC_จักราชวิทยา","รร.จักราชวิทยา"
"MGQWWQT9XM","SC1010","จักราชวิทยา_SC1010","จักราชวิทยา_SC1010_MGQWWQT9XM","Student_202_1030201383","Student202","Admin","obec68zone1@obec.org","iPad (A16) (Wi-Fi + Cellular 128 GB Silver)","26.1.0","357879850653284","AC:82:F0:A8:B1:F0","6/8/2026 11:59:01 AM","SC; All; สพม.นครราชสีมา; จักราชวิทยา; SC_จักราชวิทยา","รร.จักราชวิทยา"
"DQ0WHM7XXP","SC965","จักราชวิทยา_SC965","จักราชวิทยา_SC965_DQ0WHM7XXP","Student_193_1030201383","Student193","Admin","obec68zone1@obec.org","iPad (A16) (Wi-Fi + Cellular 128 GB Silver)","26.5.0","357879850428224","AC:82:F0:A6:C4:98","6/8/2026 11:56:39 AM","SC; All; สพม.นครราชสีมา; จักราชวิทยา; SC_จักราชวิทยา","รร.จักราชวิทยา"
"HGW5C2M94K","TC24","จักราชวิทยา_TC24","จักราชวิทยา_TC24_HGW5C2M94K","Teacher_05_1030201383","Teacher05","Admin","obec68zone1@obec.org","iPad (A16) (Wi-Fi + Cellular 128 GB Silver)","26.5.0","357879850566452","AC:82:F0:A3:64:39","6/8/2026 11:56:25 AM","TC; All; สพม.นครราชสีมา; TC_จักราชวิทยา; จักราชวิทยา","รร.จักราชวิทยา"
"G1FY2C664K","SC786","จักราชวิทยา_SC786","จักราชวิทยา_SC786_G1FY2C664K","Student_158_1030201383","Student158","Admin","obec68zone1@obec.org","iPad (A16) (Wi-Fi + Cellular 128 GB Silver)","26.5.0","357879850790664","AC:82:F0:A2:35:65","6/8/2026 11:56:21 AM","SC; All; สพม.นครราชสีมา; จักราชวิทยา; SC_จักราชวิทยา","รร.จักราชวิทยา"
"LT4KH262HP","SC510","จักราชวิทยา_SC510","จักราชวิทยา_SC510_LT4KH262HP","Student_102_1030201383","Student102","Admin","obec68zone1@obec.org","iPad (A16) (Wi-Fi + Cellular 128 GB Silver)","26.5.0","357879850362357","AC:82:F0:98:B7:A3","6/8/2026 11:56:19 AM","SC; All; สพม.นครราชสีมา; จักราชวิทยา; SC_จักราชวิทยา","รร.จักราชวิทยา"
"G337GDL621","SC32","จักราชวิทยา_SC32","จักราชวิทยา_SC32_G337GDL621","Student_07_1030201383","Student07","Admin","obec68zone1@obec.org","iPad (A16) (Wi-Fi + Cellular 128 GB Silver)","26.5.0","357585650410771","AC:82:F0:A8:65:8B","6/8/2026 11:56:18 AM","SC; All; สพม.นครราชสีมา; จักราชวิทยา; SC_จักราชวิทยา","รร.จักราชวิทยา"
"D9P4T0455P","SC578","จักราชวิทยา_SC578","จักราชวิทยา_SC578_D9P4T0455P","Student_116_1030201383","Student116","Admin","obec68zone1@obec.org","iPad (A16) (Wi-Fi + Cellular 128 GB Silver)","26.5.0","357879850483740","AC:82:F0:A3:B2:D1","6/8/2026 11:54:51 AM","SC; All; สพม.นครราชสีมา; จักราชวิทยา; SC_จักราชวิทยา","รร.จักราชวิทยา"
"F75QFWXDY2","SC185","จักราชวิทยา_SC185","จักราชวิทยา_SC185_F75QFWXDY2","Student_37_1030201383","Student37","Admin","obec68zone1@obec.org","iPad (A16) (Wi-Fi + Cellular 128 GB Silver)","26.1.0","357879850713500","AC:82:F0:A9:9C:53","6/8/2026 11:54:12 AM","SC; All; สพม.นครราชสีมา; จักราชวิทยา; SC_จักราชวิทยา","รร.จักราชวิทยา"
"MNQDWYJGJN","SC892","จักราชวิทยา_SC892","จักราชวิทยา_SC892_MNQDWYJGJN","Student_179_1030201383","Student179","Admin","obec68zone1@obec.org","iPad (A16) (Wi-Fi + Cellular 128 GB Silver)","26.5.0","357879850368602","AC:82:F0:9E:29:0F","6/8/2026 11:51:22 AM","SC; All; สพม.นครราชสีมา; จักราชวิทยา; SC_จักราชวิทยา","รร.จักราชวิทยา"
"G12PTQWMWK","SC209","จักราชวิทยา_SC209","จักราชวิทยา_SC209_G12PTQWMWK","Student_42_1030201383","Student42","Admin","obec68zone1@obec.org","iPad (A16) (Wi-Fi + Cellular 128 GB Silver)","26.1.0","357585650317554","AC:82:F0:AA:95:CC","6/8/2026 11:51:21 AM","SC; All; สพม.นครราชสีมา; จักราชวิทยา; SC_จักราชวิทยา","รร.จักราชวิทยา"
"LM25N6HQV6","SC915","จักราชวิทยา_SC915","จักราชวิทยา_SC915_LM25N6HQV6","Student_183_1030201383","Student183","Admin","obec68zone1@obec.org","iPad (A16) (Wi-Fi + Cellular 128 GB Silver)","26.5.0","357879850259967","AC:82:F0:99:E1:62","6/8/2026 11:51:20 AM","SC; All; สพม.นครราชสีมา; จักราชวิทยา; SC_จักราชวิทยา","รร.จักราชวิทยา"
"HG4NWL3W42","SC909","จักราชวิทยา_SC909","จักราชวิทยา_SC909_HG4NWL3W42","Student_182_1030201383","Student182","Admin","obec68zone1@obec.org","iPad (A16) (Wi-Fi + Cellular 128 GB Silver)","26.5.0","357879850901014","AC:82:F0:AA:C1:F6","6/8/2026 11:51:20 AM","SC; All; สพม.นครราชสีมา; จักราชวิทยา; SC_จักราชวิทยา","รร.จักราชวิทยา"
"LGJ479MF47","SC131","จักราชวิทยา_SC131","จักราชวิทยา_SC131_LGJ479MF47","Student_27_1030201383","Student27","Admin","obec68zone1@obec.org","iPad (A16) (Wi-Fi + Cellular 128 GB Silver)","26.2.1","357879850654423","AC:82:F0:A8:8C:7B","6/8/2026 11:51:19 AM","SC; All; สพม.นครราชสีมา; จักราชวิทยา; SC_จักราชวิทยา","รร.จักราชวิทยา"
"K767M3WQ2J","SC600","จักราชวิทยา_SC600","จักราชวิทยา_SC600_K767M3WQ2J","Student_120_1030201383","Student120","Admin","obec68zone1@obec.org","iPad (A16) (Wi-Fi + Cellular 128 GB Silver)","26.4.2","357879850819927","AC:82:F0:A4:8B:8F","6/8/2026 11:51:19 AM","SC; All; สพม.นครราชสีมา; จักราชวิทยา; SC_จักราชวิทยา","รร.จักราชวิทยา"
"DF3DVJ2CQX","SC681","จักราชวิทยา_SC681","จักราชวิทยา_SC681_DF3DVJ2CQX","Student_137_1030201383","Student137","Admin","obec68zone1@obec.org","iPad (A16) (Wi-Fi + Cellular 128 GB Silver)","26.5.0","357879850433620","AC:82:F0:AB:9F:FB","6/8/2026 11:51:19 AM","SC; All; สพม.นครราชสีมา; จักราชวิทยา; SC_จักราชวิทยา","รร.จักราชวิทยา"
"MTP4LYQPF4","SC442","จักราชวิทยา_SC442","จักราชวิทยา_SC442_MTP4LYQPF4","Student_89_1030201383","Student89","Admin","obec68zone1@obec.org","iPad (A16) (Wi-Fi + Cellular 128 GB Silver)","26.5.0","357879850594207","AC:82:F0:99:21:54","6/8/2026 11:51:18 AM","SC; All; สพม.นครราชสีมา; จักราชวิทยา; SC_จักราชวิทยา","รร.จักราชวิทยา"
"FFWWK10QND","SC678","จักราชวิทยา_SC678","จักราชวิทยา_SC678_FFWWK10QND","Student_136_1030201383","Student136","Admin","obec68zone1@obec.org","iPad (A16) (Wi-Fi + Cellular 128 GB Silver)","26.4.2","357879850727740","AC:82:F0:9C:B4:25","6/8/2026 11:51:18 AM","SC; All; สพม.นครราชสีมา; จักราชวิทยา; SC_จักราชวิทยา","รร.จักราชวิทยา"
"J9DF3FJ93P","SC456","จักราชวิทยา_SC456","จักราชวิทยา_SC456_J9DF3FJ93P","Student_92_1030201383","Student92","Admin","obec68zone1@obec.org","iPad (A16) (Wi-Fi + Cellular 128 GB Silver)","26.5.0","357879850477197","AC:82:F0:9B:08:CC","6/8/2026 11:51:17 AM","SC; All; สพม.นครราชสีมา; จักราชวิทยา; SC_จักราชวิทยา","รร.จักราชวิทยา"
"LDY04QM7LV","SC41","จักราชวิทยา_SC41","จักราชวิทยา_SC41_LDY04QM7LV","Student_09_1030201383","Student09","Admin","obec68zone1@obec.org","iPad (A16) (Wi-Fi + Cellular 128 GB Silver)","26.5.0","357585650351660","AC:82:F0:9A:CE:E5","6/8/2026 11:51:17 AM","SC; All; สพม.นครราชสีมา; จักราชวิทยา; SC_จักราชวิทยา","รร.จักราชวิทยา"
"FXFHR72KL0","SC263","จักราชวิทยา_SC263","จักราชวิทยา_SC263_FXFHR72KL0","Student_53_1030201383","Student53","Admin","obec68zone1@obec.org","iPad (A16) (Wi-Fi + Cellular 128 GB Silver)","26.5.0","357879850829348","AC:82:F0:99:5E:1B","6/8/2026 11:51:17 AM","SC; All; สพม.นครราชสีมา; จักราชวิทยา; SC_จักราชวิทยา","รร.จักราชวิทยา"
"C9L54GYW79","SC410","จักราชวิทยา_SC410","จักราชวิทยา_SC410_C9L54GYW79","Student_82_1030201383","Student82","Admin","obec68zone1@obec.org","iPad (A16) (Wi-Fi + Cellular 128 GB Silver)","26.5.0","357879850373503","AC:82:F0:9E:CC:16","6/8/2026 11:51:17 AM","SC; All; สพม.นครราชสีมา; จักราชวิทยา; SC_จักราชวิทยา","รร.จักราชวิทยา"
"KWN3HYQKM7","SC62","จักราชวิทยา_SC62","จักราชวิทยา_SC62_KWN3HYQKM7","Student_13_1030201383","Student13","Admin","obec68zone1@obec.org","iPad (A16) (Wi-Fi + Cellular 128 GB Silver)","26.5.0","357585650143109","AC:82:F0:AA:76:30","6/8/2026 11:51:16 AM","SC; All; สพม.นครราชสีมา; จักราชวิทยา; SC_จักราชวิทยา","รร.จักราชวิทยา"
"FC9F4W29GY","SC978","จักราชวิทยา_SC978","จักราชวิทยา_SC978_FC9F4W29GY","Student_196_1030201383","Student196","Admin","obec68zone1@obec.org","iPad (A16) (Wi-Fi + Cellular 128 GB Silver)","26.5.0","357879850215050","AC:82:F0:9D:86:10","6/8/2026 11:46:09 AM","SC; All; สพม.นครราชสีมา; จักราชวิทยา; SC_จักราชวิทยา","รร.จักราชวิทยา"
"HVV36VM99G","SC485","จักราชวิทยา_SC485","จักราชวิทยา_SC485_HVV36VM99G","Student_97_1030201383","Student97","Admin","obec68zone1@obec.org","iPad (A16) (Wi-Fi + Cellular 128 GB Silver)","26.3.1 (a)","357879850276276","AC:82:F0:A5:9A:95","6/8/2026 11:46:04 AM","SC; All; สพม.นครราชสีมา; จักราชวิทยา; SC_จักราชวิทยา","รร.จักราชวิทยา"
"MJWFX9TM9H","SC1109","จักราชวิทยา_SC1109","จักราชวิทยา_SC1109_MJWFX9TM9H","Student_222_1030201383","Student222","Admin","obec68zone1@obec.org","iPad (A16) (Wi-Fi + Cellular 128 GB Silver)","26.5.0","357879850634524","AC:82:F0:A9:AA:5D","6/8/2026 11:46:03 AM","SC; All; สพม.นครราชสีมา; จักราชวิทยา; SC_จักราชวิทยา","รร.จักราชวิทยา"
"DTQ2CY9W77","SC72","จักราชวิทยา_SC72","จักราชวิทยา_SC72_DTQ2CY9W77","Student_15_1030201383","Student15","Admin","obec68zone1@obec.org","iPad (A16) (Wi-Fi + Cellular 128 GB Silver)","26.5.0","357585650398166","AC:82:F0:A0:DF:4D","6/8/2026 11:46:03 AM","SC; All; สพม.นครราชสีมา; จักราชวิทยา; SC_จักราชวิทยา","รร.จักราชวิทยา"
"H56KL9Y93K","SC480","จักราชวิทยา_SC480","จักราชวิทยา_SC480_H56KL9Y93K","Student_96_1030201383","Student96","Admin","obec68zone1@obec.org","iPad (A16) (Wi-Fi + Cellular 128 GB Silver)","26.5.0","357879850116191","AC:82:F0:A7:E0:2C","6/8/2026 11:46:02 AM","SC; All; สพม.นครราชสีมา; จักราชวิทยา; SC_จักราชวิทยา","รร.จักราชวิทยา"
"GXX23LTXWX","SC26","จักราชวิทยา_SC26","จักราชวิทยา_SC26_GXX23LTXWX","Student_06_1030201383","Student06","Admin","obec68zone1@obec.org","iPad (A16) (Wi-Fi + Cellular 128 GB Silver)","26.1.0","357879850431178","AC:82:F0:A4:45:06","6/8/2026 11:46:01 AM","SC; All; สพม.นครราชสีมา; จักราชวิทยา; SC_จักราชวิทยา","รร.จักราชวิทยา"
"JQ1P7PG25G","SC952","จักราชวิทยา_SC952","จักราชวิทยา_SC952_JQ1P7PG25G","Student_191_1030201383","Student191","Admin","obec68zone1@obec.org","iPad (A16) (Wi-Fi + Cellular 128 GB Silver)","26.5.0","357879850524345","AC:82:F0:9A:A0:E8","6/8/2026 11:45:33 AM","SC; All; สพม.นครราชสีมา; จักราชวิทยา; SC_จักราชวิทยา","รร.จักราชวิทยา"
"C2Y7GQVCFL","SC137","จักราชวิทยา_SC137","จักราชวิทยา_SC137_C2Y7GQVCFL","Student_28_1030201383","Student28","Admin","obec68zone1@obec.org","iPad (A16) (Wi-Fi + Cellular 128 GB Silver)","26.5.0","357585650076291","AC:82:F0:98:D7:97","6/8/2026 11:45:24 AM","SC; All; สพม.นครราชสีมา; จักราชวิทยา; SC_จักราชวิทยา","รร.จักราชวิทยา"
"DR66KC4M4P","SC280","จักราชวิทยา_SC280","จักราชวิทยา_SC280_DR66KC4M4P","Student_56_1030201383","Student56","Admin","obec68zone1@obec.org","iPad (A16) (Wi-Fi + Cellular 128 GB Silver)","26.5.0","357879850288297","AC:82:F0:A8:6E:DC","6/8/2026 11:44:17 AM","SC; All; สพม.นครราชสีมา; จักราชวิทยา; SC_จักราชวิทยา","รร.จักราชวิทยา"
"FVT7YHQC22","SC362","จักราชวิทยา_SC362","จักราชวิทยา_SC362_FVT7YHQC22","Student_73_1030201383","Student73","Admin","obec68zone1@obec.org","iPad (A16) (Wi-Fi + Cellular 128 GB Silver)","26.5.0","357879850001633","AC:82:F0:A1:7D:D8","6/8/2026 11:42:55 AM","SC; All; สพม.นครราชสีมา; จักราชวิทยา; SC_จักราชวิทยา","รร.จักราชวิทยา"
"FT20V6Q741","SC1040","จักราชวิทยา_SC1040","จักราชวิทยา_SC1040_FT20V6Q741","Student_208_1030201383","Student208","Admin","obec68zone1@obec.org","iPad (A16) (Wi-Fi + Cellular 128 GB Silver)","26.5.0","357879850274255","AC:82:F0:9C:99:BB","6/8/2026 11:41:22 AM","SC; All; สพม.นครราชสีมา; จักราชวิทยา; SC_จักราชวิทยา","รร.จักราชวิทยา"
"G7NG34RJCM","SC985","จักราชวิทยา_SC985","จักราชวิทยา_SC985_G7NG34RJCM","Student_197_1030201383","Student197","Admin","obec68zone1@obec.org","iPad (A16) (Wi-Fi + Cellular 128 GB Silver)","26.5.0","357879850876901","AC:82:F0:9F:72:84","6/8/2026 11:41:22 AM","SC; All; สพม.นครราชสีมา; จักราชวิทยา; SC_จักราชวิทยา","รร.จักราชวิทยา"
"K3QCN7JMWK","SC367","จักราชวิทยา_SC367","จักราชวิทยา_SC367_K3QCN7JMWK","Student_74_1030201383","Student74","Admin","obec68zone1@obec.org","iPad (A16) (Wi-Fi + Cellular 128 GB Silver)","26.5.0","357879850384203","AC:82:F0:A6:D7:DA","6/8/2026 11:41:21 AM","SC; All; สพม.นครราชสีมา; จักราชวิทยา; SC_จักราชวิทยา","รร.จักราชวิทยา"
"CCXPMY43TC","SC432","จักราชวิทยา_SC432","จักราชวิทยา_SC432_CCXPMY43TC","Student_87_1030201383","Student87","Admin","obec68zone1@obec.org","iPad (A16) (Wi-Fi + Cellular 128 GB Silver)","26.5.0","357879850586591","AC:82:F0:A9:3B:60","6/8/2026 11:41:18 AM","SC; All; สพม.นครราชสีมา; จักราชวิทยา; SC_จักราชวิทยา","รร.จักราชวิทยา"
"FVKC49VNPV","SC369","จักราชวิทยา_SC369","จักราชวิทยา_SC369_FVKC49VNPV","Student_74_1030201383","Student74","Admin","obec68zone1@obec.org","iPad (A16) (Wi-Fi + Cellular 128 GB Silver)","26.5.0","357879850933520","AC:82:F0:A0:AD:6B","6/8/2026 11:41:18 AM","SC; All; สพม.นครราชสีมา; จักราชวิทยา; SC_จักราชวิทยา","รร.จักราชวิทยา"
"C269JP4QDF","SC24","จักราชวิทยา_SC24","จักราชวิทยา_SC24_C269JP4QDF","Student_05_1030201383","Student05","Admin","obec68zone1@obec.org","iPad (A16) (Wi-Fi + Cellular 128 GB Silver)","26.4.2","357585650976656","AC:82:F0:9F:03:32","6/8/2026 11:41:17 AM","SC; All; สพม.นครราชสีมา; จักราชวิทยา; SC_จักราชวิทยา","รร.จักราชวิทยา"
"JQX4RY5W5H","SC808","จักราชวิทยา_SC808","จักราชวิทยา_SC808_JQX4RY5W5H","Student_162_1030201383","Student162","Admin","obec68zone1@obec.org","iPad (A16) (Wi-Fi + Cellular 128 GB Silver)","26.5.0","357879850412970","AC:82:F0:9F:A9:E2","6/8/2026 11:39:54 AM","SC; All; สพม.นครราชสีมา; จักราชวิทยา; SC_จักราชวิทยา","รร.จักราชวิทยา"
"H47NPHKQ69","SC202","จักราชวิทยา_SC202","จักราชวิทยา_SC202_H47NPHKQ69","Student_41_1030201383","Student41","Admin","obec68zone1@obec.org","iPad (A16) (Wi-Fi + Cellular 128 GB Silver)","26.1.0","357879850494002","AC:82:F0:A0:30:AB","6/8/2026 11:37:11 AM","SC; All; สพม.นครราชสีมา; จักราชวิทยา; SC_จักราชวิทยา","รร.จักราชวิทยา"
"FN2L4R04FP","SC656","จักราชวิทยา_SC656","จักราชวิทยา_SC656_FN2L4R04FP","Student_132_1030201383","Student132","Admin","obec68zone1@obec.org","iPad (A16) (Wi-Fi + Cellular 128 GB Silver)","26.5.0","357879850401825","AC:82:F0:9A:1E:6C","6/8/2026 11:36:26 AM","SC; All; สพม.นครราชสีมา; จักราชวิทยา; SC_จักราชวิทยา","รร.จักราชวิทยา"
"G7PN4G1930","SC573","จักราชวิทยา_SC573","จักราชวิทยา_SC573_G7PN4G1930","Student_115_1030201383","Student115","Admin","obec68zone1@obec.org","iPad (A16) (Wi-Fi + Cellular 128 GB Silver)","26.4.2","357879850718004","AC:82:F0:AE:0F:DD","6/8/2026 11:36:25 AM","SC; All; สพม.นครราชสีมา; จักราชวิทยา; SC_จักราชวิทยา","รร.จักราชวิทยา"
"C9G7HVFN2P","SC966","จักราชวิทยา_SC966","จักราชวิทยา_SC966_C9G7HVFN2P","Student_194_1030201383","Student194","Admin","obec68zone1@obec.org","iPad (A16) (Wi-Fi + Cellular 128 GB Silver)","26.5.0","357879850269610","AC:82:F0:A0:CA:77","6/8/2026 11:36:24 AM","SC; All; สพม.นครราชสีมา; จักราชวิทยา; SC_จักราชวิทยา","รร.จักราชวิทยา"
"G4022F171C","SC954","จักราชวิทยา_SC954","จักราชวิทยา_SC954_G4022F171C","Student_191_1030201383","Student191","Admin","obec68zone1@obec.org","iPad (A16) (Wi-Fi + Cellular 128 GB Silver)","26.5.0","357879850281102","AC:82:F0:AB:12:35","6/8/2026 11:36:23 AM","SC; All; สพม.นครราชสีมา; จักราชวิทยา; SC_จักราชวิทยา","รร.จักราชวิทยา"
"HQM9WQ2J41","SC1095","จักราชวิทยา_SC1095","จักราชวิทยา_SC1095_HQM9WQ2J41","Student_219_1030201383","Student219","Admin","obec68zone1@obec.org","iPad (A16) (Wi-Fi + Cellular 128 GB Silver)","26.5.0","357879850832151","AC:82:F0:99:C0:04","6/8/2026 11:36:23 AM","SC; All; สพม.นครราชสีมา; จักราชวิทยา; SC_จักราชวิทยา","รร.จักราชวิทยา"
"DN2TWRYXFP","SC242","จักราชวิทยา_SC242","จักราชวิทยา_SC242_DN2TWRYXFP","Student_49_1030201383","Student49","Admin","obec68zone1@obec.org","iPad (A16) (Wi-Fi + Cellular 128 GB Silver)","26.5.0","357879850447372","AC:82:F0:A2:EF:13","6/8/2026 11:36:20 AM","SC; All; สพม.นครราชสีมา; จักราชวิทยา; SC_จักราชวิทยา","รร.จักราชวิทยา"
"DX3N7C4N9V","SC535","จักราชวิทยา_SC535","จักราชวิทยา_SC535_DX3N7C4N9V","Student_107_1030201383","Student107","Admin","obec68zone1@obec.org","iPad (A16) (Wi-Fi + Cellular 128 GB Silver)","26.4.2","357879850135548","AC:82:F0:9D:36:86","6/8/2026 11:36:20 AM","SC; All; สพม.นครราชสีมา; จักราชวิทยา; SC_จักราชวิทยา","รร.จักราชวิทยา"
"CL6FJQG0QH","SC390","จักราชวิทยา_SC390","จักราชวิทยา_SC390_CL6FJQG0QH","Student_78_1030201383","Student78","Admin","obec68zone1@obec.org","iPad (A16) (Wi-Fi + Cellular 128 GB Silver)","26.5.0","357879850809456","AC:82:F0:A7:13:58","6/8/2026 11:36:19 AM","SC; All; สพม.นครราชสีมา; จักราชวิทยา; SC_จักราชวิทยา","รร.จักราชวิทยา"
"MPXGK4TMGY","SC331","จักราชวิทยา_SC331","จักราชวิทยา_SC331_MPXGK4TMGY","Student_67_1030201383","Student67","Admin","obec68zone1@obec.org","iPad (A16) (Wi-Fi + Cellular 128 GB Silver)","26.5.0","357879850289931","AC:82:F0:A5:A6:6B","6/8/2026 11:36:18 AM","SC; All; สพม.นครราชสีมา; จักราชวิทยา; SC_จักราชวิทยา","รร.จักราชวิทยา"
"LHPKG12JDV","SC93","จักราชวิทยา_SC93","จักราชวิทยา_SC93_LHPKG12JDV","Student_19_1030201383","Student19","Admin","obec68zone1@obec.org","iPad (A16) (Wi-Fi + Cellular 128 GB Silver)","26.5.0","357585650313413","AC:82:F0:A8:43:3E","6/8/2026 11:36:18 AM","SC; All; สพม.นครราชสีมา; จักราชวิทยา; SC_จักราชวิทยา","รร.จักราชวิทยา"
"L26GNPH69R","TC39","จักราชวิทยา_TC39","จักราชวิทยา_TC39_L26GNPH69R","Teacher_08_1030201383","Teacher08","Admin","obec68zone1@obec.org","iPad (A16) (Wi-Fi + Cellular 128 GB Silver)","26.5.0","357879850413168","AC:82:F0:A8:92:99","6/8/2026 11:36:15 AM","TC; All; สพม.นครราชสีมา; TC_จักราชวิทยา; จักราชวิทยา","รร.จักราชวิทยา"
"GDW7FNVYK9","TC35","จักราชวิทยา_TC35","จักราชวิทยา_TC35_GDW7FNVYK9","Teacher_07_1030201383","Teacher07","Admin","obec68zone1@obec.org","iPad (A16) (Wi-Fi + Cellular 128 GB Silver)","26.4.2","357879850904042","AC:82:F0:9F:95:06","6/8/2026 11:36:10 AM","TC; All; สพม.นครราชสีมา; TC_จักราชวิทยา; จักราชวิทยา","รร.จักราชวิทยา"
"M2TKJ74F4X","SC829","จักราชวิทยา_SC829","จักราชวิทยา_SC829_M2TKJ74F4X","Student_166_1030201383","Student166","Admin","obec68zone1@obec.org","iPad (A16) (Wi-Fi + Cellular 128 GB Silver)","26.5.0","357879850294246","AC:82:F0:AA:A8:27","6/8/2026 11:35:53 AM","SC; All; สพม.นครราชสีมา; จักราชวิทยา; SC_จักราชวิทยา","รร.จักราชวิทยา"
"JYR4NNVWHG","SC234","จักราชวิทยา_SC234","จักราชวิทยา_SC234_JYR4NNVWHG","Student_47_1030201383","Student47","Admin","obec68zone1@obec.org","iPad (A16) (Wi-Fi + Cellular 128 GB Silver)","26.5.0","357879850723970","AC:82:F0:AB:11:FC","6/8/2026 11:35:20 AM","SC; All; สพม.นครราชสีมา; จักราชวิทยา; SC_จักราชวิทยา","รร.จักราชวิทยา"
"FD657R4QW4","SC771","จักราชวิทยา_SC771","จักราชวิทยา_SC771_FD657R4QW4","Student_155_1030201383","Student155","Admin","obec68zone1@obec.org","iPad (A16) (Wi-Fi + Cellular 128 GB Silver)","26.5.0","357879850872165","AC:82:F0:99:6C:66","6/8/2026 11:33:52 AM","SC; All; สพม.นครราชสีมา; จักราชวิทยา; SC_จักราชวิทยา","รร.จักราชวิทยา"
"DGQL9GX65Q","SC641","จักราชวิทยา_SC641","จักราชวิทยา_SC641_DGQL9GX65Q","Student_129_1030201383","Student129","Admin","obec68zone1@obec.org","iPad (A16) (Wi-Fi + Cellular 128 GB Silver)","26.1.0","357879850131414","AC:82:F0:9B:E1:CD","6/8/2026 11:33:50 AM","SC; All; สพม.นครราชสีมา; จักราชวิทยา; SC_จักราชวิทยา","รร.จักราชวิทยา"
"DL7CT9799H","TC48","จักราชวิทยา_TC48","จักราชวิทยา_TC48_DL7CT9799H","Teacher_10_1030201383","Teacher10","Admin","obec68zone1@obec.org","iPad (A16) (Wi-Fi + Cellular 128 GB Silver)","26.1.0","357879850270410","AC:82:F0:A3:3F:FA","6/8/2026 11:32:59 AM","TC; All; สพม.นครราชสีมา; TC_จักราชวิทยา; จักราชวิทยา","รร.จักราชวิทยา"
"CFXCXJW77H","SC686","จักราชวิทยา_SC686","จักราชวิทยา_SC686_CFXCXJW77H","Student_138_1030201383","Student138","Admin","obec68zone1@obec.org","iPad (A16) (Wi-Fi + Cellular 128 GB Silver)","26.5.0","357879850292356","AC:82:F0:A0:5B:F2","6/8/2026 11:32:48 AM","SC; All; สพม.นครราชสีมา; จักราชวิทยา; SC_จักราชวิทยา","รร.จักราชวิทยา"
"FWV7QLHDWR","SC102","จักราชวิทยา_SC102","จักราชวิทยา_SC102_FWV7QLHDWR","Student_21_1030201383","Student21","Admin","obec68zone1@obec.org","iPad (A16) (Wi-Fi + Cellular 128 GB Silver)","26.5.0","357585650967747","AC:82:F0:A8:D3:7F","6/8/2026 11:31:58 AM","SC; All; สพม.นครราชสีมา; จักราชวิทยา; SC_จักราชวิทยา","รร.จักราชวิทยา"
"HM6N6J93JV","SC970","จักราชวิทยา_SC970","จักราชวิทยา_SC970_HM6N6J93JV","Student_194_1030201383","Student194","Admin","obec68zone1@obec.org","iPad (A16) (Wi-Fi + Cellular 128 GB Silver)","26.5.0","357879850537362","AC:82:F0:AC:E8:9F","6/8/2026 11:31:19 AM","SC; All; สพม.นครราชสีมา; จักราชวิทยา; SC_จักราชวิทยา","รร.จักราชวิทยา"
"LW09LQ3J0N","SC461","จักราชวิทยา_SC461","จักราชวิทยา_SC461_LW09LQ3J0N","Student_93_1030201383","Student93","Admin","obec68zone1@obec.org","iPad (A16) (Wi-Fi + Cellular 128 GB Silver)","26.5.0","357879850567245","AC:82:F0:9D:B8:7C","6/8/2026 11:31:19 AM","SC; All; สพม.นครราชสีมา; จักราชวิทยา; SC_จักราชวิทยา","รร.จักราชวิทยา"
"M9KQ60L4DP","SC474","จักราชวิทยา_SC474","จักราชวิทยา_SC474_M9KQ60L4DP","Student_95_1030201383","Student95","Admin","obec68zone1@obec.org","iPad (A16) (Wi-Fi + Cellular 128 GB Silver)","26.5.0","357879850510260","AC:82:F0:9C:72:75","6/8/2026 11:31:19 AM","SC; All; สพม.นครราชสีมา; จักราชวิทยา; SC_จักราชวิทยา","รร.จักราชวิทยา"
"C7HDP2LPGX","SC169","จักราชวิทยา_SC169","จักราชวิทยา_SC169_C7HDP2LPGX","Student_34_1030201383","Student34","Admin","obec68zone1@obec.org","iPad (A16) (Wi-Fi + Cellular 128 GB Silver)","26.5.0","357585650834384","AC:82:F0:A3:E9:15","6/8/2026 11:31:16 AM","SC; All; สพม.นครราชสีมา; จักราชวิทยา; SC_จักราชวิทยา","รร.จักราชวิทยา"
"MYX4R76C2F","SC165","จักราชวิทยา_SC165","จักราชวิทยา_SC165_MYX4R76C2F","Student_33_1030201383","Student33","Admin","obec68zone1@obec.org","iPad (A16) (Wi-Fi + Cellular 128 GB Silver)","26.5.0","357585650638801","AC:82:F0:AB:47:CF","6/8/2026 11:31:16 AM","SC; All; สพม.นครราชสีมา; จักราชวิทยา; SC_จักราชวิทยา","รร.จักราชวิทยา"
"G2GW9TN22D","SC120","จักราชวิทยา_SC120","จักราชวิทยา_SC120_G2GW9TN22D","Student_24_1030201383","Student24","Admin","obec68zone1@obec.org","iPad (A16) (Wi-Fi + Cellular 128 GB Silver)","26.5.0","357585650467300","AC:82:F0:AB:E1:14","6/8/2026 11:31:04 AM","SC; All; สพม.นครราชสีมา; จักราชวิทยา; SC_จักราชวิทยา","รร.จักราชวิทยา"
"LJ6J3J4L0M","SC586","จักราชวิทยา_SC586","จักราชวิทยา_SC586_LJ6J3J4L0M","Student_118_1030201383","Student118","Admin","obec68zone1@obec.org","iPad (A16) (Wi-Fi + Cellular 128 GB Silver)","26.1.0","357879850441219","AC:82:F0:9E:2A:FE","6/8/2026 11:30:11 AM","SC; All; สพม.นครราชสีมา; จักราชวิทยา; SC_จักราชวิทยา","รร.จักราชวิทยา"
"FW3TVW3K5V","TC105","จักราชวิทยา_TC105","จักราชวิทยา_TC105_FW3TVW3K5V","Teacher_21_1030201383","Teacher21","Admin","obec68zone1@obec.org","iPad (A16) (Wi-Fi + Cellular 128 GB Silver)","26.5.0","357879850664059","AC:82:F0:9C:E7:D7","6/8/2026 11:29:45 AM","TC; All; สพม.นครราชสีมา; TC_จักราชวิทยา; จักราชวิทยา","รร.จักราชวิทยา"
"C9XMPF34GY","SC15","จักราชวิทยา_SC15","จักราชวิทยา_SC15_C9XMPF34GY","Student_03_1030201383","Student03","Admin","obec68zone1@obec.org","iPad (A16) (Wi-Fi + Cellular 128 GB Silver)","26.5.0","350094260011456","AC:82:F0:A1:6D:0B","6/8/2026 11:28:29 AM","SC; All; สพม.นครราชสีมา; จักราชวิทยา; SC_จักราชวิทยา","รร.จักราชวิทยา"
"CYKYPP245N","SC469","จักราชวิทยา_SC469","จักราชวิทยา_SC469_CYKYPP245N","Student_94_1030201383","Student94","Admin","obec68zone1@obec.org","iPad (A16) (Wi-Fi + Cellular 128 GB Silver)","26.5.0","357879850711694","AC:82:F0:A8:FB:56","6/8/2026 11:28:08 AM","SC; All; สพม.นครราชสีมา; จักราชวิทยา; SC_จักราชวิทยา","รร.จักราชวิทยา"
"HVVT7F5H4N","SC203","จักราชวิทยา_SC203","จักราชวิทยา_SC203_HVVT7F5H4N","Student_41_1030201383","Student41","Admin","obec68zone1@obec.org","iPad (A16) (Wi-Fi + Cellular 128 GB Silver)","26.5.0","357879850892239","AC:82:F0:AB:CD:69","6/8/2026 11:27:57 AM","SC; All; สพม.นครราชสีมา; จักราชวิทยา; SC_จักราชวิทยา","รร.จักราชวิทยา"
"LV3GCP7WGW","SC764","จักราชวิทยา_SC764","จักราชวิทยา_SC764_LV3GCP7WGW","Student_153_1030201383","Student153","Admin","obec68zone1@obec.org","iPad (A16) (Wi-Fi + Cellular 128 GB Silver)","26.5.0","357879850911419","AC:82:F0:9C:50:86","6/8/2026 11:26:27 AM","SC; All; สพม.นครราชสีมา; จักราชวิทยา; SC_จักราชวิทยา","รร.จักราชวิทยา"
"G9HXGW265R","SC934","จักราชวิทยา_SC934","จักราชวิทยา_SC934_G9HXGW265R","Student_187_1030201383","Student187","Admin","obec68zone1@obec.org","iPad (A16) (Wi-Fi + Cellular 128 GB Silver)","26.5.0","357879850869294","AC:82:F0:AC:9C:F9","6/8/2026 11:26:23 AM","SC; All; สพม.นครราชสีมา; จักราชวิทยา; SC_จักราชวิทยา","รร.จักราชวิทยา"
"K9J496K6P6","SC460","จักราชวิทยา_SC460","จักราชวิทยา_SC460_K9J496K6P6","Student_92_1030201383","Student92","Admin","obec68zone1@obec.org","iPad (A16) (Wi-Fi + Cellular 128 GB Silver)","26.5.0","357879850357100","AC:82:F0:9E:82:4D","6/8/2026 11:26:20 AM","SC; All; สพม.นครราชสีมา; จักราชวิทยา; SC_จักราชวิทยา","รร.จักราชวิทยา"
"L7RW14PTQC","SC206","จักราชวิทยา_SC206","จักราชวิทยา_SC206_L7RW14PTQC","Student_42_1030201383","Student42","Admin","obec68zone1@obec.org","iPad (A16) (Wi-Fi + Cellular 128 GB Silver)","26.5.0","357585650943888","AC:82:F0:A0:23:2A","6/8/2026 11:26:19 AM","SC; All; สพม.นครราชสีมา; จักราชวิทยา; SC_จักราชวิทยา","รร.จักราชวิทยา"
"K0H6JXTR2Q","SC368","จักราชวิทยา_SC368","จักราชวิทยา_SC368_K0H6JXTR2Q","Student_74_1030201383","Student74","Admin","obec68zone1@obec.org","iPad (A16) (Wi-Fi + Cellular 128 GB Silver)","26.4.2","357879850487089","AC:82:F0:A6:00:92","6/8/2026 11:26:18 AM","SC; All; สพม.นครราชสีมา; จักราชวิทยา; SC_จักราชวิทยา","รร.จักราชวิทยา"
"L2F2F5WY0T","SC136","จักราชวิทยา_SC136","จักราชวิทยา_SC136_L2F2F5WY0T","Student_28_1030201383","Student28","Admin","obec68zone1@obec.org","iPad (A16) (Wi-Fi + Cellular 128 GB Silver)","26.5.0","357585650355257","AC:82:F0:9F:77:55","6/8/2026 11:26:17 AM","SC; All; สพม.นครราชสีมา; จักราชวิทยา; SC_จักราชวิทยา","รร.จักราชวิทยา"
"MT4Y3G5P4F","TC50","จักราชวิทยา_TC50","จักราชวิทยา_TC50_MT4Y3G5P4F","Teacher_10_1030201383","Teacher10","Admin","obec68zone1@obec.org","iPad (A16) (Wi-Fi + Cellular 128 GB Silver)","26.5.0","357879850449782","AC:82:F0:99:A1:39","6/8/2026 11:26:10 AM","TC; All; สพม.นครราชสีมา; TC_จักราชวิทยา; จักราชวิทยา","รร.จักราชวิทยา"
"J619LQR4FL","SC364","จักราชวิทยา_SC364","จักราชวิทยา_SC364_J619LQR4FL","Student_73_1030201383","Student73","Admin","obec68zone1@obec.org","iPad (A16) (Wi-Fi + Cellular 128 GB Silver)","26.5.0","357879850318532","AC:82:F0:9C:49:AF","6/8/2026 11:23:43 AM","SC; All; สพม.นครราชสีมา; จักราชวิทยา; SC_จักราชวิทยา","รร.จักราชวิทยา"
"GY7X7XNN7V","TC20","จักราชวิทยา_TC20","จักราชวิทยา_TC20_GY7X7XNN7V","Teacher_04_1030201383","Teacher04","Admin","obec68zone1@obec.org","iPad (A16) (Wi-Fi + Cellular 128 GB Silver)","26.5.0","357879850263167","AC:82:F0:A2:51:81","6/8/2026 11:21:21 AM","TC; All; สพม.นครราชสีมา; TC_จักราชวิทยา; จักราชวิทยา","รร.จักราชวิทยา"
"KQWP42LQ2Y","SC916","จักราชวิทยา_SC916","จักราชวิทยา_SC916_KQWP42LQ2Y","Student_184_1030201383","Student184","Admin","obec68zone1@obec.org","iPad (A16) (Wi-Fi + Cellular 128 GB Silver)","26.5.0","357879850014180","AC:82:F0:A6:BF:03","6/8/2026 11:21:19 AM","SC; All; สพม.นครราชสีมา; จักราชวิทยา; SC_จักราชวิทยา","รร.จักราชวิทยา"
"CTW54DFVCG","SC1051","จักราชวิทยา_SC1051","จักราชวิทยา_SC1051_CTW54DFVCG","Student_211_1030201383","Student211","Admin","obec68zone1@obec.org","iPad (A16) (Wi-Fi + Cellular 128 GB Silver)","26.1.0","357879850787025","AC:82:F0:A2:1A:7D","6/8/2026 11:21:19 AM","SC; All; สพม.นครราชสีมา; จักราชวิทยา; SC_จักราชวิทยา","รร.จักราชวิทยา"
"F63WGK99XH","SC944","จักราชวิทยา_SC944","จักราชวิทยา_SC944_F63WGK99XH","Student_189_1030201383","Student189","Admin","obec68zone1@obec.org","iPad (A16) (Wi-Fi + Cellular 128 GB Silver)","26.5.0","357879850475837","AC:82:F0:A9:D1:4A","6/8/2026 11:21:18 AM","SC; All; สพม.นครราชสีมา; จักราชวิทยา; SC_จักราชวิทยา","รร.จักราชวิทยา"
"H6549LJYCM","SC977","จักราชวิทยา_SC977","จักราชวิทยา_SC977_H6549LJYCM","Student_196_1030201383","Student196","Admin","obec68zone1@obec.org","iPad (A16) (Wi-Fi + Cellular 128 GB Silver)","26.5.0","357879850516093","AC:82:F0:9C:73:81","6/8/2026 11:21:18 AM","SC; All; สพม.นครราชสีมา; จักราชวิทยา; SC_จักราชวิทยา","รร.จักราชวิทยา"
"KW1QYXY2YX","SC625","จักราชวิทยา_SC625","จักราชวิทยา_SC625_KW1QYXY2YX","Student_125_1030201383","Student125","Admin","obec68zone1@obec.org","iPad (A16) (Wi-Fi + Cellular 128 GB Silver)","26.5.0","357879850547106","AC:82:F0:AE:0F:64","6/8/2026 11:21:16 AM","SC; All; สพม.นครราชสีมา; จักราชวิทยา; SC_จักราชวิทยา","รร.จักราชวิทยา"
"JHKJ6PQMFC","SC572","จักราชวิทยา_SC572","จักราชวิทยา_SC572_JHKJ6PQMFC","Student_115_1030201383","Student115","Admin","obec68zone1@obec.org","iPad (A16) (Wi-Fi + Cellular 128 GB Silver)","26.5.0","357879850858677","AC:82:F0:9E:2F:59","6/8/2026 11:21:16 AM","SC; All; สพม.นครราชสีมา; จักราชวิทยา; SC_จักราชวิทยา","รร.จักราชวิทยา"
"KW19R5J7RD","SC523","จักราชวิทยา_SC523","จักราชวิทยา_SC523_KW19R5J7RD","Student_105_1030201383","Student105","Admin","obec68zone1@obec.org","iPad (A16) (Wi-Fi + Cellular 128 GB Silver)","26.5.0","357879850967502","AC:82:F0:A2:D9:30","6/8/2026 11:21:16 AM","SC; All; สพม.นครราชสีมา; จักราชวิทยา; SC_จักราชวิทยา","รร.จักราชวิทยา"
"D6GD26P7GT","SC238","จักราชวิทยา_SC238","จักราชวิทยา_SC238_D6GD26P7GT","Student_48_1030201383","Student48","Admin","obec68zone1@obec.org","iPad (A16) (Wi-Fi + Cellular 128 GB Silver)","26.4.2","357879850204542","AC:82:F0:9C:F8:E2","6/8/2026 11:21:16 AM","SC; All; สพม.นครราชสีมา; จักราชวิทยา; SC_จักราชวิทยา","รร.จักราชวิทยา"
"JYYK4GXLV6","SC50","จักราชวิทยา_SC50","จักราชวิทยา_SC50_JYYK4GXLV6","Student_10_1030201383","Student10","Admin","obec68zone1@obec.org","iPad (A16) (Wi-Fi + Cellular 128 GB Silver)","26.5.0","357585650491136","AC:82:F0:A4:08:9F","6/8/2026 11:21:14 AM","SC; All; สพม.นครราชสีมา; จักราชวิทยา; SC_จักราชวิทยา","รร.จักราชวิทยา"
"MG60Q104G7","SC643","จักราชวิทยา_SC643","จักราชวิทยา_SC643_MG60Q104G7","Student_129_1030201383","Student129","Admin","obec68zone1@obec.org","iPad (A16) (Wi-Fi + Cellular 128 GB Silver)","26.5.0","357879850395803","AC:82:F0:A8:5E:66","6/8/2026 11:18:22 AM","SC; All; สพม.นครราชสีมา; จักราชวิทยา; SC_จักราชวิทยา","รร.จักราชวิทยา"
"DXQGHXMVGV","SC81","จักราชวิทยา_SC81","จักราชวิทยา_SC81_DXQGHXMVGV","Student_17_1030201383","Student17","Admin","obec68zone1@obec.org","iPad (A16) (Wi-Fi + Cellular 128 GB Silver)","26.5.0","357585650865099","AC:82:F0:AB:79:0B","6/8/2026 11:17:58 AM","SC; All; สพม.นครราชสีมา; จักราชวิทยา; SC_จักราชวิทยา","รร.จักราชวิทยา"
"G4HHYGQ100","SC851","จักราชวิทยา_SC851","จักราชวิทยา_SC851_G4HHYGQ100","Student_171_1030201383","Student171","Admin","obec68zone1@obec.org","iPad (A16) (Wi-Fi + Cellular 128 GB Silver)","26.5.0","357879850648656","AC:82:F0:AC:CE:6A","6/8/2026 11:16:38 AM","SC; All; สพม.นครราชสีมา; จักราชวิทยา; SC_จักราชวิทยา","รร.จักราชวิทยา"
"F9HWLH91VF","SC805","จักราชวิทยา_SC805","จักราชวิทยา_SC805_F9HWLH91VF","Student_161_1030201383","Student161","Admin","obec68zone1@obec.org","iPad (A16) (Wi-Fi + Cellular 128 GB Silver)","26.5.0","357879850480548","AC:82:F0:9C:8E:BF","6/8/2026 11:16:18 AM","SC; All; สพม.นครราชสีมา; จักราชวิทยา; SC_จักราชวิทยา","รร.จักราชวิทยา"
"H400FJ409C","SC858","จักราชวิทยา_SC858","จักราชวิทยา_SC858_H400FJ409C","Student_172_1030201383","Student172","Admin","obec68zone1@obec.org","iPad (A16) (Wi-Fi + Cellular 128 GB Silver)","26.5.0","357879850006574","AC:82:F0:9B:76:1F","6/8/2026 11:16:17 AM","SC; All; สพม.นครราชสีมา; จักราชวิทยา; SC_จักราชวิทยา","รร.จักราชวิทยา"
"DVWH6YQYHM","SC598","จักราชวิทยา_SC598","จักราชวิทยา_SC598_DVWH6YQYHM","Student_120_1030201383","Student120","Admin","obec68zone1@obec.org","iPad (A16) (Wi-Fi + Cellular 128 GB Silver)","26.5.0","357879850890779","AC:82:F0:9F:63:76","6/8/2026 11:16:15 AM","SC; All; สพม.นครราชสีมา; จักราชวิทยา; SC_จักราชวิทยา","รร.จักราชวิทยา"
"KW96QYTVPQ","SC688","จักราชวิทยา_SC688","จักราชวิทยา_SC688_KW96QYTVPQ","Student_138_1030201383","Student138","Admin","obec68zone1@obec.org","iPad (A16) (Wi-Fi + Cellular 128 GB Silver)","26.5.0","357879850474269","AC:82:F0:A9:7E:3D","6/8/2026 11:16:13 AM","SC; All; สพม.นครราชสีมา; จักราชวิทยา; SC_จักราชวิทยา","รร.จักราชวิทยา"
"JQDQY5J693","SC543","จักราชวิทยา_SC543","จักราชวิทยา_SC543_JQDQY5J693","Student_109_1030201383","Student109","Admin","obec68zone1@obec.org","iPad (A16) (Wi-Fi + Cellular 128 GB Silver)","26.5.0","357879850490174","AC:82:F0:A1:DC:42","6/8/2026 11:16:13 AM","SC; All; สพม.นครราชสีมา; จักราชวิทยา; SC_จักราชวิทยา","รร.จักราชวิทยา"
"H6X132X63R","SC430","จักราชวิทยา_SC430","จักราชวิทยา_SC430_H6X132X63R","Student_86_1030201383","Student86","Admin","obec68zone1@obec.org","iPad (A16) (Wi-Fi + Cellular 128 GB Silver)","26.5.0","357879850649100","AC:82:F0:9E:95:45","6/8/2026 11:16:13 AM","SC; All; สพม.นครราชสีมา; จักราชวิทยา; SC_จักราชวิทยา","รร.จักราชวิทยา"
"J7VH47XDGY","SC76","จักราชวิทยา_SC76","จักราชวิทยา_SC76_J7VH47XDGY","Student_16_1030201383","Student16","Admin","obec68zone1@obec.org","iPad (A16) (Wi-Fi + Cellular 128 GB Silver)","26.1.0","357585650870719","AC:82:F0:A1:1E:75","6/8/2026 11:16:12 AM","SC; All; สพม.นครราชสีมา; จักราชวิทยา; SC_จักราชวิทยา","รร.จักราชวิทยา"
"GKCF0XJ020","TC109","จักราชวิทยา_TC109","จักราชวิทยา_TC109_GKCF0XJ020","Teacher_22_1030201383","Teacher22","Admin","obec68zone1@obec.org","iPad (A16) (Wi-Fi + Cellular 128 GB Silver)","26.5.0","357879850488962","AC:82:F0:A7:03:24","6/8/2026 11:16:07 AM","TC; All; สพม.นครราชสีมา; TC_จักราชวิทยา; จักราชวิทยา","รร.จักราชวิทยา"
"LX9TMJ7JVC","TC114","จักราชวิทยา_TC114","จักราชวิทยา_TC114_LX9TMJ7JVC","Teacher_23_1030201383","Teacher23","Admin","obec68zone1@obec.org","iPad (A16) (Wi-Fi + Cellular 128 GB Silver)","26.5.0","357879850078979","AC:82:F0:A8:88:04","6/8/2026 11:16:03 AM","TC; All; สพม.นครราชสีมา; TC_จักราชวิทยา; จักราชวิทยา","รร.จักราชวิทยา"
"DHX07T3VW5","SC470","จักราชวิทยา_SC470","จักราชวิทยา_SC470_DHX07T3VW5","Student_94_1030201383","Student94","Admin","obec68zone1@obec.org","iPad (A16) (Wi-Fi + Cellular 128 GB Silver)","26.5.0","357879850011913","AC:82:F0:A4:86:E4","6/8/2026 11:14:26 AM","SC; All; สพม.นครราชสีมา; จักราชวิทยา; SC_จักราชวิทยา","รร.จักราชวิทยา"
"F335597X7T","SC565","จักราชวิทยา_SC565","จักราชวิทยา_SC565_F335597X7T","Student_113_1030201383","Student113","Admin","obec68zone1@obec.org","iPad (A16) (Wi-Fi + Cellular 128 GB Silver)","26.5.0","357879850341377","AC:82:F0:AA:66:29","6/8/2026 11:13:08 AM","SC; All; สพม.นครราชสีมา; จักราชวิทยา; SC_จักราชวิทยา","รร.จักราชวิทยา"
"J6CC9DG45L","SC356","จักราชวิทยา_SC356","จักราชวิทยา_SC356_J6CC9DG45L","Student_72_1030201383","Student72","Admin","obec68zone1@obec.org","iPad (A16) (Wi-Fi + Cellular 128 GB Silver)","26.5.0","357879850328317","AC:82:F0:99:09:6D","6/8/2026 11:11:30 AM","SC; All; สพม.นครราชสีมา; จักราชวิทยา; SC_จักราชวิทยา","รร.จักราชวิทยา"
"L95TLPG1QH","SC874","จักราชวิทยา_SC874","จักราชวิทยา_SC874_L95TLPG1QH","Student_175_1030201383","Student175","Admin","obec68zone1@obec.org","iPad (A16) (Wi-Fi + Cellular 128 GB Silver)","26.5.0","357879850407350","AC:82:F0:A6:77:37","6/8/2026 11:11:19 AM","SC; All; สพม.นครราชสีมา; จักราชวิทยา; SC_จักราชวิทยา","รร.จักราชวิทยา"
"MC7XHLWMLY","SC376","จักราชวิทยา_SC376","จักราชวิทยา_SC376_MC7XHLWMLY","Student_76_1030201383","Student76","Admin","obec68zone1@obec.org","iPad (A16) (Wi-Fi + Cellular 128 GB Silver)","26.5.0","357879850054558","AC:82:F0:9C:E9:B0","6/8/2026 11:11:19 AM","SC; All; สพม.นครราชสีมา; จักราชวิทยา; SC_จักราชวิทยา","รร.จักราชวิทยา"
"LL9TX2366V","SC405","จักราชวิทยา_SC405","จักราชวิทยา_SC405_LL9TX2366V","Student_81_1030201383","Student81","Admin","obec68zone1@obec.org","iPad (A16) (Wi-Fi + Cellular 128 GB Silver)","26.5.0","357879850005956","AC:82:F0:AD:E3:F3","6/8/2026 11:11:16 AM","SC; All; สพม.นครราชสีมา; จักราชวิทยา; SC_จักราชวิทยา","รร.จักราชวิทยา"
"DH3HJG22LJ","SC180","จักราชวิทยา_SC180","จักราชวิทยา_SC180_DH3HJG22LJ","Student_36_1030201383","Student36","Admin","obec68zone1@obec.org","iPad (A16) (Wi-Fi + Cellular 128 GB Silver)","26.5.0","357585650260655","AC:82:F0:AE:10:CC","6/8/2026 11:11:13 AM","SC; All; สพม.นครราชสีมา; จักราชวิทยา; SC_จักราชวิทยา","รร.จักราชวิทยา"
"C04D7CQR95","SC129","จักราชวิทยา_SC129","จักราชวิทยา_SC129_C04D7CQR95","Student_26_1030201383","Student26","Admin","obec68zone1@obec.org","iPad (A16) (Wi-Fi + Cellular 128 GB Silver)","26.5.0","357879850107570","AC:82:F0:A7:05:E6","6/8/2026 11:11:13 AM","SC; All; สพม.นครราชสีมา; จักราชวิทยา; SC_จักราชวิทยา","รร.จักราชวิทยา"
"GCWXHXYTH6","SC140","จักราชวิทยา_SC140","จักราชวิทยา_SC140_GCWXHXYTH6","Student_28_1030201383","Student28","Admin","obec68zone1@obec.org","iPad (A16) (Wi-Fi + Cellular 128 GB Silver)","26.5.0","357585650960510","AC:82:F0:A4:3B:41","6/8/2026 11:11:13 AM","SC; All; สพม.นครราชสีมา; จักราชวิทยา; SC_จักราชวิทยา","รร.จักราชวิทยา"
"MQVKV3XTVG","SC160","จักราชวิทยา_SC160","จักราชวิทยา_SC160_MQVKV3XTVG","Student_32_1030201383","Student32","Admin","obec68zone1@obec.org","iPad (A16) (Wi-Fi + Cellular 128 GB Silver)","26.5.0","357879850144375","AC:82:F0:A9:55:DB","6/8/2026 11:11:13 AM","SC; All; สพม.นครราชสีมา; จักราชวิทยา; SC_จักราชวิทยา","รร.จักราชวิทยา"
"D590K00C4D","TC63","จักราชวิทยา_TC63","จักราชวิทยา_TC63_D590K00C4D","Teacher_13_1030201383","Teacher13","Admin","obec68zone1@obec.org","iPad (A16) (Wi-Fi + Cellular 128 GB Silver)","26.3.1","357879850866910","AC:82:F0:A3:D5:B8","6/8/2026 11:11:04 AM","TC; All; สพม.นครราชสีมา; TC_จักราชวิทยา; จักราชวิทยา","รร.จักราชวิทยา"
"G0PY23KTYW","SC148","จักราชวิทยา_SC148","จักราชวิทยา_SC148_G0PY23KTYW","Student_30_1030201383","Student30","Admin","obec68zone1@obec.org","iPad (A16) (Wi-Fi + Cellular 128 GB Silver)","26.5.0","357585650899445","AC:82:F0:AD:12:8D","6/8/2026 11:07:56 AM","SC; All; สพม.นครราชสีมา; จักราชวิทยา; SC_จักราชวิทยา","รร.จักราชวิทยา"
"H49M19Y4G3","SC283","จักราชวิทยา_SC283","จักราชวิทยา_SC283_H49M19Y4G3","Student_57_1030201383","Student57","Admin","obec68zone1@obec.org","iPad (A16) (Wi-Fi + Cellular 128 GB Silver)","26.2.1","357879850851201","AC:82:F0:AC:F7:41","6/8/2026 11:07:26 AM","SC; All; สพม.นครราชสีมา; จักราชวิทยา; SC_จักราชวิทยา","รร.จักราชวิทยา"
"CPQQX0P6JN","TC59","จักราชวิทยา_TC59","จักราชวิทยา_TC59_CPQQX0P6JN","Teacher_12_1030201383","Teacher12","Admin","obec68zone1@obec.org","iPad (A16) (Wi-Fi + Cellular 128 GB Silver)","26.2.1","357879850346244","AC:82:F0:AB:6F:AE","6/8/2026 11:07:09 AM","TC; All; สพม.นครราชสีมา; TC_จักราชวิทยา; จักราชวิทยา","รร.จักราชวิทยา"
"G32LQ41QNJ","TC91","จักราชวิทยา_TC91","จักราชวิทยา_TC91_G32LQ41QNJ","Teacher_19_1030201383","Teacher19","Admin","obec68zone1@obec.org","iPad (A16) (Wi-Fi + Cellular 128 GB Silver)","26.5.0","357879850885803","AC:82:F0:9A:A0:96","6/8/2026 11:06:31 AM","TC; All; สพม.นครราชสีมา; TC_จักราชวิทยา; จักราชวิทยา","รร.จักราชวิทยา"
"F94XLDD6V2","SC896","จักราชวิทยา_SC896","จักราชวิทยา_SC896_F94XLDD6V2","Student_180_1030201383","Student180","Admin","obec68zone1@obec.org","iPad (A16) (Wi-Fi + Cellular 128 GB Silver)","26.5.0","357879850666633","AC:82:F0:AA:A7:A6","6/8/2026 11:06:28 AM","SC; All; สพม.นครราชสีมา; จักราชวิทยา; SC_จักราชวิทยา","รร.จักราชวิทยา"
"G2R4JXWQQ0","SC188","จักราชวิทยา_SC188","จักราชวิทยา_SC188_G2R4JXWQQ0","Student_38_1030201383","Student38","Admin","obec68zone1@obec.org","iPad (A16) (Wi-Fi + Cellular 128 GB Silver)","26.5.0","357585650464992","AC:82:F0:A0:C0:83","6/8/2026 11:06:23 AM","SC; All; สพม.นครราชสีมา; จักราชวิทยา; SC_จักราชวิทยา","รร.จักราชวิทยา"
"CL7WHNQ2F3","SC45","จักราชวิทยา_SC45","จักราชวิทยา_SC45_CL7WHNQ2F3","Student_09_1030201383","Student09","Admin","obec68zone1@obec.org","iPad (A16) (Wi-Fi + Cellular 128 GB Silver)","26.5.0","357585650741696","AC:82:F0:A2:59:07","6/8/2026 11:06:22 AM","SC; All; สพม.นครราชสีมา; จักราชวิทยา; SC_จักราชวิทยา","รร.จักราชวิทยา"
"GD4WL94F77","SC613","จักราชวิทยา_SC613","จักราชวิทยา_SC613_GD4WL94F77","Student_123_1030201383","Student123","Admin","obec68zone1@obec.org","iPad (A16) (Wi-Fi + Cellular 128 GB Silver)","26.5.0","357879850307659","AC:82:F0:A1:F6:50","6/8/2026 11:06:05 AM","SC; All; สพม.นครราชสีมา; จักราชวิทยา; SC_จักราชวิทยา","รร.จักราชวิทยา"
"JXPYWJC6GP","SC937","จักราชวิทยา_SC937","จักราชวิทยา_SC937_JXPYWJC6GP","Student_188_1030201383","Student188","Admin","obec68zone1@obec.org","iPad (A16) (Wi-Fi + Cellular 128 GB Silver)","26.5.0","357879850255122","AC:82:F0:AD:F1:C8","6/8/2026 11:04:10 AM","SC; All; สพม.นครราชสีมา; จักราชวิทยา; SC_จักราชวิทยา","รร.จักราชวิทยา"
"DK4HTK609V","SC265","จักราชวิทยา_SC265","จักราชวิทยา_SC265_DK4HTK609V","Student_53_1030201383","Student53","Admin","obec68zone1@obec.org","iPad (A16) (Wi-Fi + Cellular 128 GB Silver)","26.5.0","357879850195708","AC:82:F0:A4:3A:7E","6/8/2026 11:02:20 AM","SC; All; สพม.นครราชสีมา; จักราชวิทยา; SC_จักราชวิทยา","รร.จักราชวิทยา"
"D76M6X2KW9","SC852","จักราชวิทยา_SC852","จักราชวิทยา_SC852_D76M6X2KW9","Student_171_1030201383","Student171","Admin","obec68zone1@obec.org","iPad (A16) (Wi-Fi + Cellular 128 GB Silver)","26.5.0","357879850048675","AC:82:F0:99:C7:83","6/8/2026 11:01:16 AM","SC; All; สพม.นครราชสีมา; จักราชวิทยา; SC_จักราชวิทยา","รร.จักราชวิทยา"
"MDV426FKV7","SC222","จักราชวิทยา_SC222","จักราชวิทยา_SC222_MDV426FKV7","Student_45_1030201383","Student45","Admin","obec68zone1@obec.org","iPad (A16) (Wi-Fi + Cellular 128 GB Silver)","26.5.0","357879850372463","AC:82:F0:A0:67:24","6/8/2026 11:01:14 AM","SC; All; สพม.นครราชสีมา; จักราชวิทยา; SC_จักราชวิทยา","รร.จักราชวิทยา"
"DXJ4HR67GR","SC189","จักราชวิทยา_SC189","จักราชวิทยา_SC189_DXJ4HR67GR","Student_38_1030201383","Student38","Admin","obec68zone1@obec.org","iPad (A16) (Wi-Fi + Cellular 128 GB Silver)","26.5.0","357585650746612","AC:82:F0:A5:63:D4","6/8/2026 11:01:12 AM","SC; All; สพม.นครราชสีมา; จักราชวิทยา; SC_จักราชวิทยา","รร.จักราชวิทยา"
"DWC2T9J2FC","SC636","จักราชวิทยา_SC636","จักราชวิทยา_SC636_DWC2T9J2FC","Student_128_1030201383","Student128","Admin","obec68zone1@obec.org","iPad (A16) (Wi-Fi + Cellular 128 GB Silver)","26.5.0","357879850271244","AC:82:F0:AE:8E:B0","6/8/2026 10:59:13 AM","SC; All; สพม.นครราชสีมา; จักราชวิทยา; SC_จักราชวิทยา","รร.จักราชวิทยา"
"FM7TJY6KQL","SC495","จักราชวิทยา_SC495","จักราชวิทยา_SC495_FM7TJY6KQL","Student_99_1030201383","Student99","Admin","obec68zone1@obec.org","iPad (A16) (Wi-Fi + Cellular 128 GB Silver)","26.5.0","357879850906237","AC:82:F0:AD:4D:97","6/8/2026 10:58:40 AM","SC; All; สพม.นครราชสีมา; จักราชวิทยา; SC_จักราชวิทยา","รร.จักราชวิทยา"
"K72CNXPR61","SC833","จักราชวิทยา_SC833","จักราชวิทยา_SC833_K72CNXPR61","Student_167_1030201383","Student167","Admin","obec68zone1@obec.org","iPad (A16) (Wi-Fi + Cellular 128 GB Silver)","26.5.0","357879850188612","AC:82:F0:A7:DA:A1","6/8/2026 10:58:13 AM","SC; All; สพม.นครราชสีมา; จักราชวิทยา; SC_จักราชวิทยา","รร.จักราชวิทยา"
"DQCWF0G726","SC627","จักราชวิทยา_SC627","จักราชวิทยา_SC627_DQCWF0G726","Student_126_1030201383","Student126","Admin","obec68zone1@obec.org","iPad (A16) (Wi-Fi + Cellular 128 GB Silver)","26.1.0","357879850204674","AC:82:F0:AC:F2:E7","6/8/2026 10:56:19 AM","SC; All; สพม.นครราชสีมา; จักราชวิทยา; SC_จักราชวิทยา","รร.จักราชวิทยา"
"D662W159MH","SC173","จักราชวิทยา_SC173","จักราชวิทยา_SC173_D662W159MH","Student_35_1030201383","Student35","Admin","obec68zone1@obec.org","iPad (A16) (Wi-Fi + Cellular 128 GB Silver)","26.5.0","357585650119984","AC:82:F0:A7:7C:36","6/8/2026 10:56:19 AM","SC; All; สพม.นครราชสีมา; จักราชวิทยา; SC_จักราชวิทยา","รร.จักราชวิทยา"
"FPMJLY6HYW","SC657","จักราชวิทยา_SC657","จักราชวิทยา_SC657_FPMJLY6HYW","Student_132_1030201383","Student132","Admin","obec68zone1@obec.org","iPad (A16) (Wi-Fi + Cellular 128 GB Silver)","26.5.0","357879850983335","AC:82:F0:9D:C3:D1","6/8/2026 10:56:18 AM","SC; All; สพม.นครราชสีมา; จักราชวิทยา; SC_จักราชวิทยา","รร.จักราชวิทยา"
"M4X2Y70JXN","SC671","จักราชวิทยา_SC671","จักราชวิทยา_SC671_M4X2Y70JXN","Student_135_1030201383","Student135","Admin","obec68zone1@obec.org","iPad (A16) (Wi-Fi + Cellular 128 GB Silver)","26.5.0","357879850394673","AC:82:F0:A0:41:A0","6/8/2026 10:56:18 AM","SC; All; สพม.นครราชสีมา; จักราชวิทยา; SC_จักราชวิทยา","รร.จักราชวิทยา"
"G4YXFNWX4R","SC424","จักราชวิทยา_SC424","จักราชวิทยา_SC424_G4YXFNWX4R","Student_85_1030201383","Student85","Admin","obec68zone1@obec.org","iPad (A16) (Wi-Fi + Cellular 128 GB Silver)","26.5.0","357879850419900","AC:82:F0:9E:3E:F7","6/8/2026 10:56:18 AM","SC; All; สพม.นครราชสีมา; จักราชวิทยา; SC_จักราชวิทยา","รร.จักราชวิทยา"
"LT2K2YWKYC","SC48","จักราชวิทยา_SC48","จักราชวิทยา_SC48_LT2K2YWKYC","Student_10_1030201383","Student10","Admin","obec68zone1@obec.org","iPad (A16) (Wi-Fi + Cellular 128 GB Silver)","26.5.0","357585650801029","AC:82:F0:A4:A7:44","6/8/2026 10:56:16 AM","SC; All; สพม.นครราชสีมา; จักราชวิทยา; SC_จักราชวิทยา","รร.จักราชวิทยา"
"JK34WDFYTQ","SC07","จักราชวิทยา_SC07","จักราชวิทยา_SC07_JK34WDFYTQ","Student_02_1030201383","Student02","Admin","obec68zone1@obec.org","iPad (A16) (Wi-Fi + Cellular 128 GB Silver)","26.5.0","357879850427069","AC:82:F0:A1:73:D6","6/8/2026 10:56:16 AM","SC; All; สพม.นครราชสีมา; จักราชวิทยา; SC_จักราชวิทยา","รร.จักราชวิทยา"
"G7H3Y7Q9XF","TC09","จักราชวิทยา_TC09","จักราชวิทยา_TC09_G7H3Y7Q9XF","Teacher_02_1030201383","Teacher02","Admin","obec68zone1@obec.org","iPad (A16) (Wi-Fi + Cellular 128 GB Silver)","26.3.1","357879850658341","AC:82:F0:A2:7B:34","6/8/2026 10:56:10 AM","TC; All; สพม.นครราชสีมา; TC_จักราชวิทยา; จักราชวิทยา","รร.จักราชวิทยา"
"MGGNX9G23V","SC464","จักราชวิทยา_SC464","จักราชวิทยา_SC464_MGGNX9G23V","Student_93_1030201383","Student93","Admin","obec68zone1@obec.org","iPad (A16) (Wi-Fi + Cellular 128 GB Silver)","26.1.0","357879850987443","AC:82:F0:A8:9A:47","6/8/2026 10:54:35 AM","SC; All; สพม.นครราชสีมา; จักราชวิทยา; SC_จักราชวิทยา","รร.จักราชวิทยา"
"CJH6R9HQPW","SC831","จักราชวิทยา_SC831","จักราชวิทยา_SC831_CJH6R9HQPW","Student_167_1030201383","Student167","Admin","obec68zone1@obec.org","iPad (A16) (Wi-Fi + Cellular 128 GB Silver)","26.5.0","357879850252285","AC:82:F0:9F:1C:3B","6/8/2026 10:51:14 AM","SC; All; สพม.นครราชสีมา; จักราชวิทยา; SC_จักราชวิทยา","รร.จักราชวิทยา"
"DL2W7012YC","SC1009","จักราชวิทยา_SC1009","จักราชวิทยา_SC1009_DL2W7012YC","Student_202_1030201383","Student202","Admin","obec68zone1@obec.org","iPad (A16) (Wi-Fi + Cellular 128 GB Silver)","26.5.0","357879850907813","AC:82:F0:A6:E1:1D","6/8/2026 10:51:12 AM","SC; All; สพม.นครราชสีมา; จักราชวิทยา; SC_จักราชวิทยา","รร.จักราชวิทยา"
"GXQQ779K22","SC382","จักราชวิทยา_SC382","จักราชวิทยา_SC382_GXQQ779K22","Student_77_1030201383","Student77","Admin","obec68zone1@obec.org","iPad (A16) (Wi-Fi + Cellular 128 GB Silver)","26.5.0","357879850115029","AC:82:F0:AE:77:AF","6/8/2026 10:51:10 AM","SC; All; สพม.นครราชสีมา; จักราชวิทยา; SC_จักราชวิทยา","รร.จักราชวิทยา"
"HMX652YFWC","SC498","จักราชวิทยา_SC498","จักราชวิทยา_SC498_HMX652YFWC","Student_100_1030201383","Student100","Admin","obec68zone1@obec.org","iPad (A16) (Wi-Fi + Cellular 128 GB Silver)","26.5.0","357879850819315","AC:82:F0:A6:57:EE","6/8/2026 10:51:10 AM","SC; All; สพม.นครราชสีมา; จักราชวิทยา; SC_จักราชวิทยา","รร.จักราชวิทยา"
"GQFHC9RD9C","SC516","จักราชวิทยา_SC516","จักราชวิทยา_SC516_GQFHC9RD9C","Student_104_1030201383","Student104","Admin","obec68zone1@obec.org","iPad (A16) (Wi-Fi + Cellular 128 GB Silver)","26.5.0","357879850154408","AC:82:F0:A9:4C:10","6/8/2026 10:51:09 AM","SC; All; สพม.นครราชสีมา; จักราชวิทยา; SC_จักราชวิทยา","รร.จักราชวิทยา"
"L702GPJX9H","SC462","จักราชวิทยา_SC462","จักราชวิทยา_SC462_L702GPJX9H","Student_93_1030201383","Student93","Admin","obec68zone1@obec.org","iPad (A16) (Wi-Fi + Cellular 128 GB Silver)","26.3.1","357879850462843","AC:82:F0:9C:6B:B0","6/8/2026 10:51:09 AM","SC; All; สพม.นครราชสีมา; จักราชวิทยา; SC_จักราชวิทยา","รร.จักราชวิทยา"
"GY730MM2RW","SC370","จักราชวิทยา_SC370","จักราชวิทยา_SC370_GY730MM2RW","Student_74_1030201383","Student74","Admin","obec68zone1@obec.org","iPad (A16) (Wi-Fi + Cellular 128 GB Silver)","26.5.0","357879850893997","AC:82:F0:9A:31:30","6/8/2026 10:48:55 AM","SC; All; สพม.นครราชสีมา; จักราชวิทยา; SC_จักราชวิทยา","รร.จักราชวิทยา"
"FQ9TT72MGG","SC850","จักราชวิทยา_SC850","จักราชวิทยา_SC850_FQ9TT72MGG","Student_170_1030201383","Student170","Admin","obec68zone1@obec.org","iPad (A16) (Wi-Fi + Cellular 128 GB Silver)","26.5.0","357879850211323","AC:82:F0:AB:B2:34","6/8/2026 10:48:34 AM","SC; All; สพม.นครราชสีมา; จักราชวิทยา; SC_จักราชวิทยา","รร.จักราชวิทยา"
"LF73HTK4CV","SC1041","จักราชวิทยา_SC1041","จักราชวิทยา_SC1041_LF73HTK4CV","Student_209_1030201383","Student209","Admin","obec68zone1@obec.org","iPad (A16) (Wi-Fi + Cellular 128 GB Silver)","26.5.0","357879850593373","AC:82:F0:A5:C3:13","6/8/2026 10:47:28 AM","SC; All; สพม.นครราชสีมา; จักราชวิทยา; SC_จักราชวิทยา","รร.จักราชวิทยา"
"M44LH29QYW","SC446","จักราชวิทยา_SC446","จักราชวิทยา_SC446_M44LH29QYW","Student_90_1030201383","Student90","Admin","obec68zone1@obec.org","iPad (A16) (Wi-Fi + Cellular 128 GB Silver)","26.5.0","357879850223047","AC:82:F0:A9:06:8C","6/8/2026 10:46:42 AM","SC; All; สพม.นครราชสีมา; จักราชวิทยา; SC_จักราชวิทยา","รร.จักราชวิทยา"
"L6NJ2JT7X7","SC241","จักราชวิทยา_SC241","จักราชวิทยา_SC241_L6NJ2JT7X7","Student_49_1030201383","Student49","Admin","obec68zone1@obec.org","iPad (A16) (Wi-Fi + Cellular 128 GB Silver)","26.5.0","357879850921061","AC:82:F0:AD:81:10","6/8/2026 10:46:42 AM","SC; All; สพม.นครราชสีมา; จักราชวิทยา; SC_จักราชวิทยา","รร.จักราชวิทยา"
"CXDMXWF6C6","SC967","จักราชวิทยา_SC967","จักราชวิทยา_SC967_CXDMXWF6C6","Student_194_1030201383","Student194","Admin","obec68zone1@obec.org","iPad (A16) (Wi-Fi + Cellular 128 GB Silver)","26.5.0","357879850689676","AC:82:F0:A8:BF:7F","6/8/2026 10:46:19 AM","SC; All; สพม.นครราชสีมา; จักราชวิทยา; SC_จักราชวิทยา","รร.จักราชวิทยา"
"F61PQNH54R","SC767","จักราชวิทยา_SC767","จักราชวิทยา_SC767_F61PQNH54R","Student_154_1030201383","Student154","Admin","obec68zone1@obec.org","iPad (A16) (Wi-Fi + Cellular 128 GB Silver)","26.5.0","357879850608411","AC:82:F0:AE:3C:49","6/8/2026 10:46:19 AM","SC; All; สพม.นครราชสีมา; จักราชวิทยา; SC_จักราชวิทยา","รร.จักราชวิทยา"
"G37M69FW95","SC394","จักราชวิทยา_SC394","จักราชวิทยา_SC394_G37M69FW95","Student_79_1030201383","Student79","Admin","obec68zone1@obec.org","iPad (A16) (Wi-Fi + Cellular 128 GB Silver)","26.4.2","357879850496403","AC:82:F0:AC:DC:EE","6/8/2026 10:46:18 AM","SC; All; สพม.นครราชสีมา; จักราชวิทยา; SC_จักราชวิทยา","รร.จักราชวิทยา"
"K7GK4V2M2T","SC411","จักราชวิทยา_SC411","จักราชวิทยา_SC411_K7GK4V2M2T","Student_83_1030201383","Student83","Admin","obec68zone1@obec.org","iPad (A16) (Wi-Fi + Cellular 128 GB Silver)","26.5.0","357879850321171","AC:82:F0:A9:A5:C9","6/8/2026 10:46:17 AM","SC; All; สพม.นครราชสีมา; จักราชวิทยา; SC_จักราชวิทยา","รร.จักราชวิทยา"
"K2T19DM4G4","TC112","จักราชวิทยา_TC112","จักราชวิทยา_TC112_K2T19DM4G4","Teacher_23_1030201383","Teacher23","Admin","obec68zone1@obec.org","iPad (A16) (Wi-Fi + Cellular 128 GB Silver)","26.3.1 (a)","357879850900842","AC:82:F0:A0:94:32","6/8/2026 10:46:09 AM","TC; All; สพม.นครราชสีมา; TC_จักราชวิทยา; จักราชวิทยา","รร.จักราชวิทยา"
"CJ3C2C4XDR","TC13","จักราชวิทยา_TC13","จักราชวิทยา_TC13_CJ3C2C4XDR","Teacher_03_1030201383","Teacher03","Admin","obec68zone1@obec.org","iPad (A16) (Wi-Fi + Cellular 128 GB Silver)","26.1.0","357879850913373","AC:82:F0:9B:DA:CF","6/8/2026 10:46:07 AM","TC; All; สพม.นครราชสีมา; TC_จักราชวิทยา; จักราชวิทยา","รร.จักราชวิทยา"
"LGQ63C24RY","SC235","จักราชวิทยา_SC235","จักราชวิทยา_SC235_LGQ63C24RY","Student_47_1030201383","Student47","Admin","obec68zone1@obec.org","iPad (A16) (Wi-Fi + Cellular 128 GB Silver)","26.5.0","357879850018462","AC:82:F0:9F:9F:C3","6/8/2026 10:43:29 AM","SC; All; สพม.นครราชสีมา; จักราชวิทยา; SC_จักราชวิทยา","รร.จักราชวิทยา"
"C9XWX0VTK6","SC991","จักราชวิทยา_SC991","จักราชวิทยา_SC991_C9XWX0VTK6","Student_199_1030201383","Student199","Admin","obec68zone1@obec.org","iPad (A16) (Wi-Fi + Cellular 128 GB Silver)","26.5.0","357879850204559","AC:82:F0:A5:9B:B8","6/8/2026 10:41:19 AM","SC; All; สพม.นครราชสีมา; จักราชวิทยา; SC_จักราชวิทยา","รร.จักราชวิทยา"
"LL4RK7M0MP","SC935","จักราชวิทยา_SC935","จักราชวิทยา_SC935_LL4RK7M0MP","Student_187_1030201383","Student187","Admin","obec68zone1@obec.org","iPad (A16) (Wi-Fi + Cellular 128 GB Silver)","26.5.0","357879850365384","AC:82:F0:9E:7E:02","6/8/2026 10:41:19 AM","SC; All; สพม.นครราชสีมา; จักราชวิทยา; SC_จักราชวิทยา","รร.จักราชวิทยา"
"G1Q96P0WYY","SC1011","จักราชวิทยา_SC1011","จักราชวิทยา_SC1011_G1Q96P0WYY","Student_203_1030201383","Student203","Admin","obec68zone1@obec.org","iPad (A16) (Wi-Fi + Cellular 128 GB Silver)","26.5.0","357879850063054","AC:82:F0:9B:34:09","6/8/2026 10:41:18 AM","SC; All; สพม.นครราชสีมา; จักราชวิทยา; SC_จักราชวิทยา","รร.จักราชวิทยา"
"C7YRQM369R","SC227","จักราชวิทยา_SC227","จักราชวิทยา_SC227_C7YRQM369R","Student_46_1030201383","Student46","Admin","obec68zone1@obec.org","iPad (A16) (Wi-Fi + Cellular 128 GB Silver)","26.5.0","357879850624632","AC:82:F0:9F:F5:18","6/8/2026 10:41:16 AM","SC; All; สพม.นครราชสีมา; จักราชวิทยา; SC_จักราชวิทยา","รร.จักราชวิทยา"
"LGKMHCQ324","SC662","จักราชวิทยา_SC662","จักราชวิทยา_SC662_LGKMHCQ324","Student_133_1030201383","Student133","Admin","obec68zone1@obec.org","iPad (A16) (Wi-Fi + Cellular 128 GB Silver)","26.4.2","357879850406444","AC:82:F0:A8:A9:09","6/8/2026 10:41:16 AM","SC; All; สพม.นครราชสีมา; จักราชวิทยา; SC_จักราชวิทยา","รร.จักราชวิทยา"
"G0FG4CF9V4","SC568","จักราชวิทยา_SC568","จักราชวิทยา_SC568_G0FG4CF9V4","Student_114_1030201383","Student114","Admin","obec68zone1@obec.org","iPad (A16) (Wi-Fi + Cellular 128 GB Silver)","26.5.0","357879850533734","AC:82:F0:A6:8C:63","6/8/2026 10:41:15 AM","SC; All; สพม.นครราชสีมา; จักราชวิทยา; SC_จักราชวิทยา","รร.จักราชวิทยา"
"GV14LV771R","SC603","จักราชวิทยา_SC603","จักราชวิทยา_SC603_GV14LV771R","Student_121_1030201383","Student121","Admin","obec68zone1@obec.org","iPad (A16) (Wi-Fi + Cellular 128 GB Silver)","26.4.2","357879850016441","AC:82:F0:9C:02:54","6/8/2026 10:41:15 AM","SC; All; สพม.นครราชสีมา; จักราชวิทยา; SC_จักราชวิทยา","รร.จักราชวิทยา"
"MXRRQ0RVK0","SC302","จักราชวิทยา_SC302","จักราชวิทยา_SC302_MXRRQ0RVK0","Student_61_1030201383","Student61","Admin","obec68zone1@obec.org","iPad (A16) (Wi-Fi + Cellular 128 GB Silver)","26.3.1","357879850075165","AC:82:F0:A3:44:29","6/8/2026 10:41:15 AM","SC; All; สพม.นครราชสีมา; จักราชวิทยา; SC_จักราชวิทยา","รร.จักราชวิทยา"
"MXPXH6X4T3","SC540","จักราชวิทยา_SC540","จักราชวิทยา_SC540_MXPXH6X4T3","Student_108_1030201383","Student108","Admin","obec68zone1@obec.org","iPad (A16) (Wi-Fi + Cellular 128 GB Silver)","26.5.0","357879850782331","AC:82:F0:A2:4F:B5","6/8/2026 10:41:15 AM","SC; All; สพม.นครราชสีมา; จักราชวิทยา; SC_จักราชวิทยา","รร.จักราชวิทยา"
"GCTQPH2LCQ","SC334","จักราชวิทยา_SC334","จักราชวิทยา_SC334_GCTQPH2LCQ","Student_67_1030201383","Student67","Admin","obec68zone1@obec.org","iPad (A16) (Wi-Fi + Cellular 128 GB Silver)","26.5.0","357879850883113","AC:82:F0:AA:AA:31","6/8/2026 10:41:15 AM","SC; All; สพม.นครราชสีมา; จักราชวิทยา; SC_จักราชวิทยา","รร.จักราชวิทยา"
"C4YVYHJK2F","SC84","จักราชวิทยา_SC84","จักราชวิทยา_SC84_C4YVYHJK2F","Student_17_1030201383","Student17","Admin","obec68zone1@obec.org","iPad (A16) (Wi-Fi + Cellular 128 GB Silver)","26.5.0","357585650324691","AC:82:F0:A9:F5:FC","6/8/2026 10:41:14 AM","SC; All; สพม.นครราชสีมา; จักราชวิทยา; SC_จักราชวิทยา","รร.จักราชวิทยา"
"FLKQ41R4W4","TC99","จักราชวิทยา_TC99","จักราชวิทยา_TC99_FLKQ41R4W4","Teacher_20_1030201383","Teacher20","Admin","obec68zone1@obec.org","iPad (A16) (Wi-Fi + Cellular 128 GB Silver)","26.5.0","357879850609997","AC:82:F0:9D:D9:09","6/8/2026 10:41:06 AM","TC; All; สพม.นครราชสีมา; TC_จักราชวิทยา; จักราชวิทยา","รร.จักราชวิทยา"
"CQ543T7N1V","SC746","จักราชวิทยา_SC746","จักราชวิทยา_SC746_CQ543T7N1V","Student_150_1030201383","Student150","Admin","obec68zone1@obec.org","iPad (A16) (Wi-Fi + Cellular 128 GB Silver)","26.5.0","357879850799467","AC:82:F0:A3:B9:DE","6/8/2026 10:38:31 AM","SC; All; สพม.นครราชสีมา; จักราชวิทยา; SC_จักราชวิทยา","รร.จักราชวิทยา"
"K6NT7LRR2L","SC83","จักราชวิทยา_SC83","จักราชวิทยา_SC83_K6NT7LRR2L","Student_17_1030201383","Student17","Admin","obec68zone1@obec.org","iPad (A16) (Wi-Fi + Cellular 128 GB Silver)","26.1.0","357585650058513","AC:82:F0:A2:25:59","6/8/2026 10:38:25 AM","SC; All; สพม.นครราชสีมา; จักราชวิทยา; SC_จักราชวิทยา","รร.จักราชวิทยา"
"J217KJW3TL","SC803","จักราชวิทยา_SC803","จักราชวิทยา_SC803_J217KJW3TL","Student_161_1030201383","Student161","Admin","obec68zone1@obec.org","iPad (A16) (Wi-Fi + Cellular 128 GB Silver)","26.5.0","357879850331063","AC:82:F0:AD:22:AB","6/8/2026 10:36:23 AM","SC; All; สพม.นครราชสีมา; จักราชวิทยา; SC_จักราชวิทยา","รร.จักราชวิทยา"
"FNQ73QQLFJ","SC398","จักราชวิทยา_SC398","จักราชวิทยา_SC398_FNQ73QQLFJ","Student_80_1030201383","Student80","Admin","obec68zone1@obec.org","iPad (A16) (Wi-Fi + Cellular 128 GB Silver)","26.4.1","357879850173218","AC:82:F0:AD:12:43","6/8/2026 10:36:18 AM","SC; All; สพม.นครราชสีมา; จักราชวิทยา; SC_จักราชวิทยา","รร.จักราชวิทยา"
"J39L2T56Y4","SC150","จักราชวิทยา_SC150","จักราชวิทยา_SC150_J39L2T56Y4","Student_30_1030201383","Student30","Admin","obec68zone1@obec.org","iPad (A16) (Wi-Fi + Cellular 128 GB Silver)","26.4.2","357585650022980","AC:82:F0:9B:66:2F","6/8/2026 10:36:18 AM","SC; All; สพม.นครราชสีมา; จักราชวิทยา; SC_จักราชวิทยา","รร.จักราชวิทยา"
"FPN796N30L","SC38","จักราชวิทยา_SC38","จักราชวิทยา_SC38_FPN796N30L","Student_08_1030201383","Student08","Admin","obec68zone1@obec.org","iPad (A16) (Wi-Fi + Cellular 128 GB Silver)","26.5.0","357585650726333","AC:82:F0:A5:61:A9","6/8/2026 10:36:16 AM","SC; All; สพม.นครราชสีมา; จักราชวิทยา; SC_จักราชวิทยา","รร.จักราชวิทยา"
"L2FY20427G","SC798","จักราชวิทยา_SC798","จักราชวิทยา_SC798_L2FY20427G","Student_160_1030201383","Student160","Admin","obec68zone1@obec.org","iPad (A16) (Wi-Fi + Cellular 128 GB Silver)","26.5.0","357879850700556","AC:82:F0:AC:8C:F5","6/8/2026 10:33:33 AM","SC; All; สพม.นครราชสีมา; จักราชวิทยา; SC_จักราชวิทยา","รร.จักราชวิทยา"
"F4QFW5L47G","SC295","จักราชวิทยา_SC295","จักราชวิทยา_SC295_F4QFW5L47G","Student_59_1030201383","Student59","Admin","obec68zone1@obec.org","iPad (A16) (Wi-Fi + Cellular 128 GB Silver)","26.4.2","357879850201811","AC:82:F0:9E:A3:FC","6/8/2026 10:33:33 AM","SC; All; สพม.นครราชสีมา; จักราชวิทยา; SC_จักราชวิทยา","รร.จักราชวิทยา"
"F2K4P635HL","SC1112","จักราชวิทยา_SC1112","จักราชวิทยา_SC1112_F2K4P635HL","Student_223_1030201383","Student223","Admin","obec68zone1@obec.org","iPad (A16) (Wi-Fi + Cellular 128 GB Silver)","26.5.0","357879850404746","AC:82:F0:AE:07:DA","6/8/2026 10:31:25 AM","SC; All; สพม.นครราชสีมา; จักราชวิทยา; SC_จักราชวิทยา","รร.จักราชวิทยา"
"M73FX4J7P7","SC605","จักราชวิทยา_SC605","จักราชวิทยา_SC605_M73FX4J7P7","Student_121_1030201383","Student121","Admin","obec68zone1@obec.org","iPad (A16) (Wi-Fi + Cellular 128 GB Silver)","26.5.0","357879850240611","AC:82:F0:9F:81:55","6/8/2026 10:31:18 AM","SC; All; สพม.นครราชสีมา; จักราชวิทยา; SC_จักราชวิทยา","รร.จักราชวิทยา"
"FWHKYX5609","SC347","จักราชวิทยา_SC347","จักราชวิทยา_SC347_FWHKYX5609","Student_70_1030201383","Student70","Admin","obec68zone1@obec.org","iPad (A16) (Wi-Fi + Cellular 128 GB Silver)","26.5.0","357879850764198","AC:82:F0:9F:1A:53","6/8/2026 10:31:17 AM","SC; All; สพม.นครราชสีมา; จักราชวิทยา; SC_จักราชวิทยา","รร.จักราชวิทยา"
"MHFDK692VM","SC80","จักราชวิทยา_SC80","จักราชวิทยา_SC80_MHFDK692VM","Student_16_1030201383","Student16","Admin","obec68zone1@obec.org","iPad (A16) (Wi-Fi + Cellular 128 GB Silver)","26.5.0","357585650721839","AC:82:F0:9B:5E:2E","6/8/2026 10:31:17 AM","SC; All; สพม.นครราชสีมา; จักราชวิทยา; SC_จักราชวิทยา","รร.จักราชวิทยา"
"CY7MWQ7W0K","SC541","จักราชวิทยา_SC541","จักราชวิทยา_SC541_CY7MWQ7W0K","Student_109_1030201383","Student109","Admin","obec68zone1@obec.org","iPad (A16) (Wi-Fi + Cellular 128 GB Silver)","26.1.0","357879850945821","AC:82:F0:A7:6B:C1","6/8/2026 10:31:17 AM","SC; All; สพม.นครราชสีมา; จักราชวิทยา; SC_จักราชวิทยา","รร.จักราชวิทยา"
"LR7L0MHKQ6","TC27","จักราชวิทยา_TC27","จักราชวิทยา_TC27_LR7L0MHKQ6","Teacher_06_1030201383","Teacher06","Admin","obec68zone1@obec.org","iPad (A16) (Wi-Fi + Cellular 128 GB Silver)","26.5.0","357879850707908","AC:82:F0:99:43:88","6/8/2026 10:31:17 AM","TC; All; สพม.นครราชสีมา; TC_จักราชวิทยา; จักราชวิทยา","รร.จักราชวิทยา"
"DK99GP7XP9","SC39","จักราชวิทยา_SC39","จักราชวิทยา_SC39_DK99GP7XP9","Student_08_1030201383","Student08","Admin","obec68zone1@obec.org","iPad (A16) (Wi-Fi + Cellular 128 GB Silver)","26.5.0","357585650186082","AC:82:F0:9B:FE:B2","6/8/2026 10:31:07 AM","SC; All; สพม.นครราชสีมา; จักราชวิทยา; SC_จักราชวิทยา","รร.จักราชวิทยา"
"L24260TKX5","SC1084","จักราชวิทยา_SC1084","จักราชวิทยา_SC1084_L24260TKX5","Student_217_1030201383","Student217","Admin","obec68zone1@obec.org","iPad (A16) (Wi-Fi + Cellular 128 GB Silver)","26.5.0","357879850078540","AC:82:F0:9D:BA:88","6/8/2026 10:30:55 AM","SC; All; สพม.นครราชสีมา; จักราชวิทยา; SC_จักราชวิทยา","รร.จักราชวิทยา"
"K0M25FV30Q","TC46","จักราชวิทยา_TC46","จักราชวิทยา_TC46_K0M25FV30Q","Teacher_10_1030201383","Teacher10","Admin","obec68zone1@obec.org","iPad (A16) (Wi-Fi + Cellular 128 GB Silver)","26.5.0","357879850637022","AC:82:F0:A0:33:0B","6/8/2026 10:30:51 AM","TC; All; สพม.นครราชสีมา; TC_จักราชวิทยา; จักราชวิทยา","รร.จักราชวิทยา"
"LH9F4RNVMH","SC463","จักราชวิทยา_SC463","จักราชวิทยา_SC463_LH9F4RNVMH","Student_93_1030201383","Student93","Admin","obec68zone1@obec.org","iPad (A16) (Wi-Fi + Cellular 128 GB Silver)","26.5.0","357879850371853","AC:82:F0:A6:64:E5","6/8/2026 10:29:28 AM","SC; All; สพม.นครราชสีมา; จักราชวิทยา; SC_จักราชวิทยา","รร.จักราชวิทยา"
"MFQR6059VM","SC179","จักราชวิทยา_SC179","จักราชวิทยา_SC179_MFQR6059VM","Student_36_1030201383","Student36","Admin","obec68zone1@obec.org","iPad (A16) (Wi-Fi + Cellular 128 GB Silver)","26.1.0","357585650227498","AC:82:F0:AD:95:58","6/8/2026 10:29:10 AM","SC; All; สพม.นครราชสีมา; จักราชวิทยา; SC_จักราชวิทยา","รร.จักราชวิทยา"
"L9WMVQC9TL","SC138","จักราชวิทยา_SC138","จักราชวิทยา_SC138_L9WMVQC9TL","Student_28_1030201383","Student28","Admin","obec68zone1@obec.org","iPad (A16) (Wi-Fi + Cellular 128 GB Silver)","26.5.0","357585650081903","AC:82:F0:A1:AE:4D","6/8/2026 10:29:04 AM","SC; All; สพม.นครราชสีมา; จักราชวิทยา; SC_จักราชวิทยา","รร.จักราชวิทยา"
"CYXRYVWCMV","SC865","จักราชวิทยา_SC865","จักราชวิทยา_SC865_CYXRYVWCMV","Student_173_1030201383","Student173","Admin","obec68zone1@obec.org","iPad (A16) (Wi-Fi + Cellular 128 GB Silver)","26.5.0","357879850115276","AC:82:F0:A9:55:C8","6/8/2026 10:28:09 AM","SC; All; สพม.นครราชสีมา; จักราชวิทยา; SC_จักราชวิทยา","รร.จักราชวิทยา"
"GL4VMKQK50","SC1087","จักราชวิทยา_SC1087","จักราชวิทยา_SC1087_GL4VMKQK50","Student_218_1030201383","Student218","Admin","obec68zone1@obec.org","iPad (A16) (Wi-Fi + Cellular 128 GB Silver)","26.5.0","357879850578796","AC:82:F0:A1:10:4C","6/8/2026 10:26:23 AM","SC; All; สพม.นครราชสีมา; จักราชวิทยา; SC_จักราชวิทยา","รร.จักราชวิทยา"
"CNFQGQ7P71","SC943","จักราชวิทยา_SC943","จักราชวิทยา_SC943_CNFQGQ7P71","Student_189_1030201383","Student189","Admin","obec68zone1@obec.org","iPad (A16) (Wi-Fi + Cellular 128 GB Silver)","26.5.0","357879850447422","AC:82:F0:9F:CB:17","6/8/2026 10:26:22 AM","SC; All; สพม.นครราชสีมา; จักราชวิทยา; SC_จักราชวิทยา","รร.จักราชวิทยา"
"HWLTWQCQ74","SC399","จักราชวิทยา_SC399","จักราชวิทยา_SC399_HWLTWQCQ74","Student_80_1030201383","Student80","Admin","obec68zone1@obec.org","iPad (A16) (Wi-Fi + Cellular 128 GB Silver)","26.3.1","357879850949179","AC:82:F0:AE:68:DA","6/8/2026 10:26:21 AM","SC; All; สพม.นครราชสีมา; จักราชวิทยา; SC_จักราชวิทยา","รร.จักราชวิทยา"
"CJJWFHVK20","SC415","จักราชวิทยา_SC415","จักราชวิทยา_SC415_CJJWFHVK20","Student_83_1030201383","Student83","Admin","obec68zone1@obec.org","iPad (A16) (Wi-Fi + Cellular 128 GB Silver)","26.5.0","357879850212669","AC:82:F0:9F:55:70","6/8/2026 10:26:19 AM","SC; All; สพม.นครราชสีมา; จักราชวิทยา; SC_จักราชวิทยา","รร.จักราชวิทยา"
"DCGG7KK439","SC427","จักราชวิทยา_SC427","จักราชวิทยา_SC427_DCGG7KK439","Student_86_1030201383","Student86","Admin","obec68zone1@obec.org","iPad (A16) (Wi-Fi + Cellular 128 GB Silver)","26.1.0","357879850665429","AC:82:F0:A6:E7:EA","6/8/2026 10:26:19 AM","SC; All; สพม.นครราชสีมา; จักราชวิทยา; SC_จักราชวิทยา","รร.จักราชวิทยา"
"JV9PQJ0VXM","SC128","จักราชวิทยา_SC128","จักราชวิทยา_SC128_JV9PQJ0VXM","Student_26_1030201383","Student26","Admin","obec68zone1@obec.org","iPad (A16) (Wi-Fi + Cellular 128 GB Silver)","26.5.0","357879850918430","AC:82:F0:9B:D2:5F","6/8/2026 10:26:18 AM","SC; All; สพม.นครราชสีมา; จักราชวิทยา; SC_จักราชวิทยา","รร.จักราชวิทยา"
"CQT976DV9N","SC286","จักราชวิทยา_SC286","จักราชวิทยา_SC286_CQT976DV9N","Student_58_1030201383","Student58","Admin","obec68zone1@obec.org","iPad (A16) (Wi-Fi + Cellular 128 GB Silver)","26.1.0","357879850925393","AC:82:F0:AB:B2:EE","6/8/2026 10:25:04 AM","SC; All; สพม.นครราชสีมา; จักราชวิทยา; SC_จักราชวิทยา","รร.จักราชวิทยา"
"FNH2DVH990","SC457","จักราชวิทยา_SC457","จักราชวิทยา_SC457_FNH2DVH990","Student_92_1030201383","Student92","Admin","obec68zone1@obec.org","iPad (A16) (Wi-Fi + Cellular 128 GB Silver)","26.3.1 (a)","357879850888252","AC:82:F0:98:F5:35","6/8/2026 10:24:10 AM","SC; All; สพม.นครราชสีมา; จักราชวิทยา; SC_จักราชวิทยา","รร.จักราชวิทยา"
"HF7H23X2CP","SC876","จักราชวิทยา_SC876","จักราชวิทยา_SC876_HF7H23X2CP","Student_176_1030201383","Student176","Admin","obec68zone1@obec.org","iPad (A16) (Wi-Fi + Cellular 128 GB Silver)","26.5.0","357879850475209","AC:82:F0:A4:65:5D","6/8/2026 10:23:18 AM","SC; All; สพม.นครราชสีมา; จักราชวิทยา; SC_จักราชวิทยา","รร.จักราชวิทยา"
"JC4TQ7R7FK","SC772","จักราชวิทยา_SC772","จักราชวิทยา_SC772_JC4TQ7R7FK","Student_155_1030201383","Student155","Admin","obec68zone1@obec.org","iPad (A16) (Wi-Fi + Cellular 128 GB Silver)","26.5.0","357879850020112","AC:82:F0:A1:E2:49","6/8/2026 10:22:49 AM","SC; All; สพม.นครราชสีมา; จักราชวิทยา; SC_จักราชวิทยา","รร.จักราชวิทยา"
"HQPX647W6M","SC401","จักราชวิทยา_SC401","จักราชวิทยา_SC401_HQPX647W6M","Student_81_1030201383","Student81","Admin","obec68zone1@obec.org","iPad (A16) (Wi-Fi + Cellular 128 GB Silver)","26.5.0","357879850739992","AC:82:F0:A2:C8:E3","6/8/2026 10:21:20 AM","SC; All; สพม.นครราชสีมา; จักราชวิทยา; SC_จักราชวิทยา","รร.จักราชวิทยา"
"D4C5JM9G2T","SC254","จักราชวิทยา_SC254","จักราชวิทยา_SC254_D4C5JM9G2T","Student_51_1030201383","Student51","Admin","obec68zone1@obec.org","iPad (A16) (Wi-Fi + Cellular 128 GB Silver)","26.5.0","357879850747664","AC:82:F0:A4:C2:20","6/8/2026 10:21:20 AM","SC; All; สพม.นครราชสีมา; จักราชวิทยา; SC_จักราชวิทยา","รร.จักราชวิทยา"
"L6RMYWK9XJ","SC379","จักราชวิทยา_SC379","จักราชวิทยา_SC379_L6RMYWK9XJ","Student_76_1030201383","Student76","Admin","obec68zone1@obec.org","iPad (A16) (Wi-Fi + Cellular 128 GB Silver)","26.4.2","357879850448420","AC:82:F0:9E:60:56","6/8/2026 10:21:18 AM","SC; All; สพม.นครราชสีมา; จักราชวิทยา; SC_จักราชวิทยา","รร.จักราชวิทยา"
"FQ7C3HJDFY","TC25","จักราชวิทยา_TC25","จักราชวิทยา_TC25_FQ7C3HJDFY","Teacher_05_1030201383","Teacher05","Admin","obec68zone1@obec.org","iPad (A16) (Wi-Fi + Cellular 128 GB Silver)","26.5.0","357879850688504","AC:82:F0:9C:40:3A","6/8/2026 10:21:09 AM","TC; All; สพม.นครราชสีมา; TC_จักราชวิทยา; จักราชวิทยา","รร.จักราชวิทยา"
"J4J03J9LYJ","SC436","จักราชวิทยา_SC436","จักราชวิทยา_SC436_J4J03J9LYJ","Student_88_1030201383","Student88","Admin","obec68zone1@obec.org","iPad (A16) (Wi-Fi + Cellular 128 GB Silver)","26.5.0","357879850670262","AC:82:F0:9A:DA:93","6/8/2026 10:20:59 AM","SC; All; สพม.นครราชสีมา; จักราชวิทยา; SC_จักราชวิทยา","รร.จักราชวิทยา"
"JGHPQ6WRW9","SC353","จักราชวิทยา_SC353","จักราชวิทยา_SC353_JGHPQ6WRW9","Student_71_1030201383","Student71","Admin","obec68zone1@obec.org","iPad (A16) (Wi-Fi + Cellular 128 GB Silver)","26.3.0","357879850445988","AC:82:F0:A4:17:B8","6/8/2026 10:19:55 AM","SC; All; สพม.นครราชสีมา; จักราชวิทยา; SC_จักราชวิทยา","รร.จักราชวิทยา"
"J5T9FK2417","SC226","จักราชวิทยา_SC226","จักราชวิทยา_SC226_J5T9FK2417","Student_46_1030201383","Student46","Admin","obec68zone1@obec.org","iPad (A16) (Wi-Fi + Cellular 128 GB Silver)","26.5.0","357879850227543","AC:82:F0:98:AA:80","6/8/2026 10:19:37 AM","SC; All; สพม.นครราชสีมา; จักราชวิทยา; SC_จักราชวิทยา","รร.จักราชวิทยา"
"J4JYKQMYWV","SC487","จักราชวิทยา_SC487","จักราชวิทยา_SC487_J4JYKQMYWV","Student_98_1030201383","Student98","Admin","obec68zone1@obec.org","iPad (A16) (Wi-Fi + Cellular 128 GB Silver)","26.1.0","357879850065323","AC:82:F0:A5:4C:47","6/8/2026 10:17:59 AM","SC; All; สพม.นครราชสีมา; จักราชวิทยา; SC_จักราชวิทยา","รร.จักราชวิทยา"
"M4YR2RFQHW","SC1013","จักราชวิทยา_SC1013","จักราชวิทยา_SC1013_M4YR2RFQHW","Student_203_1030201383","Student203","Admin","obec68zone1@obec.org","iPad (A16) (Wi-Fi + Cellular 128 GB Silver)","26.5.0","357879850961091","AC:82:F0:A6:37:5A","6/8/2026 10:16:14 AM","SC; All; สพม.นครราชสีมา; จักราชวิทยา; SC_จักราชวิทยา","รร.จักราชวิทยา"
"JK216M7NX3","SC905","จักราชวิทยา_SC905","จักราชวิทยา_SC905_JK216M7NX3","Student_181_1030201383","Student181","Admin","obec68zone1@obec.org","iPad (A16) (Wi-Fi + Cellular 128 GB Silver)","26.5.0","357879850085396","AC:82:F0:A0:DE:0D","6/8/2026 10:16:14 AM","SC; All; สพม.นครราชสีมา; จักราชวิทยา; SC_จักราชวิทยา","รร.จักราชวิทยา"
"FR2XD212NH","SC844","จักราชวิทยา_SC844","จักราชวิทยา_SC844_FR2XD212NH","Student_169_1030201383","Student169","Admin","obec68zone1@obec.org","iPad (A16) (Wi-Fi + Cellular 128 GB Silver)","26.5.0","357879850897592","AC:82:F0:9B:7E:C3","6/8/2026 10:16:13 AM","SC; All; สพม.นครราชสีมา; จักราชวิทยา; SC_จักราชวิทยา","รร.จักราชวิทยา"
"H5C25YK9V7","SC251","จักราชวิทยา_SC251","จักราชวิทยา_SC251_H5C25YK9V7","Student_51_1030201383","Student51","Admin","obec68zone1@obec.org","iPad (A16) (Wi-Fi + Cellular 128 GB Silver)","26.5.0","357879850482379","AC:82:F0:9D:1D:AB","6/8/2026 10:16:11 AM","SC; All; สพม.นครราชสีมา; จักราชวิทยา; SC_จักราชวิทยา","รร.จักราชวิทยา"
"CNV36FM0J4","SC244","จักราชวิทยา_SC244","จักราชวิทยา_SC244_CNV36FM0J4","Student_49_1030201383","Student49","Admin","obec68zone1@obec.org","iPad (A16) (Wi-Fi + Cellular 128 GB Silver)","26.4.2","357879850140084","AC:82:F0:9C:FE:43","6/8/2026 10:14:53 AM","SC; All; สพม.นครราชสีมา; จักราชวิทยา; SC_จักราชวิทยา","รร.จักราชวิทยา"
"LT49V39L9M","SC300","จักราชวิทยา_SC300","จักราชวิทยา_SC300_LT49V39L9M","Student_60_1030201383","Student60","Admin","obec68zone1@obec.org","iPad (A16) (Wi-Fi + Cellular 128 GB Silver)","26.5.0","357879850590254","AC:82:F0:A2:3E:68","6/8/2026 10:14:45 AM","SC; All; สพม.นครราชสีมา; จักราชวิทยา; SC_จักราชวิทยา","รร.จักราชวิทยา"
"MQYD2QM2P2","SC792","จักราชวิทยา_SC792","จักราชวิทยา_SC792_MQYD2QM2P2","Student_159_1030201383","Student159","Admin","obec68zone1@obec.org","iPad (A16) (Wi-Fi + Cellular 128 GB Silver)","26.5.0","357879850582111","AC:82:F0:9A:03:37","6/8/2026 10:14:36 AM","SC; All; สพม.นครราชสีมา; จักราชวิทยา; SC_จักราชวิทยา","รร.จักราชวิทยา"
"LWH9NHDXRQ","SC483","จักราชวิทยา_SC483","จักราชวิทยา_SC483_LWH9NHDXRQ","Student_97_1030201383","Student97","Admin","obec68zone1@obec.org","iPad (A16) (Wi-Fi + Cellular 128 GB Silver)","26.5.0","357879850650611","AC:82:F0:9A:B1:FA","6/8/2026 10:13:36 AM","SC; All; สพม.นครราชสีมา; จักราชวิทยา; SC_จักราชวิทยา","รร.จักราชวิทยา"
"HJXPFPPVGC","TC117","จักราชวิทยา_TC117","จักราชวิทยา_TC117_HJXPFPPVGC","Teacher_24_1030201383","Teacher24","Admin","obec68zone1@obec.org","iPad (A16) (Wi-Fi + Cellular 128 GB Silver)","26.5.0","357879850378676","AC:82:F0:A2:F9:AD","6/8/2026 10:12:09 AM","TC; All; สพม.นครราชสีมา; TC_จักราชวิทยา; จักราชวิทยา","รร.จักราชวิทยา"
"GHQFY27N3T","SC397","จักราชวิทยา_SC397","จักราชวิทยา_SC397_GHQFY27N3T","Student_80_1030201383","Student80","Admin","obec68zone1@obec.org","iPad (A16) (Wi-Fi + Cellular 128 GB Silver)","26.5.0","357879850144417","AC:82:F0:A8:13:E9","6/8/2026 10:11:36 AM","SC; All; สพม.นครราชสีมา; จักราชวิทยา; SC_จักราชวิทยา","รร.จักราชวิทยา"
"J7JC20VX1H","SC455","จักราชวิทยา_SC455","จักราชวิทยา_SC455_J7JC20VX1H","Student_91_1030201383","Student91","Admin","obec68zone1@obec.org","iPad (A16) (Wi-Fi + Cellular 128 GB Silver)","26.1.0","357879850255866","AC:82:F0:A9:E8:26","6/8/2026 10:11:17 AM","SC; All; สพม.นครราชสีมา; จักราชวิทยา; SC_จักราชวิทยา","รร.จักราชวิทยา"
"LJNXTXTXGP","SC355","จักราชวิทยา_SC355","จักราชวิทยา_SC355_LJNXTXTXGP","Student_71_1030201383","Student71","Admin","obec68zone1@obec.org","iPad (A16) (Wi-Fi + Cellular 128 GB Silver)","26.5.0","357879850501624","AC:82:F0:A1:F6:DF","6/8/2026 10:11:16 AM","SC; All; สพม.นครราชสีมา; จักราชวิทยา; SC_จักราชวิทยา","รร.จักราชวิทยา"
"KNQ93WJYR2","SC499","จักราชวิทยา_SC499","จักราชวิทยา_SC499_KNQ93WJYR2","Student_100_1030201383","Student100","Admin","obec68zone1@obec.org","iPad (A16) (Wi-Fi + Cellular 128 GB Silver)","26.5.0","357879850929841","AC:82:F0:A7:AF:1E","6/8/2026 10:11:15 AM","SC; All; สพม.นครราชสีมา; จักราชวิทยา; SC_จักราชวิทยา","รร.จักราชวิทยา"
"HFHW2MYWGV","SC132","จักราชวิทยา_SC132","จักราชวิทยา_SC132_HFHW2MYWGV","Student_27_1030201383","Student27","Admin","obec68zone1@obec.org","iPad (A16) (Wi-Fi + Cellular 128 GB Silver)","26.5.0","357879850728862","AC:82:F0:A1:83:52","6/8/2026 10:11:15 AM","SC; All; สพม.นครราชสีมา; จักราชวิทยา; SC_จักราชวิทยา","รร.จักราชวิทยา"
"KGW7F0J2D0","SC358","จักราชวิทยา_SC358","จักราชวิทยา_SC358_KGW7F0J2D0","Student_72_1030201383","Student72","Admin","obec68zone1@obec.org","iPad (A16) (Wi-Fi + Cellular 128 GB Silver)","26.5.0","357879850241395","AC:82:F0:A0:B5:D6","6/8/2026 10:11:15 AM","SC; All; สพม.นครราชสีมา; จักราชวิทยา; SC_จักราชวิทยา","รร.จักราชวิทยา"
"LXQX1G373N","SC133","จักราชวิทยา_SC133","จักราชวิทยา_SC133_LXQX1G373N","Student_27_1030201383","Student27","Admin","obec68zone1@obec.org","iPad (A16) (Wi-Fi + Cellular 128 GB Silver)","26.5.0","357879850058153","AC:82:F0:9F:53:ED","6/8/2026 10:11:14 AM","SC; All; สพม.นครราชสีมา; จักราชวิทยา; SC_จักราชวิทยา","รร.จักราชวิทยา"
"DG490FKY7W","SC85","จักราชวิทยา_SC85","จักราชวิทยา_SC85_DG490FKY7W","Student_17_1030201383","Student17","Admin","obec68zone1@obec.org","iPad (A16) (Wi-Fi + Cellular 128 GB Silver)","26.1.0","357585650879918","AC:82:F0:A3:26:88","6/8/2026 10:08:07 AM","SC; All; สพม.นครราชสีมา; จักราชวิทยา; SC_จักราชวิทยา","รร.จักราชวิทยา"
"CQJ43PPGHJ","SC515","จักราชวิทยา_SC515","จักราชวิทยา_SC515_CQJ43PPGHJ","Student_103_1030201383","Student103","Admin","obec68zone1@obec.org","iPad (A16) (Wi-Fi + Cellular 128 GB Silver)","26.1.0","357879850490133","AC:82:F0:9C:83:F4","6/8/2026 10:06:17 AM","SC; All; สพม.นครราชสีมา; จักราชวิทยา; SC_จักราชวิทยา","รร.จักราชวิทยา"
"F50QYH599Q","SC525","จักราชวิทยา_SC525","จักราชวิทยา_SC525_F50QYH599Q","Student_105_1030201383","Student105","Admin","obec68zone1@obec.org","iPad (A16) (Wi-Fi + Cellular 128 GB Silver)","26.5.0","357879850691599","AC:82:F0:A1:F3:D3","6/8/2026 10:06:17 AM","SC; All; สพม.นครราชสีมา; จักราชวิทยา; SC_จักราชวิทยา","รร.จักราชวิทยา"
"HNJWX199KR","SC19","จักราชวิทยา_SC19","จักราชวิทยา_SC19_HNJWX199KR","Student_04_1030201383","Student04","Admin","obec68zone1@obec.org","iPad (A16) (Wi-Fi + Cellular 128 GB Silver)","26.5.0","357585650971921","AC:82:F0:AC:B0:A0","6/8/2026 10:06:14 AM","SC; All; สพม.นครราชสีมา; จักราชวิทยา; SC_จักราชวิทยา","รร.จักราชวิทยา"
"H7VMYYCFYY","SC359","จักราชวิทยา_SC359","จักราชวิทยา_SC359_H7VMYYCFYY","Student_72_1030201383","Student72","Admin","obec68zone1@obec.org","iPad (A16) (Wi-Fi + Cellular 128 GB Silver)","26.5.0","357879850958360","AC:82:F0:9E:46:53","6/8/2026 10:04:21 AM","SC; All; สพม.นครราชสีมา; จักราชวิทยา; SC_จักราชวิทยา","รร.จักราชวิทยา"
"G4V762T20G","SC508","จักราชวิทยา_SC508","จักราชวิทยา_SC508_G4V762T20G","Student_102_1030201383","Student102","Admin","obec68zone1@obec.org","iPad (A16) (Wi-Fi + Cellular 128 GB Silver)","26.5.0","357879850555554","AC:82:F0:A2:B1:4D","6/8/2026 10:01:18 AM","SC; All; สพม.นครราชสีมา; จักราชวิทยา; SC_จักราชวิทยา","รร.จักราชวิทยา"
"J400906YL0","SC250","จักราชวิทยา_SC250","จักราชวิทยา_SC250_J400906YL0","Student_50_1030201383","Student50","Admin","obec68zone1@obec.org","iPad (A16) (Wi-Fi + Cellular 128 GB Silver)","26.1.0","357879850877008","AC:82:F0:9C:14:59","6/8/2026 10:01:15 AM","SC; All; สพม.นครราชสีมา; จักราชวิทยา; SC_จักราชวิทยา","รร.จักราชวิทยา"
"DCJ31C6XDQ","TC121","จักราชวิทยา_TC121","จักราชวิทยา_TC121_DCJ31C6XDQ","Teacher_25_1030201383","Teacher25","Admin","obec68zone1@obec.org","iPad (A16) (Wi-Fi + Cellular 128 GB Silver)","26.4.2","357879850928207","AC:82:F0:99:B9:7F","6/8/2026 10:01:07 AM","TC; All; สพม.นครราชสีมา; TC_จักราชวิทยา; จักราชวิทยา","รร.จักราชวิทยา"
"FVHW4K6JVV","SC861","จักราชวิทยา_SC861","จักราชวิทยา_SC861_FVHW4K6JVV","Student_173_1030201383","Student173","Admin","obec68zone1@obec.org","iPad (A16) (Wi-Fi + Cellular 128 GB Silver)","26.5.0","357879850138815","AC:82:F0:A1:9D:02","6/8/2026 9:58:45 AM","SC; All; สพม.นครราชสีมา; จักราชวิทยา; SC_จักราชวิทยา","รร.จักราชวิทยา"
"FJJ6G7PQM4","SC451","จักราชวิทยา_SC451","จักราชวิทยา_SC451_FJJ6G7PQM4","Student_91_1030201383","Student91","Admin","obec68zone1@obec.org","iPad (A16) (Wi-Fi + Cellular 128 GB Silver)","26.4.2","357879850868924","AC:82:F0:9D:B2:F0","6/8/2026 9:56:59 AM","SC; All; สพม.นครราชสีมา; จักราชวิทยา; SC_จักราชวิทยา","รร.จักราชวิทยา"
"FM2XG7Q2LC","SC184","จักราชวิทยา_SC184","จักราชวิทยา_SC184_FM2XG7Q2LC","Student_37_1030201383","Student37","Admin","obec68zone1@obec.org","iPad (A16) (Wi-Fi + Cellular 128 GB Silver)","26.5.0","357879850513082","AC:82:F0:A4:FE:C1","6/8/2026 9:56:38 AM","SC; All; สพม.นครราชสีมา; จักราชวิทยา; SC_จักราชวิทยา","รร.จักราชวิทยา"
"H2WLT2LNP4","TC66","จักราชวิทยา_TC66","จักราชวิทยา_TC66_H2WLT2LNP4","Teacher_14_1030201383","Teacher14","Admin","obec68zone1@obec.org","iPad (A16) (Wi-Fi + Cellular 128 GB Silver)","26.5.0","357879850594884","AC:82:F0:AB:76:EB","6/8/2026 9:56:37 AM","TC; All; สพม.นครราชสีมา; TC_จักราชวิทยา; จักราชวิทยา","รร.จักราชวิทยา"
"HJD2QDH72C","SC799","จักราชวิทยา_SC799","จักราชวิทยา_SC799_HJD2QDH72C","Student_160_1030201383","Student160","Admin","obec68zone1@obec.org","iPad (A16) (Wi-Fi + Cellular 128 GB Silver)","26.5.0","357879850398609","AC:82:F0:A2:17:56","6/8/2026 9:56:20 AM","SC; All; สพม.นครราชสีมา; จักราชวิทยา; SC_จักราชวิทยา","รร.จักราชวิทยา"
"D5P2TNHXN1","SC374","จักราชวิทยา_SC374","จักราชวิทยา_SC374_D5P2TNHXN1","Student_75_1030201383","Student75","Admin","obec68zone1@obec.org","iPad (A16) (Wi-Fi + Cellular 128 GB Silver)","26.5.0","357879850167442","AC:82:F0:A7:90:71","6/8/2026 9:56:16 AM","SC; All; สพม.นครราชสีมา; จักราชวิทยา; SC_จักราชวิทยา","รร.จักราชวิทยา"
"LDD2KFF9TM","TC18","จักราชวิทยา_TC18","จักราชวิทยา_TC18_LDD2KFF9TM","Teacher_04_1030201383","Teacher04","Admin","obec68zone1@obec.org","iPad (A16) (Wi-Fi + Cellular 128 GB Silver)","26.5.0","357879850795739","AC:82:F0:A1:2C:B7","6/8/2026 9:54:23 AM","TC; All; สพม.นครราชสีมา; TC_จักราชวิทยา; จักราชวิทยา","รร.จักราชวิทยา"
"F2TW2M19RR","SC626","จักราชวิทยา_SC626","จักราชวิทยา_SC626_F2TW2M19RR","Student_126_1030201383","Student126","Admin","obec68zone1@obec.org","iPad (A16) (Wi-Fi + Cellular 128 GB Silver)","26.5.0","357879850145331","AC:82:F0:A6:28:79","6/8/2026 9:52:56 AM","SC; All; สพม.นครราชสีมา; จักราชวิทยา; SC_จักราชวิทยา","รร.จักราชวิทยา"
"KQJ9K7W50Y","SC984","จักราชวิทยา_SC984","จักราชวิทยา_SC984_KQJ9K7W50Y","Student_197_1030201383","Student197","Admin","obec68zone1@obec.org","iPad (A16) (Wi-Fi + Cellular 128 GB Silver)","26.5.0","357879850399326","AC:82:F0:A0:33:EC","6/8/2026 9:51:23 AM","SC; All; สพม.นครราชสีมา; จักราชวิทยา; SC_จักราชวิทยา","รร.จักราชวิทยา"
"FHFVT2T205","SC669","จักราชวิทยา_SC669","จักราชวิทยา_SC669_FHFVT2T205","Student_134_1030201383","Student134","Admin","obec68zone1@obec.org","iPad (A16) (Wi-Fi + Cellular 128 GB Silver)","26.5.0","357879850589678","AC:82:F0:A4:15:70","6/8/2026 9:51:17 AM","SC; All; สพม.นครราชสีมา; จักราชวิทยา; SC_จักราชวิทยา","รร.จักราชวิทยา"
"J7GMX944KW","SC635","จักราชวิทยา_SC635","จักราชวิทยา_SC635_J7GMX944KW","Student_127_1030201383","Student127","Admin","obec68zone1@obec.org","iPad (A16) (Wi-Fi + Cellular 128 GB Silver)","26.5.0","357879850769031","AC:82:F0:AE:1D:95","6/8/2026 9:51:17 AM","SC; All; สพม.นครราชสีมา; จักราชวิทยา; SC_จักราชวิทยา","รร.จักราชวิทยา"
"LKGJDFR90N","SC104","จักราชวิทยา_SC104","จักราชวิทยา_SC104_LKGJDFR90N","Student_21_1030201383","Student21","Admin","obec68zone1@obec.org","iPad (A16) (Wi-Fi + Cellular 128 GB Silver)","26.5.0","357585650371577","AC:82:F0:A1:79:B2","6/8/2026 9:51:14 AM","SC; All; สพม.นครราชสีมา; จักราชวิทยา; SC_จักราชวิทยา","รร.จักราชวิทยา"
"JLJWXXFR61","TC62","จักราชวิทยา_TC62","จักราชวิทยา_TC62_JLJWXXFR61","Teacher_13_1030201383","Teacher13","Admin","obec68zone1@obec.org","iPad (A16) (Wi-Fi + Cellular 128 GB Silver)","26.5.0","357879850368438","AC:82:F0:AE:03:50","6/8/2026 9:47:22 AM","TC; All; สพม.นครราชสีมา; TC_จักราชวิทยา; จักราชวิทยา","รร.จักราชวิทยา"
"FX7R3QDRXK","SC212","จักราชวิทยา_SC212","จักราชวิทยา_SC212_FX7R3QDRXK","Student_43_1030201383","Student43","Admin","obec68zone1@obec.org","iPad (A16) (Wi-Fi + Cellular 128 GB Silver)","26.1.0","357585650972325","AC:82:F0:9E:99:A2","6/8/2026 9:46:16 AM","SC; All; สพม.นครราชสีมา; จักราชวิทยา; SC_จักราชวิทยา","รร.จักราชวิทยา"
"D6JJMVT94N","TC38","จักราชวิทยา_TC38","จักราชวิทยา_TC38_D6JJMVT94N","Teacher_08_1030201383","Teacher08","Admin","obec68zone1@obec.org","iPad (A16) (Wi-Fi + Cellular 128 GB Silver)","26.5.0","357879850156023","AC:82:F0:9E:10:22","6/8/2026 9:43:56 AM","TC; All; สพม.นครราชสีมา; TC_จักราชวิทยา; จักราชวิทยา","รร.จักราชวิทยา"
"CTPQQYN3L7","SC1082","จักราชวิทยา_SC1082","จักราชวิทยา_SC1082_CTPQQYN3L7","Student_217_1030201383","Student217","Admin","obec68zone1@obec.org","iPad (A16) (Wi-Fi + Cellular 128 GB Silver)","26.1.0","357879850612181","AC:82:F0:A1:AD:80","6/8/2026 9:41:20 AM","SC; All; สพม.นครราชสีมา; จักราชวิทยา; SC_จักราชวิทยา","รร.จักราชวิทยา"
"JYVHG9Y2MY","SC976","จักราชวิทยา_SC976","จักราชวิทยา_SC976_JYVHG9Y2MY","Student_196_1030201383","Student196","Admin","obec68zone1@obec.org","iPad (A16) (Wi-Fi + Cellular 128 GB Silver)","26.5.0","357879850714078","AC:82:F0:AC:B1:6A","6/8/2026 9:41:18 AM","SC; All; สพม.นครราชสีมา; จักราชวิทยา; SC_จักราชวิทยา","รร.จักราชวิทยา"
"K27YGP6GP7","SC812","จักราชวิทยา_SC812","จักราชวิทยา_SC812_K27YGP6GP7","Student_163_1030201383","Student163","Admin","obec68zone1@obec.org","iPad (A16) (Wi-Fi + Cellular 128 GB Silver)","26.5.0","357879850892403","AC:82:F0:A0:73:2E","6/8/2026 9:41:18 AM","SC; All; สพม.นครราชสีมา; จักราชวิทยา; SC_จักราชวิทยา","รร.จักราชวิทยา"
"HVQ9WYFRV0","SC151","จักราชวิทยา_SC151","จักราชวิทยา_SC151_HVQ9WYFRV0","Student_31_1030201383","Student31","Admin","obec68zone1@obec.org","iPad (A16) (Wi-Fi + Cellular 128 GB Silver)","26.5.0","357585650212524","AC:82:F0:AB:87:B8","6/8/2026 9:41:16 AM","SC; All; สพม.นครราชสีมา; จักราชวิทยา; SC_จักราชวิทยา","รร.จักราชวิทยา"
"DFYGHY3G2Q","TC101","จักราชวิทยา_TC101","จักราชวิทยา_TC101_DFYGHY3G2Q","Teacher_21_1030201383","Teacher21","Admin","obec68zone1@obec.org","iPad (A16) (Wi-Fi + Cellular 128 GB Silver)","26.4.2","357879850047446","AC:82:F0:AA:71:4E","6/8/2026 9:41:05 AM","TC; All; สพม.นครราชสีมา; TC_จักราชวิทยา; จักราชวิทยา","รร.จักราชวิทยา"
"GT73GQYCH6","SC557","จักราชวิทยา_SC557","จักราชวิทยา_SC557_GT73GQYCH6","Student_112_1030201383","Student112","Admin","obec68zone1@obec.org","iPad (A16) (Wi-Fi + Cellular 128 GB Silver)","26.5.0","357879850425485","AC:82:F0:A8:97:09","6/8/2026 9:39:32 AM","SC; All; สพม.นครราชสีมา; จักราชวิทยา; SC_จักราชวิทยา","รร.จักราชวิทยา"
"J1HWXHT902","SC500","จักราชวิทยา_SC500","จักราชวิทยา_SC500_J1HWXHT902","Student_100_1030201383","Student100","Admin","obec68zone1@obec.org","iPad (A16) (Wi-Fi + Cellular 128 GB Silver)","26.5.0","357879850126539","AC:82:F0:A9:44:E7","6/8/2026 9:37:07 AM","SC; All; สพม.นครราชสีมา; จักราชวิทยา; SC_จักราชวิทยา","รร.จักราชวิทยา"
"J3Y4GHXV59","SC361","จักราชวิทยา_SC361","จักราชวิทยา_SC361_J3Y4GHXV59","Student_73_1030201383","Student73","Admin","obec68zone1@obec.org","iPad (A16) (Wi-Fi + Cellular 128 GB Silver)","26.5.0","357879850017506","AC:82:F0:A6:29:26","6/8/2026 9:36:16 AM","SC; All; สพม.นครราชสีมา; จักราชวิทยา; SC_จักราชวิทยา","รร.จักราชวิทยา"
"J6JRVP2WT2","TC58","จักราชวิทยา_TC58","จักราชวิทยา_TC58_J6JRVP2WT2","Teacher_12_1030201383","Teacher12","Admin","obec68zone1@obec.org","iPad (A16) (Wi-Fi + Cellular 128 GB Silver)","26.1.0","357879850714805","AC:82:F0:99:7A:FA","6/8/2026 9:34:27 AM","TC; All; สพม.นครราชสีมา; TC_จักราชวิทยา; จักราชวิทยา","รร.จักราชวิทยา"
"L21XM9YJT2","SC1037","จักราชวิทยา_SC1037","จักราชวิทยา_SC1037_L21XM9YJT2","Student_208_1030201383","Student208","Admin","obec68zone1@obec.org","iPad (A16) (Wi-Fi + Cellular 128 GB Silver)","26.5.0","357879850537727","AC:82:F0:A4:C6:28","6/8/2026 9:34:09 AM","SC; All; สพม.นครราชสีมา; จักราชวิทยา; SC_จักราชวิทยา","รร.จักราชวิทยา"
"HQKLH6DWJC","SC528","จักราชวิทยา_SC528","จักราชวิทยา_SC528_HQKLH6DWJC","Student_106_1030201383","Student106","Admin","obec68zone1@obec.org","iPad (A16) (Wi-Fi + Cellular 128 GB Silver)","26.5.0","357879850514742","AC:82:F0:A5:BA:51","6/8/2026 9:31:20 AM","SC; All; สพม.นครราชสีมา; จักราชวิทยา; SC_จักราชวิทยา","รร.จักราชวิทยา"
"HXGV3HT2JK","SC328","จักราชวิทยา_SC328","จักราชวิทยา_SC328_HXGV3HT2JK","Student_66_1030201383","Student66","Admin","obec68zone1@obec.org","iPad (A16) (Wi-Fi + Cellular 128 GB Silver)","26.5.0","357879850149630","AC:82:F0:A1:F0:EF","6/8/2026 9:31:19 AM","SC; All; สพม.นครราชสีมา; จักราชวิทยา; SC_จักราชวิทยา","รร.จักราชวิทยา"
"JV72N0L075","SC18","จักราชวิทยา_SC18","จักราชวิทยา_SC18_JV72N0L075","Student_04_1030201383","Student04","Admin","obec68zone1@obec.org","iPad (A16) (Wi-Fi + Cellular 128 GB Silver)","26.5.0","357585650601528","AC:82:F0:9A:79:65","6/8/2026 9:31:19 AM","SC; All; สพม.นครราชสีมา; จักราชวิทยา; SC_จักราชวิทยา","รร.จักราชวิทยา"
"JV42NWL26N","SC109","จักราชวิทยา_SC109","จักราชวิทยา_SC109_JV42NWL26N","Student_22_1030201383","Student22","Admin","obec68zone1@obec.org","iPad (A16) (Wi-Fi + Cellular 128 GB Silver)","26.1.0","357879850609112","AC:82:F0:A4:95:2F","6/8/2026 9:29:51 AM","SC; All; สพม.นครราชสีมา; จักราชวิทยา; SC_จักราชวิทยา","รร.จักราชวิทยา"
"J06GMYCXWW","SC34","จักราชวิทยา_SC34","จักราชวิทยา_SC34_J06GMYCXWW","Student_07_1030201383","Student07","Admin","obec68zone1@obec.org","iPad (A16) (Wi-Fi + Cellular 128 GB Silver)","26.3.0","357585650403131","AC:82:F0:AE:3F:BB","6/8/2026 9:28:44 AM","SC; All; สพม.นครราชสีมา; จักราชวิทยา; SC_จักราชวิทยา","รร.จักราชวิทยา"
"MD7F5Q6RL1","SC527","จักราชวิทยา_SC527","จักราชวิทยา_SC527_MD7F5Q6RL1","Student_106_1030201383","Student106","Admin","obec68zone1@obec.org","iPad (A16) (Wi-Fi + Cellular 128 GB Silver)","26.5.0","357879850643301","AC:82:F0:A8:8F:45","6/8/2026 9:27:44 AM","SC; All; สพม.นครราชสีมา; จักราชวิทยา; SC_จักราชวิทยา","รร.จักราชวิทยา"
"HJYX5WFTQJ","SC1049","จักราชวิทยา_SC1049","จักราชวิทยา_SC1049_HJYX5WFTQJ","Student_210_1030201383","Student210","Admin","obec68zone1@obec.org","iPad (A16) (Wi-Fi + Cellular 128 GB Silver)","26.5.0","357879850612447","AC:82:F0:A6:55:7D","6/8/2026 9:26:23 AM","SC; All; สพม.นครราชสีมา; จักราชวิทยา; SC_จักราชวิทยา","รร.จักราชวิทยา"
"D9PR430X3W","SC749","จักราชวิทยา_SC749","จักราชวิทยา_SC749_D9PR430X3W","Student_150_1030201383","Student150","Admin","obec68zone1@obec.org","iPad (A16) (Wi-Fi + Cellular 128 GB Silver)","26.4.2","357879850681616","AC:82:F0:A6:9D:7C","6/8/2026 9:26:21 AM","SC; All; สพม.นครราชสีมา; จักราชวิทยา; SC_จักราชวิทยา","รร.จักราชวิทยา"
"M9J33K92WM","SC673","จักราชวิทยา_SC673","จักราชวิทยา_SC673_M9J33K92WM","Student_135_1030201383","Student135","Admin","obec68zone1@obec.org","iPad (A16) (Wi-Fi + Cellular 128 GB Silver)","26.5.0","357879850042520","AC:82:F0:A4:9D:2E","6/8/2026 9:26:19 AM","SC; All; สพม.นครราชสีมา; จักราชวิทยา; SC_จักราชวิทยา","รร.จักราชวิทยา"
"CQ2403M4FJ","SC628","จักราชวิทยา_SC628","จักราชวิทยา_SC628_CQ2403M4FJ","Student_126_1030201383","Student126","Admin","obec68zone1@obec.org","iPad (A16) (Wi-Fi + Cellular 128 GB Silver)","26.5.0","357879850251394","AC:82:F0:9C:25:17","6/8/2026 9:26:19 AM","SC; All; สพม.นครราชสีมา; จักราชวิทยา; SC_จักราชวิทยา","รร.จักราชวิทยา"
"H2FMY773MP","SC06","จักราชวิทยา_SC06","จักราชวิทยา_SC06_H2FMY773MP","Student_02_1030201383","Student02","Admin","obec68zone1@obec.org","iPad (A16) (Wi-Fi + Cellular 128 GB Silver)","26.5.0","357879850909694","AC:82:F0:9C:FD:51","6/8/2026 9:23:03 AM","SC; All; สพม.นครราชสีมา; จักราชวิทยา; SC_จักราชวิทยา","รร.จักราชวิทยา"
"FMK73C6MHT","SC248","จักราชวิทยา_SC248","จักราชวิทยา_SC248_FMK73C6MHT","Student_50_1030201383","Student50","Admin","obec68zone1@obec.org","iPad (A16) (Wi-Fi + Cellular 128 GB Silver)","26.5.0","357879850255486","AC:82:F0:A0:63:2B","6/8/2026 9:21:24 AM","SC; All; สพม.นครราชสีมา; จักราชวิทยา; SC_จักราชวิทยา","รร.จักราชวิทยา"
"FYHR26Q647","TC36","จักราชวิทยา_TC36","จักราชวิทยา_TC36_FYHR26Q647","Teacher_08_1030201383","Teacher08","Admin","obec68zone1@obec.org","iPad (A16) (Wi-Fi + Cellular 128 GB Silver)","26.5.0","357879850404829","AC:82:F0:A9:E3:AA","6/8/2026 9:21:07 AM","TC; All; สพม.นครราชสีมา; TC_จักราชวิทยา; จักราชวิทยา","รร.จักราชวิทยา"
"F96Y6FKPXM","SC294","จักราชวิทยา_SC294","จักราชวิทยา_SC294_F96Y6FKPXM","Student_59_1030201383","Student59","Admin","obec68zone1@obec.org","iPad (A16) (Wi-Fi + Cellular 128 GB Silver)","26.5.0","357879850580362","AC:82:F0:A4:D1:2A","6/8/2026 9:13:46 AM","SC; All; สพม.นครราชสีมา; จักราชวิทยา; SC_จักราชวิทยา","รร.จักราชวิทยา"
"C36444YW7X","SC836","จักราชวิทยา_SC836","จักราชวิทยา_SC836_C36444YW7X","Student_168_1030201383","Student168","Admin","obec68zone1@obec.org","iPad (A16) (Wi-Fi + Cellular 128 GB Silver)","26.5.0","357879850059631","AC:82:F0:A7:AB:22","6/8/2026 9:11:26 AM","SC; All; สพม.นครราชสีมา; จักราชวิทยา; SC_จักราชวิทยา","รร.จักราชวิทยา"
"CVNC434JXJ","TC43","จักราชวิทยา_TC43","จักราชวิทยา_TC43_CVNC434JXJ","Teacher_09_1030201383","Teacher09","Admin","obec68zone1@obec.org","iPad (A16) (Wi-Fi + Cellular 128 GB Silver)","26.5.0","357879850833118","AC:82:F0:A2:DD:6F","6/8/2026 9:11:07 AM","TC; All; สพม.นครราชสีมา; TC_จักราชวิทยา; จักราชวิทยา","รร.จักราชวิทยา"
"G9W4J9JJXV","SC1099","จักราชวิทยา_SC1099","จักราชวิทยา_SC1099_G9W4J9JJXV","Student_220_1030201383","Student220","Admin","obec68zone1@obec.org","iPad (A16) (Wi-Fi + Cellular 128 GB Silver)","26.1.0","357879850536430","AC:82:F0:9E:74:9D","6/8/2026 9:08:01 AM","SC; All; สพม.นครราชสีมา; จักราชวิทยา; SC_จักราชวิทยา","รร.จักราชวิทยา"
"FPM7DW3X2G","SC304","จักราชวิทยา_SC304","จักราชวิทยา_SC304_FPM7DW3X2G","Student_61_1030201383","Student61","Admin","obec68zone1@obec.org","iPad (A16) (Wi-Fi + Cellular 128 GB Silver)","26.3.1 (a)","357879850304482","AC:82:F0:A6:9E:CE","6/8/2026 9:06:20 AM","SC; All; สพม.นครราชสีมา; จักราชวิทยา; SC_จักราชวิทยา","รร.จักราชวิทยา"
"KXN3GN02WK","SC428","จักราชวิทยา_SC428","จักราชวิทยา_SC428_KXN3GN02WK","Student_86_1030201383","Student86","Admin","obec68zone1@obec.org","iPad (A16) (Wi-Fi + Cellular 128 GB Silver)","26.5.0","357879850268265","AC:82:F0:A4:C1:66","6/8/2026 9:06:20 AM","SC; All; สพม.นครราชสีมา; จักราชวิทยา; SC_จักราชวิทยา","รร.จักราชวิทยา"
"MX4577XRTJ","SC642","จักราชวิทยา_SC642","จักราชวิทยา_SC642_MX4577XRTJ","Student_129_1030201383","Student129","Admin","obec68zone1@obec.org","iPad (A16) (Wi-Fi + Cellular 128 GB Silver)","26.1.0","357879850469004","AC:82:F0:98:B6:7C","6/8/2026 9:06:20 AM","SC; All; สพม.นครราชสีมา; จักราชวิทยา; SC_จักราชวิทยา","รร.จักราชวิทยา"
"DG7R06XRP0","SC924","จักราชวิทยา_SC924","จักราชวิทยา_SC924_DG7R06XRP0","Student_185_1030201383","Student185","Admin","obec68zone1@obec.org","iPad (A16) (Wi-Fi + Cellular 128 GB Silver)","26.5.0","357879850511698","AC:82:F0:A8:D0:17","6/8/2026 9:05:28 AM","SC; All; สพม.นครราชสีมา; จักราชวิทยา; SC_จักราชวิทยา","รร.จักราชวิทยา"
"KKPJ94T7LM","SC877","จักราชวิทยา_SC877","จักราชวิทยา_SC877_KKPJ94T7LM","Student_176_1030201383","Student176","Admin","obec68zone1@obec.org","iPad (A16) (Wi-Fi + Cellular 128 GB Silver)","26.5.0","357879850575271","AC:82:F0:A5:B5:82","6/8/2026 9:03:42 AM","SC; All; สพม.นครราชสีมา; จักราชวิทยา; SC_จักราชวิทยา","รร.จักราชวิทยา"
"K7YFNQ90XD","SC479","จักราชวิทยา_SC479","จักราชวิทยา_SC479_K7YFNQ90XD","Student_96_1030201383","Student96","Admin","obec68zone1@obec.org","iPad (A16) (Wi-Fi + Cellular 128 GB Silver)","26.5.0","357879850646262","AC:82:F0:AC:F8:3E","6/8/2026 9:01:20 AM","SC; All; สพม.นครราชสีมา; จักราชวิทยา; SC_จักราชวิทยา","รร.จักราชวิทยา"
"M9NF2H7H6R","SC639","จักราชวิทยา_SC639","จักราชวิทยา_SC639_M9NF2H7H6R","Student_128_1030201383","Student128","Admin","obec68zone1@obec.org","iPad (A16) (Wi-Fi + Cellular 128 GB Silver)","26.5.0","357879850166154","AC:82:F0:AE:14:D3","6/8/2026 9:01:19 AM","SC; All; สพม.นครราชสีมา; จักราชวิทยา; SC_จักราชวิทยา","รร.จักราชวิทยา"
"F2X0LFJ7M1","SC521","จักราชวิทยา_SC521","จักราชวิทยา_SC521_F2X0LFJ7M1","Student_105_1030201383","Student105","Admin","obec68zone1@obec.org","iPad (A16) (Wi-Fi + Cellular 128 GB Silver)","26.5.0","357879850218146","AC:82:F0:A7:A9:EE","6/8/2026 9:01:18 AM","SC; All; สพม.นครราชสีมา; จักราชวิทยา; SC_จักราชวิทยา","รร.จักราชวิทยา"
"M3HPL7WF49","SC237","จักราชวิทยา_SC237","จักราชวิทยา_SC237_M3HPL7WF49","Student_48_1030201383","Student48","Admin","obec68zone1@obec.org","iPad (A16) (Wi-Fi + Cellular 128 GB Silver)","26.5.0","357879850622818","AC:82:F0:A4:CD:64","6/8/2026 8:56:14 AM","SC; All; สพม.นครราชสีมา; จักราชวิทยา; SC_จักราชวิทยา","รร.จักราชวิทยา"
"KH0096RQQG","SC285","จักราชวิทยา_SC285","จักราชวิทยา_SC285_KH0096RQQG","Student_57_1030201383","Student57","Admin","obec68zone1@obec.org","iPad (A16) (Wi-Fi + Cellular 128 GB Silver)","26.5.0","357879850522695","AC:82:F0:9D:69:B6","6/8/2026 8:53:35 AM","SC; All; สพม.นครราชสีมา; จักราชวิทยา; SC_จักราชวิทยา","รร.จักราชวิทยา"
"FK40THHC02","TC32","จักราชวิทยา_TC32","จักราชวิทยา_TC32_FK40THHC02","Teacher_07_1030201383","Teacher07","Admin","obec68zone1@obec.org","iPad (A16) (Wi-Fi + Cellular 128 GB Silver)","26.3.0","357879850621547","AC:82:F0:AC:03:05","6/8/2026 8:52:19 AM","TC; All; สพม.นครราชสีมา; TC_จักราชวิทยา; จักราชวิทยา","รร.จักราชวิทยา"
"LVY7VX7J5W","SC445","จักราชวิทยา_SC445","จักราชวิทยา_SC445_LVY7VX7J5W","Student_89_1030201383","Student89","Admin","obec68zone1@obec.org","iPad (A16) (Wi-Fi + Cellular 128 GB Silver)","26.5.0","357879850995099","AC:82:F0:AB:31:03","6/8/2026 8:51:17 AM","SC; All; สพม.นครราชสีมา; จักราชวิทยา; SC_จักราชวิทยา","รร.จักราชวิทยา"
"FHT7GJ6WTQ","SC532","จักราชวิทยา_SC532","จักราชวิทยา_SC532_FHT7GJ6WTQ","Student_107_1030201383","Student107","Admin","obec68zone1@obec.org","iPad (A16) (Wi-Fi + Cellular 128 GB Silver)","26.5.0","357879850990520","AC:82:F0:AA:21:C3","6/8/2026 8:51:10 AM","SC; All; สพม.นครราชสีมา; จักราชวิทยา; SC_จักราชวิทยา","รร.จักราชวิทยา"
"HNVMYWYRLH","SC232","จักราชวิทยา_SC232","จักราชวิทยา_SC232_HNVMYWYRLH","Student_47_1030201383","Student47","Admin","obec68zone1@obec.org","iPad (A16) (Wi-Fi + Cellular 128 GB Silver)","26.1.0","35 787985 064704 7","AC:82:F0:A8:05:DD","6/8/2026 8:48:47 AM","SC; All; สพม.นครราชสีมา; จักราชวิทยา; SC_จักราชวิทยา","รร.จักราชวิทยา"
"L07M2XVKDG","SC114","จักราชวิทยา_SC114","จักราชวิทยา_SC114_L07M2XVKDG","Student_23_1030201383","Student23","Admin","obec68zone1@obec.org","iPad (A16) (Wi-Fi + Cellular 128 GB Silver)","26.1.0","357585650388571","AC:82:F0:A5:B8:49","6/8/2026 8:47:55 AM","SC; All; สพม.นครราชสีมา; จักราชวิทยา; SC_จักราชวิทยา","รร.จักราชวิทยา"
"M0XL19H6MR","SC659","จักราชวิทยา_SC659","จักราชวิทยา_SC659_M0XL19H6MR","Student_132_1030201383","Student132","Admin","obec68zone1@obec.org","iPad (A16) (Wi-Fi + Cellular 128 GB Silver)","26.5.0","357879850347275","AC:82:F0:AD:93:C8","6/8/2026 8:46:21 AM","SC; All; สพม.นครราชสีมา; จักราชวิทยา; SC_จักราชวิทยา","รร.จักราชวิทยา"
"JYKH69WJHQ","SC494","จักราชวิทยา_SC494","จักราชวิทยา_SC494_JYKH69WJHQ","Student_99_1030201383","Student99","Admin","obec68zone1@obec.org","iPad (A16) (Wi-Fi + Cellular 128 GB Silver)","26.3.1 (a)","357879850390739","AC:82:F0:A2:11:23","6/8/2026 8:46:19 AM","SC; All; สพม.นครราชสีมา; จักราชวิทยา; SC_จักราชวิทยา","รร.จักราชวิทยา"
"CYYQW9TQN7","SC1055","จักราชวิทยา_SC1055","จักราชวิทยา_SC1055_CYYQW9TQN7","Student_211_1030201383","Student211","Admin","obec68zone1@obec.org","iPad (A16) (Wi-Fi + Cellular 128 GB Silver)","26.5.0","357879850049285","AC:82:F0:AD:E6:84","6/8/2026 8:41:23 AM","SC; All; สพม.นครราชสีมา; จักราชวิทยา; SC_จักราชวิทยา","รร.จักราชวิทยา"
"CVYVJ2FMQP","SC936","จักราชวิทยา_SC936","จักราชวิทยา_SC936_CVYVJ2FMQP","Student_188_1030201383","Student188","Admin","obec68zone1@obec.org","iPad (A16) (Wi-Fi + Cellular 128 GB Silver)","26.5.0","357879850534401","AC:82:F0:A0:D6:11","6/8/2026 8:41:21 AM","SC; All; สพม.นครราชสีมา; จักราชวิทยา; SC_จักราชวิทยา","รร.จักราชวิทยา"
"JVKVXX9RT7","SC616","จักราชวิทยา_SC616","จักราชวิทยา_SC616_JVKVXX9RT7","Student_124_1030201383","Student124","Admin","obec68zone1@obec.org","iPad (A16) (Wi-Fi + Cellular 128 GB Silver)","26.4.2","357879850799780","AC:82:F0:9D:E0:E0","6/8/2026 8:41:20 AM","SC; All; สพม.นครราชสีมา; จักราชวิทยา; SC_จักราชวิทยา","รร.จักราชวิทยา"
"KWKXV6K2MG","SC610","จักราชวิทยา_SC610","จักราชวิทยา_SC610_KWKXV6K2MG","Student_122_1030201383","Student122","Admin","obec68zone1@obec.org","iPad (A16) (Wi-Fi + Cellular 128 GB Silver)","26.5.0","357879850482577","AC:82:F0:AD:72:D8","6/8/2026 8:41:18 AM","SC; All; สพม.นครราชสีมา; จักราชวิทยา; SC_จักราชวิทยา","รร.จักราชวิทยา"
"MQ2MGXQQJQ","TC06","จักราชวิทยา_TC06","จักราชวิทยา_TC06_MQ2MGXQQJQ","Teacher_02_1030201383","Teacher02","Admin","obec68zone1@obec.org","iPad (A16) (Wi-Fi + Cellular 128 GB Silver)","26.2.0","357879850829629","AC:82:F0:AB:33:F1","6/8/2026 8:39:50 AM","TC; All; สพม.นครราชสีมา; TC_จักราชวิทยา; จักราชวิทยา","รร.จักราชวิทยา"
"GMVHGWYLVQ","SC352","จักราชวิทยา_SC352","จักราชวิทยา_SC352_GMVHGWYLVQ","Student_71_1030201383","Student71","Admin","obec68zone1@obec.org","iPad (A16) (Wi-Fi + Cellular 128 GB Silver)","26.5.0","357879850751138","AC:82:F0:9D:FC:0C","6/8/2026 8:39:31 AM","SC; All; สพม.นครราชสีมา; จักราชวิทยา; SC_จักราชวิทยา","รร.จักราชวิทยา"
"MV4GL26QTN","SC372","จักราชวิทยา_SC372","จักราชวิทยา_SC372_MV4GL26QTN","Student_75_1030201383","Student75","Admin","obec68zone1@obec.org","iPad (A16) (Wi-Fi + Cellular 128 GB Silver)","26.5.0","357879850376720","AC:82:F0:AC:3B:EC","6/8/2026 8:37:54 AM","SC; All; สพม.นครราชสีมา; จักราชวิทยา; SC_จักราชวิทยา","รร.จักราชวิทยา"
"JX7LVJLCM2","SC373","จักราชวิทยา_SC373","จักราชวิทยา_SC373_JX7LVJLCM2","Student_75_1030201383","Student75","Admin","obec68zone1@obec.org","iPad (A16) (Wi-Fi + Cellular 128 GB Silver)","26.5.0","357879850500378","AC:82:F0:A2:B2:50","6/8/2026 8:37:40 AM","SC; All; สพม.นครราชสีมา; จักราชวิทยา; SC_จักราชวิทยา","รร.จักราชวิทยา"
"LP2P04WJWL","SC763","จักราชวิทยา_SC763","จักราชวิทยา_SC763_LP2P04WJWL","Student_153_1030201383","Student153","Admin","obec68zone1@obec.org","iPad (A16) (Wi-Fi + Cellular 128 GB Silver)","26.5.0","357879850704384","AC:82:F0:AB:44:F0","6/8/2026 8:36:18 AM","SC; All; สพม.นครราชสีมา; จักราชวิทยา; SC_จักราชวิทยา","รร.จักราชวิทยา"
"C37CQPFHFX","SC800","จักราชวิทยา_SC800","จักราชวิทยา_SC800_C37CQPFHFX","Student_160_1030201383","Student160","Admin","obec68zone1@obec.org","iPad (A16) (Wi-Fi + Cellular 128 GB Silver)","26.5.0","357879850937059","AC:82:F0:9F:C8:5E","6/8/2026 8:36:18 AM","SC; All; สพม.นครราชสีมา; จักราชวิทยา; SC_จักราชวิทยา","รร.จักราชวิทยา"
"FCVJ2P52MX","SC1036","จักราชวิทยา_SC1036","จักราชวิทยา_SC1036_FCVJ2P52MX","Student_208_1030201383","Student208","Admin","obec68zone1@obec.org","iPad (A16) (Wi-Fi + Cellular 128 GB Silver)","26.5.0","357879850924032","AC:82:F0:9A:D5:D5","6/8/2026 8:36:18 AM","SC; All; สพม.นครราชสีมา; จักราชวิทยา; SC_จักราชวิทยา","รร.จักราชวิทยา"
"GRWV49Q00F","SC587","จักราชวิทยา_SC587","จักราชวิทยา_SC587_GRWV49Q00F","Student_118_1030201383","Student118","Admin","obec68zone1@obec.org","iPad (A16) (Wi-Fi + Cellular 128 GB Silver)","26.5.0","357879850696309","AC:82:F0:A1:1B:22","6/8/2026 8:34:28 AM","SC; All; สพม.นครราชสีมา; จักราชวิทยา; SC_จักราชวิทยา","รร.จักราชวิทยา"
"DJVHC070NK","SC1027","จักราชวิทยา_SC1027","จักราชวิทยา_SC1027_DJVHC070NK","Student_206_1030201383","Student206","Admin","obec68zone1@obec.org","iPad (A16) (Wi-Fi + Cellular 128 GB Silver)","26.5.0","357879850035011","AC:82:F0:A9:44:47","6/8/2026 8:34:28 AM","SC; All; สพม.นครราชสีมา; จักราชวิทยา; SC_จักราชวิทยา","รร.จักราชวิทยา"
"D7FYJXLD2L","SC59","จักราชวิทยา_SC59","จักราชวิทยา_SC59_D7FYJXLD2L","Student_12_1030201383","Student12","Admin","obec68zone1@obec.org","iPad (A16) (Wi-Fi + Cellular 128 GB Silver)","26.5.0","357585650919540","AC:82:F0:A3:39:0B","6/8/2026 8:34:16 AM","SC; All; สพม.นครราชสีมา; จักราชวิทยา; SC_จักราชวิทยา","รร.จักราชวิทยา"
"FL2WTCWM00","SC562","จักราชวิทยา_SC562","จักราชวิทยา_SC562_FL2WTCWM00","Student_113_1030201383","Student113","Admin","obec68zone1@obec.org","iPad (A16) (Wi-Fi + Cellular 128 GB Silver)","26.5.0","357879850865946","AC:82:F0:9E:08:45","6/8/2026 8:31:28 AM","SC; All; สพม.นครราชสีมา; จักราชวิทยา; SC_จักราชวิทยา","รร.จักราชวิทยา"
"M2RW4FV407","SC885","จักราชวิทยา_SC885","จักราชวิทยา_SC885_M2RW4FV407","Student_177_1030201383","Student177","Admin","obec68zone1@obec.org","iPad (A16) (Wi-Fi + Cellular 128 GB Silver)","26.1.0","357879850047743","AC:82:F0:9B:14:57","6/8/2026 8:31:23 AM","SC; All; สพม.นครราชสีมา; จักราชวิทยา; SC_จักราชวิทยา","รร.จักราชวิทยา"
"LQ6FG402NV","SC341","จักราชวิทยา_SC341","จักราชวิทยา_SC341_LQ6FG402NV","Student_69_1030201383","Student69","Admin","obec68zone1@obec.org","iPad (A16) (Wi-Fi + Cellular 128 GB Silver)","26.4.2","357879850085420","AC:82:F0:98:B5:09","6/8/2026 8:28:52 AM","SC; All; สพม.นครราชสีมา; จักราชวิทยา; SC_จักราชวิทยา","รร.จักราชวิทยา"
"CTW9XJMWP1","SC795","จักราชวิทยา_SC795","จักราชวิทยา_SC795_CTW9XJMWP1","Student_159_1030201383","Student159","Admin","obec68zone1@obec.org","iPad (A16) (Wi-Fi + Cellular 128 GB Silver)","26.5.0","357879850870615","AC:82:F0:A0:A1:D0","6/8/2026 8:27:54 AM","SC; All; สพม.นครราชสีมา; จักราชวิทยา; SC_จักราชวิทยา","รร.จักราชวิทยา"
"H9L646LN97","SC1115","จักราชวิทยา_SC1115","จักราชวิทยา_SC1115_H9L646LN97","Student_223_1030201383","Student223","Admin","obec68zone1@obec.org","iPad (A16) (Wi-Fi + Cellular 128 GB Silver)","26.5.0","357879850906518","AC:82:F0:AB:52:DE","6/8/2026 8:27:13 AM","SC; All; สพม.นครราชสีมา; จักราชวิทยา; SC_จักราชวิทยา","รร.จักราชวิทยา"
"GDXL3R9JJV","SC1032","จักราชวิทยา_SC1032","จักราชวิทยา_SC1032_GDXL3R9JJV","Student_207_1030201383","Student207","Admin","obec68zone1@obec.org","iPad (A16) (Wi-Fi + Cellular 128 GB Silver)","26.5.0","357879850528189","AC:82:F0:A9:AB:33","6/8/2026 8:26:18 AM","SC; All; สพม.นครราชสีมา; จักราชวิทยา; SC_จักราชวิทยา","รร.จักราชวิทยา"
"FQ9H75YVQQ","SC389","จักราชวิทยา_SC389","จักราชวิทยา_SC389_FQ9H75YVQQ","Student_78_1030201383","Student78","Admin","obec68zone1@obec.org","iPad (A16) (Wi-Fi + Cellular 128 GB Silver)","26.3.0","357879850797792","AC:82:F0:A0:5D:2E","6/8/2026 8:26:16 AM","SC; All; สพม.นครราชสีมา; จักราชวิทยา; SC_จักราชวิทยา","รร.จักราชวิทยา"
"C2JN9CL6R4","SC649","จักราชวิทยา_SC649","จักราชวิทยา_SC649_C2JN9CL6R4","Student_130_1030201383","Student130","Admin","obec68zone1@obec.org","iPad (A16) (Wi-Fi + Cellular 128 GB Silver)","26.5.0","357879850236411","AC:82:F0:AD:48:BC","6/8/2026 8:19:39 AM","SC; All; สพม.นครราชสีมา; จักราชวิทยา; SC_จักราชวิทยา","รร.จักราชวิทยา"
"KKWWLYWG4X","SC880","จักราชวิทยา_SC880","จักราชวิทยา_SC880_KKWWLYWG4X","Student_176_1030201383","Student176","Admin","obec68zone1@obec.org","iPad (A16) (Wi-Fi + Cellular 128 GB Silver)","26.5.0","357879850749033","AC:82:F0:A7:09:02","6/8/2026 8:16:16 AM","SC; All; สพม.นครราชสีมา; จักราชวิทยา; SC_จักราชวิทยา","รร.จักราชวิทยา"
"J4Y94W90Y0","SC435","จักราชวิทยา_SC435","จักราชวิทยา_SC435_J4Y94W90Y0","Student_87_1030201383","Student87","Admin","obec68zone1@obec.org","iPad (A16) (Wi-Fi + Cellular 128 GB Silver)","26.5.0","357879850607736","AC:82:F0:9B:A6:B8","6/8/2026 8:16:12 AM","SC; All; สพม.นครราชสีมา; จักราชวิทยา; SC_จักราชวิทยา","รร.จักราชวิทยา"
"KX4TQR7NQH","TC106","จักราชวิทยา_TC106","จักราชวิทยา_TC106_KX4TQR7NQH","Teacher_22_1030201383","Teacher22","Admin","obec68zone1@obec.org","iPad (A16) (Wi-Fi + Cellular 128 GB Silver)","26.2.0","357879850901253","AC:82:F0:A3:15:02","6/8/2026 8:16:02 AM","TC; All; สพม.นครราชสีมา; TC_จักราชวิทยา; จักราชวิทยา","รร.จักราชวิทยา"
"CXH9W27VQQ","SC290","จักราชวิทยา_SC290","จักราชวิทยา_SC290_CXH9W27VQQ","Student_58_1030201383","Student58","Admin","obec68zone1@obec.org","iPad (A16) (Wi-Fi + Cellular 128 GB Silver)","26.5.0","357879850273919","AC:82:F0:A9:2F:AD","6/8/2026 8:11:15 AM","SC; All; สพม.นครราชสีมา; จักราชวิทยา; SC_จักราชวิทยา","รร.จักราชวิทยา"
"L0J6D7C4CX","SC409","จักราชวิทยา_SC409","จักราชวิทยา_SC409_L0J6D7C4CX","Student_82_1030201383","Student82","Admin","obec68zone1@obec.org","iPad (A16) (Wi-Fi + Cellular 128 GB Silver)","26.5.0","357879850840774","AC:82:F0:AD:B7:7E","6/8/2026 8:11:13 AM","SC; All; สพม.นครราชสีมา; จักราชวิทยา; SC_จักราชวิทยา","รร.จักราชวิทยา"
"L9MPPFXCFH","SC835","จักราชวิทยา_SC835","จักราชวิทยา_SC835_L9MPPFXCFH","Student_167_1030201383","Student167","Admin","obec68zone1@obec.org","iPad (A16) (Wi-Fi + Cellular 128 GB Silver)","26.5.0","357879850386141","AC:82:F0:A1:09:A4","6/8/2026 8:02:59 AM","SC; All; สพม.นครราชสีมา; จักราชวิทยา; SC_จักราชวิทยา","รร.จักราชวิทยา"
"DF3YY2YG5C","SC666","จักราชวิทยา_SC666","จักราชวิทยา_SC666_DF3YY2YG5C","Student_134_1030201383","Student134","Admin","obec68zone1@obec.org","iPad (A16) (Wi-Fi + Cellular 128 GB Silver)","26.1.0","357879850997400","AC:82:F0:9E:C3:51","6/8/2026 8:02:57 AM","SC; All; สพม.นครราชสีมา; จักราชวิทยา; SC_จักราชวิทยา","รร.จักราชวิทยา"
"H3DY2C7QC9","TC53","จักราชวิทยา_TC53","จักราชวิทยา_TC53_H3DY2C7QC9","Teacher_11_1030201383","Teacher11","Admin","obec68zone1@obec.org","iPad (A16) (Wi-Fi + Cellular 128 GB Silver)","26.1.0","357879850167152","AC:82:F0:9D:74:01","6/8/2026 7:48:08 AM","TC; All; สพม.นครราชสีมา; TC_จักราชวิทยา; จักราชวิทยา","รร.จักราชวิทยา"
"LWT7LN2XJH","SC360","จักราชวิทยา_SC360","จักราชวิทยา_SC360_LWT7LN2XJH","Student_72_1030201383","Student72","Admin","obec68zone1@obec.org","iPad (A16) (Wi-Fi + Cellular 128 GB Silver)","26.1.0","357879850356961","AC:82:F0:A3:E6:68","6/8/2026 7:38:26 AM","SC; All; สพม.นครราชสีมา; จักราชวิทยา; SC_จักราชวิทยา","รร.จักราชวิทยา"
"FXXK6GG4HH","SC17","จักราชวิทยา_SC17","จักราชวิทยา_SC17_FXXK6GG4HH","Student_04_1030201383","Student04","Admin","obec68zone1@obec.org","iPad (A16) (Wi-Fi + Cellular 128 GB Silver)","26.1.0","357585650125833","AC:82:F0:9B:A5:1B","6/8/2026 7:15:10 AM","SC; All; สพม.นครราชสีมา; จักราชวิทยา; SC_จักราชวิทยา","รร.จักราชวิทยา"
"HXNMYCVQNH","SC98","จักราชวิทยา_SC98","จักราชวิทยา_SC98_HXNMYCVQNH","Student_20_1030201383","Student20","Admin","obec68zone1@obec.org","iPad (A16) (Wi-Fi + Cellular 128 GB Silver)","26.1.0","35 758565 019074 6","AC:82:F0:AE:54:27","6/8/2026 7:05:15 AM","SC; All; สพม.นครราชสีมา; จักราชวิทยา; SC_จักราชวิทยา","รร.จักราชวิทยา"
"HQ7K4QN3TQ","SC292","จักราชวิทยา_SC292","จักราชวิทยา_SC292_HQ7K4QN3TQ","Student_59_1030201383","Student59","Admin","obec68zone1@obec.org","iPad (A16) (Wi-Fi + Cellular 128 GB Silver)","26.1.0","357879850177235","AC:82:F0:9F:6F:1C","6/8/2026 7:01:14 AM","SC; All; สพม.นครราชสีมา; จักราชวิทยา; SC_จักราชวิทยา","รร.จักราชวิทยา"
"M1VYXQ5F02","SC1091","จักราชวิทยา_SC1091","จักราชวิทยา_SC1091_M1VYXQ5F02","Student_219_1030201383","Student219","Admin","obec68zone1@obec.org","iPad (A16) (Wi-Fi + Cellular 128 GB Silver)","26.5.0","357879850906047","AC:82:F0:A1:EC:C8","6/8/2026 6:56:21 AM","SC; All; สพม.นครราชสีมา; จักราชวิทยา; SC_จักราชวิทยา","รร.จักราชวิทยา"
"KDCX9MD3WM","SC71","จักราชวิทยา_SC71","จักราชวิทยา_SC71_KDCX9MD3WM","Student_15_1030201383","Student15","Admin","obec68zone1@obec.org","iPad (A16) (Wi-Fi + Cellular 128 GB Silver)","26.5.0","357585650325003","AC:82:F0:A2:B6:A7","6/8/2026 6:51:13 AM","SC; All; สพม.นครราชสีมา; จักราชวิทยา; SC_จักราชวิทยา","รร.จักราชวิทยา"
"G2RV9JPXFQ","SC392","จักราชวิทยา_SC392","จักราชวิทยา_SC392_G2RV9JPXFQ","Student_79_1030201383","Student79","Admin","obec68zone1@obec.org","iPad (A16) (Wi-Fi + Cellular 128 GB Silver)","26.5.0","357879850866944","AC:82:F0:A3:8D:BC","6/8/2026 6:20:27 AM","SC; All; สพม.นครราชสีมา; จักราชวิทยา; SC_จักราชวิทยา","รร.จักราชวิทยา"
"FW2G65QJ6Y","SC930","จักราชวิทยา_SC930","จักราชวิทยา_SC930_FW2G65QJ6Y","Student_186_1030201383","Student186","Admin","obec68zone1@obec.org","iPad (A16) (Wi-Fi + Cellular 128 GB Silver)","26.5.0","357879850185329","AC:82:F0:A2:75:C6","6/8/2026 6:11:20 AM","SC; All; สพม.นครราชสีมา; จักราชวิทยา; SC_จักราชวิทยา","รร.จักราชวิทยา"
"F4JFJXPK7Q","SC486","จักราชวิทยา_SC486","จักราชวิทยา_SC486_F4JFJXPK7Q","Student_98_1030201383","Student98","Admin","obec68zone1@obec.org","iPad (A16) (Wi-Fi + Cellular 128 GB Silver)","26.1.0","357879850729621","AC:82:F0:AD:69:DD","6/8/2026 6:05:15 AM","SC; All; สพม.นครราชสีมา; จักราชวิทยา; SC_จักราชวิทยา","รร.จักราชวิทยา"
"M12K40J411","SC1060","จักราชวิทยา_SC1060","จักราชวิทยา_SC1060_M12K40J411","Student_212_1030201383","Student212","Admin","obec68zone1@obec.org","iPad (A16) (Wi-Fi + Cellular 128 GB Silver)","26.5.0","357879850030715","AC:82:F0:9C:C2:C8","6/8/2026 5:01:22 AM","SC; All; สพม.นครราชสีมา; จักราชวิทยา; SC_จักราชวิทยา","รร.จักราชวิทยา"
"GH6WC2G6KC","SC680","จักราชวิทยา_SC680","จักราชวิทยา_SC680_GH6WC2G6KC","Student_136_1030201383","Student136","Admin","obec68zone1@obec.org","iPad (A16) (Wi-Fi + Cellular 128 GB Silver)","26.5.0","357879850966769","AC:82:F0:A1:BF:D5","6/8/2026 4:21:21 AM","SC; All; สพม.นครราชสีมา; จักราชวิทยา; SC_จักราชวิทยา","รร.จักราชวิทยา"
"KMGF43Y7GX","SC810","จักราชวิทยา_SC810","จักราชวิทยา_SC810_KMGF43Y7GX","Student_162_1030201383","Student162","Admin","obec68zone1@obec.org","iPad (A16) (Wi-Fi + Cellular 128 GB Silver)","26.5.0","357879850834983","AC:82:F0:9B:62:49","6/8/2026 4:06:18 AM","SC; All; สพม.นครราชสีมา; จักราชวิทยา; SC_จักราชวิทยา","รร.จักราชวิทยา"
"J21XH66W4N","TC119","จักราชวิทยา_TC119","จักราชวิทยา_TC119_J21XH66W4N","Teacher_24_1030201383","Teacher24","Admin","obec68zone1@obec.org","iPad (A16) (Wi-Fi + Cellular 128 GB Silver)","26.5.0","357879850283918","AC:82:F0:AA:CC:47","6/8/2026 4:00:46 AM","TC; All; สพม.นครราชสีมา; TC_จักราชวิทยา; จักราชวิทยา","รร.จักราชวิทยา"
"FY49194C66","SC468","จักราชวิทยา_SC468","จักราชวิทยา_SC468_FY49194C66","Student_94_1030201383","Student94","Admin","obec68zone1@obec.org","iPad (A16) (Wi-Fi + Cellular 128 GB Silver)","26.2.1","35 787985 024991 9","AC:82:F0:9C:50:09","6/8/2026 3:53:42 AM","SC; All; สพม.นครราชสีมา; จักราชวิทยา; SC_จักราชวิทยา","รร.จักราชวิทยา"
"HHXGFCW4YL","SC77","จักราชวิทยา_SC77","จักราชวิทยา_SC77_HHXGFCW4YL","Student_16_1030201383","Student16","Admin","obec68zone1@obec.org","iPad (A16) (Wi-Fi + Cellular 128 GB Silver)","26.5.0","357585650124331","AC:82:F0:A5:B3:75","6/8/2026 3:36:14 AM","SC; All; สพม.นครราชสีมา; จักราชวิทยา; SC_จักราชวิทยา","รร.จักราชวิทยา"
"F9M3XPM9DP","SC118","จักราชวิทยา_SC118","จักราชวิทยา_SC118_F9M3XPM9DP","Student_24_1030201383","Student24","Admin","obec68zone1@obec.org","iPad (A16) (Wi-Fi + Cellular 128 GB Silver)","26.1.0","357585650412280","AC:82:F0:A1:26:87","6/7/2026 9:53:59 PM","SC; All; สพม.นครราชสีมา; จักราชวิทยา; SC_จักราชวิทยา","รร.จักราชวิทยา"
"HKHF212T65","SC533","จักราชวิทยา_SC533","จักราชวิทยา_SC533_HKHF212T65","Student_107_1030201383","Student107","Admin","obec68zone1@obec.org","iPad (A16) (Wi-Fi + Cellular 128 GB Silver)","26.5.0","357879850926490","AC:82:F0:AC:11:D5","6/7/2026 8:35:49 PM","SC; All; สพม.นครราชสีมา; จักราชวิทยา; SC_จักราชวิทยา","รร.จักราชวิทยา"
"C12H5HK043","TC37","จักราชวิทยา_TC37","จักราชวิทยา_TC37_C12H5HK043","Teacher_08_1030201383","Teacher08","Admin","obec68zone1@obec.org","iPad (A16) (Wi-Fi + Cellular 128 GB Silver)","26.2.1","357879850921657","AC:82:F0:A2:B8:34","6/7/2026 8:30:47 PM","TC; All; สพม.นครราชสีมา; TC_จักราชวิทยา; จักราชวิทยา","รร.จักราชวิทยา"
"GY42L0YVPK","TC01","จักราชวิทยา_TC01","จักราชวิทยา_TC01_GY42L0YVPK","Teacher_01_1030201383","Teacher01","Admin","obec68zone1@obec.org","iPad (A16) (Wi-Fi + Cellular 128 GB Silver)","26.5.0","357879850418548","AC:82:F0:9C:6D:B6","6/7/2026 8:02:22 PM","TC; All; สพม.นครราชสีมา; TC_จักราชวิทยา; จักราชวิทยา","รร.จักราชวิทยา"
"MNQVV2LRP2","TC02","จักราชวิทยา_TC02","จักราชวิทยา_TC02_MNQVV2LRP2","Teacher_01_1030201383","Teacher01","Admin","obec68zone1@obec.org","iPad (A16) (Wi-Fi + Cellular 128 GB Silver)","26.2.1","357879850704822","AC:82:F0:A3:C3:67","6/7/2026 7:56:03 PM","TC; All; สพม.นครราชสีมา; TC_จักราชวิทยา; จักราชวิทยา","รร.จักราชวิทยา"
"G12MJ7T40D","SC61","จักราชวิทยา_SC61","จักราชวิทยา_SC61_G12MJ7T40D","Student_13_1030201383","Student13","Admin","obec68zone1@obec.org","iPad (A16) (Wi-Fi + Cellular 128 GB Silver)","26.1.0","357585650124257","AC:82:F0:A1:AA:9E","6/7/2026 7:34:41 PM","SC; All; สพม.นครราชสีมา; จักราชวิทยา; SC_จักราชวิทยา","รร.จักราชวิทยา"
"LM22CXT3GH","TC95","จักราชวิทยา_TC95","จักราชวิทยา_TC95_LM22CXT3GH","Teacher_19_1030201383","Teacher19","Admin","obec68zone1@obec.org","iPad (A16) (Wi-Fi + Cellular 128 GB Silver)","26.2.1","357879850967395","AC:82:F0:A0:98:5E","6/7/2026 6:26:05 PM","TC; All; สพม.นครราชสีมา; TC_จักราชวิทยา; จักราชวิทยา","รร.จักราชวิทยา"
"K6GMH79XXV","TC12","จักราชวิทยา_TC12","จักราชวิทยา_TC12_K6GMH79XXV","Teacher_03_1030201383","Teacher03","Admin","obec68zone1@obec.org","iPad (A16) (Wi-Fi + Cellular 128 GB Silver)","26.1.0","357879850914496","AC:82:F0:A7:C8:A9","6/7/2026 4:16:06 PM","TC; All; สพม.นครราชสีมา; TC_จักราชวิทยา; จักราชวิทยา","รร.จักราชวิทยา"
"C27F96PFQW","SC306","จักราชวิทยา_SC306","จักราชวิทยา_SC306_C27F96PFQW","Student_62_1030201383","Student62","Admin","obec68zone1@obec.org","iPad (A16) (Wi-Fi + Cellular 128 GB Silver)","26.1.0","357879850300084","AC:82:F0:AD:1C:42","6/7/2026 12:51:41 PM","SC; All; สพม.นครราชสีมา; จักราชวิทยา; SC_จักราชวิทยา","รร.จักราชวิทยา"
"FDWKKWVW5M","SC25","จักราชวิทยา_SC25","จักราชวิทยา_SC25_FDWKKWVW5M","Student_05_1030201383","Student05","Admin","obec68zone1@obec.org","iPad (A16) (Wi-Fi + Cellular 128 GB Silver)","26.1.0","357585650405573","AC:82:F0:A4:97:86","6/7/2026 11:16:34 AM","SC; All; สพม.นครราชสีมา; จักราชวิทยา; SC_จักราชวิทยา","รร.จักราชวิทยา"
"KHWTWQJKX2","TC17","จักราชวิทยา_TC17","จักราชวิทยา_TC17_KHWTWQJKX2","Teacher_04_1030201383","Teacher04","Admin","obec68zone1@obec.org","iPad (A16) (Wi-Fi + Cellular 128 GB Silver)","26.5.0","357879850490307","AC:82:F0:A2:18:A5","6/7/2026 9:24:25 AM","TC; All; สพม.นครราชสีมา; TC_จักราชวิทยา; จักราชวิทยา","รร.จักราชวิทยา"
"H2WFJCWJYG","SC459","จักราชวิทยา_SC459","จักราชวิทยา_SC459_H2WFJCWJYG","Student_92_1030201383","Student92","Admin","obec68zone1@obec.org","iPad (A16) (Wi-Fi + Cellular 128 GB Silver)","26.3.1 (a)","357879850150109","AC:82:F0:98:9A:AF","6/7/2026 12:56:15 AM","SC; All; สพม.นครราชสีมา; จักราชวิทยา; SC_จักราชวิทยา","รร.จักราชวิทยา"
"G0HPXPK2TV","SC961","จักราชวิทยา_SC961","จักราชวิทยา_SC961_G0HPXPK2TV","Student_193_1030201383","Student193","Admin","obec68zone1@obec.org","iPad (A16) (Wi-Fi + Cellular 128 GB Silver)","26.5.0","357879850599321","AC:82:F0:AC:70:68","6/6/2026 10:26:20 PM","SC; All; สพม.นครราชสีมา; จักราชวิทยา; SC_จักราชวิทยา","รร.จักราชวิทยา"
"JM91QV6PG3","SC305","จักราชวิทยา_SC305","จักราชวิทยา_SC305_JM91QV6PG3","Student_61_1030201383","Student61","Admin","obec68zone1@obec.org","iPad (A16) (Wi-Fi + Cellular 128 GB Silver)","26.1.0","357879850907862","AC:82:F0:99:98:D4","6/6/2026 6:11:37 PM","SC; All; สพม.นครราชสีมา; จักราชวิทยา; SC_จักราชวิทยา","รร.จักราชวิทยา"
"D0MM6QLNXQ","SC522","จักราชวิทยา_SC522","จักราชวิทยา_SC522_D0MM6QLNXQ","Student_105_1030201383","Student105","Admin","obec68zone1@obec.org","iPad (A16) (Wi-Fi + Cellular 128 GB Silver)","26.1.0","357879850095627","AC:82:F0:AE:83:37","6/6/2026 4:44:14 PM","SC; All; สพม.นครราชสีมา; จักราชวิทยา; SC_จักราชวิทยา","รร.จักราชวิทยา"
"CXH9M9F2QM","SC312","จักราชวิทยา_SC312","จักราชวิทยา_SC312_CXH9M9F2QM","Student_63_1030201383","Student63","Admin","obec68zone1@obec.org","iPad (A16) (Wi-Fi + Cellular 128 GB Silver)","26.3.1 (a)","357879850736188","AC:82:F0:9F:27:29","6/6/2026 8:36:14 AM","SC; All; สพม.นครราชสีมา; จักราชวิทยา; SC_จักราชวิทยา","รร.จักราชวิทยา"
"M9694M1YW1","SC122","จักราชวิทยา_SC122","จักราชวิทยา_SC122_M9694M1YW1","Student_25_1030201383","Student25","Admin","obec68zone1@obec.org","iPad (A16) (Wi-Fi + Cellular 128 GB Silver)","26.3.1","357585650987109","AC:82:F0:9A:56:B6","6/6/2026 5:51:16 AM","SC; All; สพม.นครราชสีมา; จักราชวิทยา; SC_จักราชวิทยา","รร.จักราชวิทยา"
"D75C36JXCP","SC1093","จักราชวิทยา_SC1093","จักราชวิทยา_SC1093_D75C36JXCP","Student_219_1030201383","Student219","Admin","obec68zone1@obec.org","iPad (A16) (Wi-Fi + Cellular 128 GB Silver)","26.1.0","357879850114352","AC:82:F0:AB:46:3B","6/5/2026 8:11:14 PM","SC; All; สพม.นครราชสีมา; จักราชวิทยา; SC_จักราชวิทยา","รร.จักราชวิทยา"
"L93CMCQ7PG","SC307","จักราชวิทยา_SC307","จักราชวิทยา_SC307_L93CMCQ7PG","Student_62_1030201383","Student62","Admin","obec68zone1@obec.org","iPad (A16) (Wi-Fi + Cellular 128 GB Silver)","26.1.0","357879850211810","AC:82:F0:A7:01:D7","6/5/2026 6:56:50 PM","SC; All; สพม.นครราชสีมา; จักราชวิทยา; SC_จักราชวิทยา","รร.จักราชวิทยา"
"H2FM2HHV9Q","SC609","จักราชวิทยา_SC609","จักราชวิทยา_SC609_H2FM2HHV9Q","Student_122_1030201383","Student122","Admin","obec68zone1@obec.org","iPad (A16) (Wi-Fi + Cellular 128 GB Silver)","26.5.0","357879850968245","AC:82:F0:A6:98:75","6/5/2026 6:21:24 PM","SC; All; สพม.นครราชสีมา; จักราชวิทยา; SC_จักราชวิทยา","รร.จักราชวิทยา"
"CY0VD4L0JL","TC14","จักราชวิทยา_TC14","จักราชวิทยา_TC14_CY0VD4L0JL","Teacher_03_1030201383","Teacher03","Admin","obec68zone1@obec.org","iPad (A16) (Wi-Fi + Cellular 128 GB Silver)","26.5.0","357879850592821","AC:82:F0:9D:6C:2D","6/5/2026 6:16:16 PM","TC; All; สพม.นครราชสีมา; TC_จักราชวิทยา; จักราชวิทยา","รร.จักราชวิทยา"
"FQGVX9VDGJ","SC422","จักราชวิทยา_SC422","จักราชวิทยา_SC422_FQGVX9VDGJ","Student_85_1030201383","Student85","Admin","obec68zone1@obec.org","iPad (A16) (Wi-Fi + Cellular 128 GB Silver)","26.1.0","357879850490828","AC:82:F0:A6:0A:14","6/5/2026 5:13:59 PM","SC; All; สพม.นครราชสีมา; จักราชวิทยา; SC_จักราชวิทยา","รร.จักราชวิทยา"
"G7D4D730H0","TC21","จักราชวิทยา_TC21","จักราชวิทยา_TC21_G7D4D730H0","Teacher_05_1030201383","Teacher05","Admin","obec68zone1@obec.org","iPad (A16) (Wi-Fi + Cellular 128 GB Silver)","26.5.0","357879850375219","AC:82:F0:A9:92:87","6/5/2026 3:01:18 PM","TC; All; สพม.นครราชสีมา; TC_จักราชวิทยา; จักราชวิทยา","รร.จักราชวิทยา"
"LW0J9MM4VP","SC152","จักราชวิทยา_SC152","จักราชวิทยา_SC152_LW0J9MM4VP","Student_31_1030201383","Student31","Admin","obec68zone1@obec.org","iPad (A16) (Wi-Fi + Cellular 128 GB Silver)","26.3.0","357585650399891","AC:82:F0:A4:51:9E","6/5/2026 1:11:19 PM","SC; All; สพม.นครราชสีมา; จักราชวิทยา; SC_จักราชวิทยา","รร.จักราชวิทยา"
"FG72T4N0W6","SC11","จักราชวิทยา_SC11","จักราชวิทยา_SC11_FG72T4N0W6","Student_03_1030201383","Student03","Admin","obec68zone1@obec.org","iPad (A16) (Wi-Fi + Cellular 128 GB Silver)","26.2.1","352302614482101","B4:59:76:01:8C:C3","6/5/2026 7:36:14 AM","SC; All; สพม.นครราชสีมา; จักราชวิทยา; SC_จักราชวิทยา","รร.จักราชวิทยา"
"L30N2HFVV3","SC766","จักราชวิทยา_SC766","จักราชวิทยา_SC766_L30N2HFVV3","Student_154_1030201383","Student154","Admin","obec68zone1@obec.org","iPad (A16) (Wi-Fi + Cellular 128 GB Silver)","26.1.0","357879850587961","AC:82:F0:9E:72:32","6/5/2026 4:31:25 AM","SC; All; สพม.นครราชสีมา; จักราชวิทยา; SC_จักราชวิทยา","รร.จักราชวิทยา"
"J6G46P79JQ","SC518","จักราชวิทยา_SC518","จักราชวิทยา_SC518_J6G46P79JQ","Student_104_1030201383","Student104","Admin","obec68zone1@obec.org","iPad (A16) (Wi-Fi + Cellular 128 GB Silver)","26.1.0","35 787985 016818 4","AC:82:F0:A4:B9:24","6/4/2026 11:07:13 PM","SC; All; สพม.นครราชสีมา; จักราชวิทยา; SC_จักราชวิทยา","รร.จักราชวิทยา"
"L2LTV176TJ","TC55","จักราชวิทยา_TC55","จักราชวิทยา_TC55_L2LTV176TJ","Teacher_11_1030201383","Teacher11","Admin","obec68zone1@obec.org","iPad (A16) (Wi-Fi + Cellular 128 GB Silver)","26.5.0","357879850847753","AC:82:F0:AC:64:CF","6/4/2026 7:51:16 PM","TC; All; สพม.นครราชสีมา; TC_จักราชวิทยา; จักราชวิทยา","รร.จักราชวิทยา"
"G9WXK03Q3P","SC289","จักราชวิทยา_SC289","จักราชวิทยา_SC289_G9WXK03Q3P","Student_58_1030201383","Student58","Admin","obec68zone1@obec.org","iPad (A16) (Wi-Fi + Cellular 128 GB Silver)","26.2.1","357879850587797","AC:82:F0:9F:6E:86","6/4/2026 5:09:27 PM","SC; All; สพม.นครราชสีมา; จักราชวิทยา; SC_จักราชวิทยา","รร.จักราชวิทยา"
"KX4LW17646","SC288","จักราชวิทยา_SC288","จักราชวิทยา_SC288_KX4LW17646","Student_58_1030201383","Student58","Admin","obec68zone1@obec.org","iPad (A16) (Wi-Fi + Cellular 128 GB Silver)","26.1.0","357879850336054","AC:82:F0:A9:9B:7F","6/4/2026 4:10:02 PM","SC; All; สพม.นครราชสีมา; จักราชวิทยา; SC_จักราชวิทยา","รร.จักราชวิทยา"
"KFKVTDQ3GX","SC765","จักราชวิทยา_SC765","จักราชวิทยา_SC765_KFKVTDQ3GX","Student_153_1030201383","Student153","Admin","obec68zone1@obec.org","iPad (A16) (Wi-Fi + Cellular 128 GB Silver)","26.1.0","357879850638756","AC:82:F0:A6:ED:32","6/4/2026 3:31:45 PM","SC; All; สพม.นครราชสีมา; จักราชวิทยา; SC_จักราชวิทยา","รร.จักราชวิทยา"
"CKFF7MTGQ9","SC750","จักราชวิทยา_SC750","จักราชวิทยา_SC750_CKFF7MTGQ9","Student_150_1030201383","Student150","Admin","obec68zone1@obec.org","iPad (A16) (Wi-Fi + Cellular 128 GB Silver)","26.1.0","35 787985 095783 4","AC:82:F0:AA:47:07","6/4/2026 9:38:14 AM","SC; All; สพม.นครราชสีมา; จักราชวิทยา; SC_จักราชวิทยา","รร.จักราชวิทยา"
"L56PGF65X9","TC31","จักราชวิทยา_TC31","จักราชวิทยา_TC31_L56PGF65X9","Teacher_07_1030201383","Teacher07","Admin","obec68zone1@obec.org","iPad (A16) (Wi-Fi + Cellular 128 GB Silver)","26.2.1","357879850793239","AC:82:F0:A6:41:73","6/4/2026 7:46:18 AM","TC; All; สพม.นครราชสีมา; TC_จักราชวิทยา; จักราชวิทยา","รร.จักราชวิทยา"
"HYT6G02DX6","SC395","จักราชวิทยา_SC395","จักราชวิทยา_SC395_HYT6G02DX6","Student_79_1030201383","Student79","Admin","obec68zone1@obec.org","iPad (A16) (Wi-Fi + Cellular 128 GB Silver)","26.1.0","357879850628682","AC:82:F0:9B:E7:3B","6/4/2026 7:24:26 AM","SC; All; สพม.นครราชสีมา; จักราชวิทยา; SC_จักราชวิทยา","รร.จักราชวิทยา"
"K4G2PXN9PC","SC740","จักราชวิทยา_SC740","จักราชวิทยา_SC740_K4G2PXN9PC","Student_148_1030201383","Student148","Admin","obec68zone1@obec.org","iPad (A16) (Wi-Fi + Cellular 128 GB Silver)","26.5.0","357879850307295","AC:82:F0:AD:21:AC","6/2/2026 10:41:28 PM","SC; All; สพม.นครราชสีมา; จักราชวิทยา; SC_จักราชวิทยา","รร.จักราชวิทยา"
"GWPL49KR2N","SC35","จักราชวิทยา_SC35","จักราชวิทยา_SC35_GWPL49KR2N","Student_07_1030201383","Student07","Admin","obec68zone1@obec.org","iPad (A16) (Wi-Fi + Cellular 128 GB Silver)","26.4.2","357585650838427","AC:82:F0:A2:B5:42","6/2/2026 7:06:17 PM","SC; All; สพม.นครราชสีมา; จักราชวิทยา; SC_จักราชวิทยา","รร.จักราชวิทยา"
"C7QW96JP21","SC608","จักราชวิทยา_SC608","จักราชวิทยา_SC608_C7QW96JP21","Student_122_1030201383","Student122","Admin","obec68zone1@obec.org","iPad (A16) (Wi-Fi + Cellular 128 GB Silver)","26.3.1 (a)","357879850873940","AC:82:F0:A8:3F:EB","6/2/2026 4:05:43 PM","SC; All; สพม.นครราชสีมา; จักราชวิทยา; SC_จักราชวิทยา","รร.จักราชวิทยา"
"F6HT0C24PH","TC41","จักราชวิทยา_TC41","จักราชวิทยา_TC41_F6HT0C24PH","Teacher_09_1030201383","Teacher09","Admin","obec68zone1@obec.org","iPad (A16) (Wi-Fi + Cellular 128 GB Silver)","26.2.1","357879850613502","AC:82:F0:A6:40:63","6/2/2026 9:03:37 AM","TC; All; สพม.นครราชสีมา; TC_จักราชวิทยา; จักราชวิทยา","รร.จักราชวิทยา"
"D9HN2XYK66","TC54","จักราชวิทยา_TC54","จักราชวิทยา_TC54_D9HN2XYK66","Teacher_11_1030201383","Teacher11","Admin","obec68zone1@obec.org","iPad (A16) (Wi-Fi + Cellular 128 GB Silver)","26.1.0","35 787985 080627 0","AC:82:F0:A6:D9:C8","6/1/2026 2:00:15 PM","TC; All; สพม.นครราชสีมา; TC_จักราชวิทยา; จักราชวิทยา","รร.จักราชวิทยา"
"FX0K0VMWV3","SC663","จักราชวิทยา_SC663","จักราชวิทยา_SC663_FX0K0VMWV3","Student_133_1030201383","Student133","Admin","obec68zone1@obec.org","iPad (A16) (Wi-Fi + Cellular 128 GB Silver)","26.1.0","357879850013646","AC:82:F0:A3:85:99","5/30/2026 1:40:07 PM","SC; All; สพม.นครราชสีมา; จักราชวิทยา; SC_จักราชวิทยา","รร.จักราชวิทยา"
"MJ60XMT7NT","SC182","จักราชวิทยา_SC182","จักราชวิทยา_SC182_MJ60XMT7NT","Student_37_1030201383","Student37","Admin","obec68zone1@obec.org","iPad (A16) (Wi-Fi + Cellular 128 GB Silver)","26.3.1 (a)","357879850223864","AC:82:F0:A6:66:13","5/30/2026 12:46:30 AM","SC; All; สพม.นครราชสีมา; จักราชวิทยา; SC_จักราชวิทยา","รร.จักราชวิทยา"
"LVFT2YWVNM","TC67","จักราชวิทยา_TC67","จักราชวิทยา_TC67_LVFT2YWVNM","Teacher_14_1030201383","Teacher14","Admin","obec68zone1@obec.org","iPad (A16) (Wi-Fi + Cellular 128 GB Silver)","26.1.0","357879850485935","AC:82:F0:AE:69:2B","5/28/2026 6:26:31 AM","TC; All; สพม.นครราชสีมา; TC_จักราชวิทยา; จักราชวิทยา","รร.จักราชวิทยา"
"JVPQDM9HQF","TC108","จักราชวิทยา_TC108","จักราชวิทยา_TC108_JVPQDM9HQF","Teacher_22_1030201383","Teacher22","Admin","obec68zone1@obec.org","iPad (A16) (Wi-Fi + Cellular 128 GB Silver)","26.3.1 (a)","357879850273208","AC:82:F0:A7:6D:50","5/27/2026 4:45:07 PM","TC; All; สพม.นครราชสีมา; TC_จักราชวิทยา; จักราชวิทยา","รร.จักราชวิทยา"
"FHNW77HH40","SC381","จักราชวิทยา_SC381","จักราชวิทยา_SC381_FHNW77HH40","Student_77_1030201383","Student77","Admin","obec68zone1@obec.org","iPad (A16) (Wi-Fi + Cellular 128 GB Silver)","26.1.0","357879850951787","AC:82:F0:9A:C4:27","5/26/2026 4:01:43 PM","SC; All; สพม.นครราชสีมา; จักราชวิทยา; SC_จักราชวิทยา","รร.จักราชวิทยา"
"JGT4NM2P3J","TC56","จักราชวิทยา_TC56","จักราชวิทยา_TC56_JGT4NM2P3J","Teacher_12_1030201383","Teacher12","Admin","obec68zone1@obec.org","iPad (A16) (Wi-Fi + Cellular 128 GB Silver)","26.4.2","357879850742392","AC:82:F0:99:7F:9F","5/25/2026 4:36:12 AM","TC; All; สพม.นครราชสีมา; TC_จักราชวิทยา; จักราชวิทยา","รร.จักราชวิทยา"
"DJLF6V0TDQ","SC303","จักราชวิทยา_SC303","จักราชวิทยา_SC303_DJLF6V0TDQ","Student_61_1030201383","Student61","Admin","obec68zone1@obec.org","iPad (A16) (Wi-Fi + Cellular 128 GB Silver)","26.4.2","357879850354578","AC:82:F0:A5:32:8D","5/23/2026 10:16:20 AM","SC; All; สพม.นครราชสีมา; จักราชวิทยา; SC_จักราชวิทยา","รร.จักราชวิทยา"
"LQQP7VKCW7","TC03","จักราชวิทยา_TC03","จักราชวิทยา_TC03_LQQP7VKCW7","Teacher_01_1030201383","Teacher01","Admin","obec68zone1@obec.org","iPad (A16) (Wi-Fi + Cellular 128 GB Silver)","26.1.0","357879850800893","AC:82:F0:AC:51:A9","5/23/2026 7:31:16 AM","TC; All; สพม.นครราชสีมา; TC_จักราชวิทยา; จักราชวิทยา","รร.จักราชวิทยา"
"J3WP3J7V34","SC734","จักราชวิทยา_SC734","จักราชวิทยา_SC734_J3WP3J7V34","Student_147_1030201383","Student147","Admin","obec68zone1@obec.org","iPad (A16) (Wi-Fi + Cellular 128 GB Silver)","26.1.0","357879850237351","AC:82:F0:A8:25:37","5/22/2026 6:51:19 AM","SC; All; สพม.นครราชสีมา; จักราชวิทยา; SC_จักราชวิทยา","รร.จักราชวิทยา"
"CK6LHH5HJN","TC80","จักราชวิทยา_TC80","จักราชวิทยา_TC80_CK6LHH5HJN","Teacher_16_1030201383","Teacher16","Admin","obec68zone1@obec.org","iPad (A16) (Wi-Fi + Cellular 128 GB Silver)","26.1.0","357879850349677","AC:82:F0:AE:60:21","5/21/2026 10:16:09 PM","TC; All; สพม.นครราชสีมา; TC_จักราชวิทยา; จักราชวิทยา","รร.จักราชวิทยา"
"CGXM6W642K","TC15","จักราชวิทยา_TC15","จักราชวิทยา_TC15_CGXM6W642K","Teacher_03_1030201383","Teacher03","Admin","obec68zone1@obec.org","iPad (A16) (Wi-Fi + Cellular 128 GB Silver)","26.4.2","357879850074168","AC:82:F0:AB:3D:79","5/21/2026 12:21:09 PM","TC; All; สพม.นครราชสีมา; TC_จักราชวิทยา; จักราชวิทยา","รร.จักราชวิทยา"
"HN4752QL2J","SC601","จักราชวิทยา_SC601","จักราชวิทยา_SC601_HN4752QL2J","Student_121_1030201383","Student121","Admin","obec68zone1@obec.org","iPad (A16) (Wi-Fi + Cellular 128 GB Silver)","26.1.0","357879850073608","AC:82:F0:A0:F3:DF","5/20/2026 4:32:02 PM","SC; All; สพม.นครราชสีมา; จักราชวิทยา; SC_จักราชวิทยา","รร.จักราชวิทยา"
"M44RN6X5WW","SC724","จักราชวิทยา_SC724","จักราชวิทยา_SC724_M44RN6X5WW","Student_145_1030201383","Student145","Admin","obec68zone1@obec.org","iPad (A16) (Wi-Fi + Cellular 128 GB Silver)","26.1.0","357879850712106","AC:82:F0:A4:80:E3","5/19/2026 8:07:31 PM","SC; All; สพม.นครราชสีมา; จักราชวิทยา; SC_จักราชวิทยา","รร.จักราชวิทยา"
"MNPC2RKX4Y","TC10","จักราชวิทยา_TC10","จักราชวิทยา_TC10_MNPC2RKX4Y","Teacher_02_1030201383","Teacher02","Admin","obec68zone1@obec.org","iPad (A16) (Wi-Fi + Cellular 128 GB Silver)","26.1.0","357879850128667","AC:82:F0:9C:C2:38","5/18/2026 6:04:46 AM","TC; All; สพม.นครราชสีมา; TC_จักราชวิทยา; จักราชวิทยา","รร.จักราชวิทยา"
"L4VDQY57HP","SC217","จักราชวิทยา_SC217","จักราชวิทยา_SC217_L4VDQY57HP","Student_44_1030201383","Student44","Admin","obec68zone1@obec.org","iPad (A16) (Wi-Fi + Cellular 128 GB Silver)","26.3.1 (a)","357879850121951","AC:82:F0:A9:82:3E","5/17/2026 12:31:06 AM","SC; All; สพม.นครราชสีมา; จักราชวิทยา; SC_จักราชวิทยา","รร.จักราชวิทยา"
"H7WWFWJDYT","SC730","จักราชวิทยา_SC730","จักราชวิทยา_SC730_H7WWFWJDYT","Student_146_1030201383","Student146","Admin","obec68zone1@obec.org","iPad (A16) (Wi-Fi + Cellular 128 GB Silver)","26.3.0","357879850971504","AC:82:F0:AA:77:16","5/16/2026 12:11:02 PM","SC; All; สพม.นครราชสีมา; จักราชวิทยา; SC_จักราชวิทยา","รร.จักราชวิทยา"
"F7G3W9RWNW","TC05","จักราชวิทยา_TC05","จักราชวิทยา_TC05_F7G3W9RWNW","Teacher_01_1030201383","Teacher01","Admin","obec68zone1@obec.org","iPad (A16) (Wi-Fi + Cellular 128 GB Silver)","26.1.0","357879850096443","AC:82:F0:A7:7A:3D","5/15/2026 1:05:53 PM","TC; All; สพม.นครราชสีมา; TC_จักราชวิทยา; จักราชวิทยา","รร.จักราชวิทยา"
"LXLVMJ97WG","SC277","จักราชวิทยา_SC277","จักราชวิทยา_SC277_LXLVMJ97WG","","","","","iPad (A16) (Wi-Fi + Cellular 128 GB Silver)","26.4.2","357879850500329","AC:82:F0:98:DC:01","5/15/2026 10:43:59 AM","","รร.จักราชวิทยา"
"F9KN12RHC4","TC30","จักราชวิทยา_TC30","จักราชวิทยา_TC30_F9KN12RHC4","Teacher_06_1030201383","Teacher06","Admin","obec68zone1@obec.org","iPad (A16) (Wi-Fi + Cellular 128 GB Silver)","26.1.0","357879850427960","AC:82:F0:A1:F0:30","5/15/2026 7:18:08 AM","TC; All; สพม.นครราชสีมา; TC_จักราชวิทยา; จักราชวิทยา","รร.จักราชวิทยา"
"MF7W6TXFVT","SC296","จักราชวิทยา_SC296","จักราชวิทยา_SC296_MF7W6TXFVT","","","","","iPad (A16) (Wi-Fi + Cellular 128 GB Silver)","26.1.0","357879850659547","AC:82:F0:A7:61:14","5/14/2026 9:50:29 AM","","รร.จักราชวิทยา"
"G7NP7XJX7Q","SC301","จักราชวิทยา_SC301","จักราชวิทยา_SC301_G7NP7XJX7Q","Student_61_1030201383","Student61","Admin","obec68zone1@obec.org","iPad (A16) (Wi-Fi + Cellular 128 GB Silver)","26.4.2","357879850045382","AC:82:F0:A3:9C:B1","5/12/2026 2:31:04 PM","SC; All; สพม.นครราชสีมา; จักราชวิทยา; SC_จักราชวิทยา","รร.จักราชวิทยา"
"FD2YWN7K6W","SC711","จักราชวิทยา_SC711","จักราชวิทยา_SC711_FD2YWN7K6W","","","","","iPad (A16) (Wi-Fi + Cellular 128 GB Silver)","26.2.1","357879850638384","AC:82:F0:9B:6D:4E","5/12/2026 2:29:22 PM","","รร.จักราชวิทยา"
"D9627FWWY6","SC214","จักราชวิทยา_SC214","จักราชวิทยา_SC214_D9627FWWY6","","","","","iPad (A16) (Wi-Fi + Cellular 128 GB Silver)","26.1.0","357585650227688","AC:82:F0:A3:A4:C3","5/11/2026 2:13:10 PM","","รร.จักราชวิทยา"
"FW43HH26K9","SC682","จักราชวิทยา_SC682","จักราชวิทยา_SC682_FW43HH26K9","","","","","iPad (A16) (Wi-Fi + Cellular 128 GB Silver)","26.3.0","357879850886876","AC:82:F0:A1:6F:76","5/11/2026 2:11:10 PM","","รร.จักราชวิทยา"
"DFW3RY3V20","SC320","จักราชวิทยา_SC320","จักราชวิทยา_SC320_DFW3RY3V20","","","","","iPad (A16) (Wi-Fi + Cellular 128 GB Silver)","26.2.1","357879850571650","AC:82:F0:98:DE:01","5/11/2026 9:00:41 AM","","รร.จักราชวิทยา"
"F6YMW2DJ1K","SC20","จักราชวิทยา_SC20","จักราชวิทยา_SC20_F6YMW2DJ1K","Student_04_1030201383","Student04","Admin","obec68zone1@obec.org","iPad (A16) (Wi-Fi + Cellular 128 GB Silver)","26.1.0","357585650578478","AC:82:F0:A4:1B:47","5/10/2026 5:46:01 AM","SC; All; สพม.นครราชสีมา; จักราชวิทยา; SC_จักราชวิทยา","รร.จักราชวิทยา"
"DWRY120N4F","TC61","จักราชวิทยา_TC61","จักราชวิทยา_TC61_DWRY120N4F","Teacher_13_1030201383","Teacher13","Admin","obec68zone1@obec.org","iPad (A16) (Wi-Fi + Cellular 128 GB Silver)","26.3.1","357879850083599","AC:82:F0:9F:E6:59","5/7/2026 3:18:06 PM","TC; All; สพม.นครราชสีมา; TC_จักราชวิทยา; จักราชวิทยา","รร.จักราชวิทยา"
"JW9JHG7K2P","TC60","จักราชวิทยา_TC60","จักราชวิทยา_TC60_JW9JHG7K2P","Teacher_12_1030201383","Teacher12","Admin","obec68zone1@obec.org","iPad (A16) (Wi-Fi + Cellular 128 GB Silver)","26.1.0","357879850546330","AC:82:F0:A8:68:BA","5/7/2026 2:30:56 PM","TC; All; สพม.นครราชสีมา; TC_จักราชวิทยา; จักราชวิทยา","รร.จักราชวิทยา"
"L794GJG9VW","SC706","จักราชวิทยา_SC706","จักราชวิทยา_SC706_L794GJG9VW","Student_142_1030201383","Student142","Admin","obec68zone1@obec.org","iPad (A16) (Wi-Fi + Cellular 128 GB Silver)","26.1.0","357879850648532","AC:82:F0:AA:64:BD","5/7/2026 1:45:42 PM","SC; All; สพม.นครราชสีมา; จักราชวิทยา; SC_จักราชวิทยา","รร.จักราชวิทยา"
"LV1F0X2RK7","TC42","จักราชวิทยา_TC42","จักราชวิทยา_TC42_LV1F0X2RK7","Teacher_09_1030201383","Teacher09","Admin","obec68zone1@obec.org","iPad (A16) (Wi-Fi + Cellular 128 GB Silver)","26.1.0","357879850026275","AC:82:F0:AB:22:60","5/7/2026 1:45:32 PM","TC; All; สพม.นครราชสีมา; TC_จักราชวิทยา; จักราชวิทยา","รร.จักราชวิทยา"
"CD6LHF9F06","TC96","จักราชวิทยา_TC96","จักราชวิทยา_TC96_CD6LHF9F06","Teacher_20_1030201383","Teacher20","Admin","obec68zone1@obec.org","iPad (A16) (Wi-Fi + Cellular 128 GB Silver)","26.1.0","357879850962313","AC:82:F0:9F:89:AF","5/7/2026 1:40:32 PM","TC; All; สพม.นครราชสีมา; TC_จักราชวิทยา; จักราชวิทยา","รร.จักราชวิทยา"
"HT44X6XTG6","SC604","จักราชวิทยา_SC604","จักราชวิทยา_SC604_HT44X6XTG6","Student_121_1030201383","Student121","Admin","obec68zone1@obec.org","iPad (A16) (Wi-Fi + Cellular 128 GB Silver)","26.3.0","357879850577772","AC:82:F0:A3:5B:C6","4/10/2026 8:19:44 PM","SC; All; สพม.นครราชสีมา; จักราชวิทยา; SC_จักราชวิทยา","รร.จักราชวิทยา"
"LRH02CD6D0","SC723","จักราชวิทยา_SC723","จักราชวิทยา_SC723_LRH02CD6D0","Student_145_1030201383","Student145","Admin","obec68zone1@obec.org","iPad (A16) (Wi-Fi + Cellular 128 GB Silver)","26.1.0","357879850923018","AC:82:F0:9C:ED:CC","4/3/2026 11:11:40 AM","SC; All; สพม.นครราชสีมา; จักราชวิทยา; SC_จักราชวิทยา","รร.จักราชวิทยา"
"L43VM0XJPL","SC744","จักราชวิทยา_SC744","จักราชวิทยา_SC744_L43VM0XJPL","Student_149_1030201383","Student149","Admin","obec68zone1@obec.org","iPad (A16) (Wi-Fi + Cellular 128 GB Silver)","26.3.0","357879850494614","AC:82:F0:AD:97:50","4/3/2026 11:11:40 AM","SC; All; สพม.นครราชสีมา; จักราชวิทยา; SC_จักราชวิทยา","รร.จักราชวิทยา"
"LM4YMHX2Y2","SC720","จักราชวิทยา_SC720","จักราชวิทยา_SC720_LM4YMHX2Y2","Student_144_1030201383","Student144","Admin","obec68zone1@obec.org","iPad (A16) (Wi-Fi + Cellular 128 GB Silver)","26.3.0","357879850578804","AC:82:F0:A3:4B:C2","4/3/2026 11:11:40 AM","SC; All; สพม.นครราชสีมา; จักราชวิทยา; SC_จักราชวิทยา","รร.จักราชวิทยา"
"JNQFGM627N","SC268","จักราชวิทยา_SC268","จักราชวิทยา_SC268_JNQFGM627N","Student_54_1030201383","Student54","Admin","obec68zone1@obec.org","iPad (A16) (Wi-Fi + Cellular 128 GB Silver)","26.1.0","357879850916111","AC:82:F0:A7:52:AA","4/3/2026 11:11:38 AM","SC; All; สพม.นครราชสีมา; จักราชวิทยา; SC_จักราชวิทยา","รร.จักราชวิทยา"
"G9XXPYFYF5","SC719","จักราชวิทยา_SC719","จักราชวิทยา_SC719_G9XXPYFYF5","Student_144_1030201383","Student144","Admin","obec68zone1@obec.org","iPad (A16) (Wi-Fi + Cellular 128 GB Silver)","26.1.0","357879850718384","AC:82:F0:AC:E8:41","4/3/2026 10:56:35 AM","SC; All; สพม.นครราชสีมา; จักราชวิทยา; SC_จักราชวิทยา","รร.จักราชวิทยา"
"CX3F2QMQYV","SC737","จักราชวิทยา_SC737","จักราชวิทยา_SC737_CX3F2QMQYV","Student_148_1030201383","Student148","Admin","obec68zone1@obec.org","iPad (A16) (Wi-Fi + Cellular 128 GB Silver)","26.3.0","357879850346434","AC:82:F0:A3:43:58","4/3/2026 10:41:39 AM","SC; All; สพม.นครราชสีมา; จักราชวิทยา; SC_จักราชวิทยา","รร.จักราชวิทยา"
"H1771YYKW9","SC726","จักราชวิทยา_SC726","จักราชวิทยา_SC726_H1771YYKW9","Student_146_1030201383","Student146","Admin","obec68zone1@obec.org","iPad (A16) (Wi-Fi + Cellular 128 GB Silver)","26.1.0","357879850468204","AC:82:F0:9F:F9:3A","4/3/2026 10:41:38 AM","SC; All; สพม.นครราชสีมา; จักราชวิทยา; SC_จักราชวิทยา","รร.จักราชวิทยา"
"H2JN7T426H","SC710","จักราชวิทยา_SC710","จักราชวิทยา_SC710_H2JN7T426H","Student_142_1030201383","Student142","Admin","obec68zone1@obec.org","iPad (A16) (Wi-Fi + Cellular 128 GB Silver)","26.2.1","357879850196102","AC:82:F0:A2:D3:F0","4/3/2026 10:36:31 AM","SC; All; สพม.นครราชสีมา; จักราชวิทยา; SC_จักราชวิทยา","รร.จักราชวิทยา"
"KLJFTQVQ6M","SC595","จักราชวิทยา_SC595","จักราชวิทยา_SC595_KLJFTQVQ6M","Student_119_1030201383","Student119","Admin","obec68zone1@obec.org","iPad (A16) (Wi-Fi + Cellular 128 GB Silver)","26.3.1","357879850805892","AC:82:F0:A2:36:33","4/3/2026 9:15:19 AM","SC; All; สพม.นครราชสีมา; จักราชวิทยา; SC_จักราชวิทยา","รร.จักราชวิทยา"
"LR7F23R75R","SC722","จักราชวิทยา_SC722","จักราชวิทยา_SC722_LR7F23R75R","Student_145_1030201383","Student145","Admin","obec68zone1@obec.org","iPad (A16) (Wi-Fi + Cellular 128 GB Silver)","26.3.1","357879850366390","AC:82:F0:AA:36:F2","3/31/2026 11:51:41 PM","SC; All; สพม.นครราชสีมา; จักราชวิทยา; SC_จักราชวิทยา","รร.จักราชวิทยา"
"GY0D4WLF9X","SC135","จักราชวิทยา_SC135","จักราชวิทยา_SC135_GY0D4WLF9X","Student_27_1030201383","Student27","Admin","obec68zone1@obec.org","iPad (A16) (Wi-Fi + Cellular 128 GB Silver)","26.1.0","357879850467750","AC:82:F0:9F:1A:AF","3/30/2026 4:46:27 AM","SC; All; สพม.นครราชสีมา; จักราชวิทยา; SC_จักราชวิทยา","รร.จักราชวิทยา"
"LRCG2JGDG6","SC713","จักราชวิทยา_SC713","จักราชวิทยา_SC713_LRCG2JGDG6","Student_143_1030201383","Student143","Admin","obec68zone1@obec.org","iPad (A16) (Wi-Fi + Cellular 128 GB Silver)","26.1.0","35 787985 015563 7","AC:82:F0:A5:39:59","3/22/2026 10:38:21 PM","SC; All; สพม.นครราชสีมา; จักราชวิทยา; SC_จักราชวิทยา","รร.จักราชวิทยา"
"GYHM6FNW60","SC748","จักราชวิทยา_SC748","จักราชวิทยา_SC748_GYHM6FNW60","Student_150_1030201383","Student150","Admin","obec68zone1@obec.org","iPad (A16) (Wi-Fi + Cellular 128 GB Silver)","26.1.0","35 787985 054428 5","AC:82:F0:A1:47:FC","3/22/2026 9:43:14 PM","SC; All; สพม.นครราชสีมา; จักราชวิทยา; SC_จักราชวิทยา","รร.จักราชวิทยา"
"KJJ9GCWYXW","SC739","จักราชวิทยา_SC739","จักราชวิทยา_SC739_KJJ9GCWYXW","Student_148_1030201383","Student148","Admin","obec68zone1@obec.org","iPad (A16) (Wi-Fi + Cellular 128 GB Silver)","26.1.0","35 787985 061849 3","AC:82:F0:A9:EE:99","3/22/2026 2:33:21 AM","SC; All; สพม.นครราชสีมา; จักราชวิทยา; SC_จักราชวิทยา","รร.จักราชวิทยา"
"L3W2CPFQ47","SC738","จักราชวิทยา_SC738","จักราชวิทยา_SC738_L3W2CPFQ47","Student_148_1030201383","Student148","Admin","obec68zone1@obec.org","iPad (A16) (Wi-Fi + Cellular 128 GB Silver)","26.2.1","35 787985 071995 2","AC:82:F0:A8:2E:A5","3/21/2026 6:18:30 PM","SC; All; สพม.นครราชสีมา; จักราชวิทยา; SC_จักราชวิทยา","รร.จักราชวิทยา"
"F0CFDWYYDF","SC695","จักราชวิทยา_SC695","จักราชวิทยา_SC695_F0CFDWYYDF","Student_139_1030201383","Student139","Admin","obec68zone1@obec.org","iPad (A16) (Wi-Fi + Cellular 128 GB Silver)","26.1.0","35 787985 070797 3","AC:82:F0:AB:73:16","3/20/2026 4:18:19 PM","SC; All; สพม.นครราชสีมา; จักราชวิทยา; SC_จักราชวิทยา","รร.จักราชวิทยา"
"CVVJ62K9YH","SC90","จักราชวิทยา_SC90","จักราชวิทยา_SC90_CVVJ62K9YH","Student_18_1030201383","Student18","Admin","obec68zone1@obec.org","iPad (A16) (Wi-Fi + Cellular 128 GB Silver)","26.1.0","357585650308256","AC:82:F0:A5:33:14","3/20/2026 3:28:09 PM","SC; All; สพม.นครราชสีมา; จักราชวิทยา; SC_จักราชวิทยา","รร.จักราชวิทยา"
"CT4W6YHT4J","SC743","จักราชวิทยา_SC743","จักราชวิทยา_SC743_CT4W6YHT4J","Student_149_1030201383","Student149","Admin","obec68zone1@obec.org","iPad (A16) (Wi-Fi + Cellular 128 GB Silver)","26.1.0","35 787985 057148 6","AC:82:F0:9F:82:E5","3/18/2026 12:40:59 PM","SC; All; สพม.นครราชสีมา; จักราชวิทยา; SC_จักราชวิทยา","รร.จักราชวิทยา"
"F2LH2NHX12","SC727","จักราชวิทยา_SC727","จักราชวิทยา_SC727_F2LH2NHX12","","","","","iPad (A16) (Wi-Fi + Cellular 128 GB Silver)","26.3.1","357879850207495","AC:82:F0:99:B3:E0","3/16/2026 11:39:52 AM","","รร.จักราชวิทยา"
"L4YFPDW64Y","SC596","จักราชวิทยา_SC596","จักราชวิทยา_SC596_L4YFPDW64Y","Student_120_1030201383","Student120","Admin","obec68zone1@obec.org","iPad (A16) (Wi-Fi + Cellular 128 GB Silver)","26.3.1","357879850789831","AC:82:F0:A4:47:22","3/16/2026 6:53:37 AM","SC; All; สพม.นครราชสีมา; จักราชวิทยา; SC_จักราชวิทยา","รร.จักราชวิทยา"
"HYGVX9YYF7","SC387","จักราชวิทยา_SC387","จักราชวิทยา_SC387_HYGVX9YYF7","Student_78_1030201383","Student78","Admin","obec68zone1@obec.org","iPad (A16) (Wi-Fi + Cellular 128 GB Silver)","26.1.0","357879850414208","AC:82:F0:A7:BA:CD","3/12/2026 3:37:42 PM","SC; All; สพม.นครราชสีมา; จักราชวิทยา; SC_จักราชวิทยา","รร.จักราชวิทยา"
"DY2HPDQXG7","SC698","จักราชวิทยา_SC698","จักราชวิทยา_SC698_DY2HPDQXG7","Student_140_1030201383","Student140","Admin","obec68zone1@obec.org","iPad (A16) (Wi-Fi + Cellular 128 GB Silver)","26.3.0","35 787985 034694 7","AC:82:F0:9E:DD:54","3/10/2026 1:32:18 PM","SC; All; สพม.นครราชสีมา; จักราชวิทยา; SC_จักราชวิทยา","รร.จักราชวิทยา"
"D4HQHCPYNP","SC735","จักราชวิทยา_SC735","จักราชวิทยา_SC735_D4HQHCPYNP","Student_147_1030201383","Student147","Admin","obec68zone1@obec.org","iPad (A16) (Wi-Fi + Cellular 128 GB Silver)","26.1.0","35 787985 008617 0","AC:82:F0:A0:93:44","3/10/2026 8:52:13 AM","SC; All; สพม.นครราชสีมา; จักราชวิทยา; SC_จักราชวิทยา","รร.จักราชวิทยา"
"JTWPF2WFQN","SC718","จักราชวิทยา_SC718","จักราชวิทยา_SC718_JTWPF2WFQN","Student_144_1030201383","Student144","Admin","obec68zone1@obec.org","iPad (A16) (Wi-Fi + Cellular 128 GB Silver)","26.2.1","357879850488947","AC:82:F0:9D:FF:92","3/9/2026 5:37:09 PM","SC; All; สพม.นครราชสีมา; จักราชวิทยา; SC_จักราชวิทยา","รร.จักราชวิทยา"
"D5WW9HGWV0","SC731","จักราชวิทยา_SC731","จักราชวิทยา_SC731_D5WW9HGWV0","","","","","iPad (A16) (Wi-Fi + Cellular 128 GB Silver)","26.3.0","357879850993441","AC:82:F0:AB:4C:51","3/6/2026 1:51:25 PM","","รร.จักราชวิทยา"
"F3PK92YH53","SC693","จักราชวิทยา_SC693","จักราชวิทยา_SC693_F3PK92YH53","Student_139_1030201383","Student139","Admin","obec68zone1@obec.org","iPad (A16) (Wi-Fi + Cellular 128 GB Silver)","26.1.0","35 787985 039888 0","AC:82:F0:AD:A1:6E","3/5/2026 3:17:08 PM","SC; All; สพม.นครราชสีมา; จักราชวิทยา; SC_จักราชวิทยา","รร.จักราชวิทยา"
"K9941FPXH0","SC729","จักราชวิทยา_SC729","จักราชวิทยา_SC729_K9941FPXH0","Student_146_1030201383","Student146","Admin","obec68zone1@obec.org","iPad (A16) (Wi-Fi + Cellular 128 GB Silver)","26.3.0","357879850670254","AC:82:F0:98:C3:60","3/5/2026 1:47:09 PM","SC; All; สพม.นครราชสีมา; จักราชวิทยา; SC_จักราชวิทยา","รร.จักราชวิทยา"
"K2D3H7696P","SC732","จักราชวิทยา_SC732","จักราชวิทยา_SC732_K2D3H7696P","Student_147_1030201383","Student147","Admin","obec68zone1@obec.org","iPad (A16) (Wi-Fi + Cellular 128 GB Silver)","26.3.0","357879850365327","AC:82:F0:A7:31:E9","3/5/2026 12:17:08 PM","SC; All; สพม.นครราชสีมา; จักราชวิทยา; SC_จักราชวิทยา","รร.จักราชวิทยา"
"J274W661V9","TC125","จักราชวิทยา_TC125","จักราชวิทยา_TC125_J274W661V9","Teacher_25_1030201383","Teacher25","Admin","obec68zone1@obec.org","iPad (A16) (Wi-Fi + Cellular 128 GB Silver)","26.1.0","35 787985 025942 1","AC:82:F0:9C:0F:4C","3/5/2026 11:17:16 AM","TC; All; สพม.นครราชสีมา; TC_จักราชวิทยา; จักราชวิทยา","รร.จักราชวิทยา"
"HJHCW7JTCY","SC709","จักราชวิทยา_SC709","จักราชวิทยา_SC709_HJHCW7JTCY","Student_142_1030201383","Student142","Admin","obec68zone1@obec.org","iPad (A16) (Wi-Fi + Cellular 128 GB Silver)","26.1.0","357879850832763","AC:82:F0:A5:F9:82","3/5/2026 8:42:08 AM","SC; All; สพม.นครราชสีมา; จักราชวิทยา; SC_จักราชวิทยา","รร.จักราชวิทยา"
"D9HQVF14D2","SC694","จักราชวิทยา_SC694","จักราชวิทยา_SC694_D9HQVF14D2","Student_139_1030201383","Student139","Admin","obec68zone1@obec.org","iPad (A16) (Wi-Fi + Cellular 128 GB Silver)","26.1.0","35 787985 014164 5","AC:82:F0:A1:B1:3B","3/4/2026 11:52:02 AM","SC; All; สพม.นครราชสีมา; จักราชวิทยา; SC_จักราชวิทยา","รร.จักราชวิทยา"
"KFHNYX0J6T","SC700","จักราชวิทยา_SC700","จักราชวิทยา_SC700_KFHNYX0J6T","Student_140_1030201383","Student140","Admin","obec68zone1@obec.org","iPad (A16) (Wi-Fi + Cellular 128 GB Silver)","26.1.0","35 787985 080020 8","AC:82:F0:AC:0D:5C","3/1/2026 9:07:04 AM","SC; All; สพม.นครราชสีมา; จักราชวิทยา; SC_จักราชวิทยา","รร.จักราชวิทยา"
"LC2XQDNF3F","TC33","จักราชวิทยา_TC33","จักราชวิทยา_TC33_LC2XQDNF3F","Teacher_07_1030201383","Teacher07","Admin","obec68zone1@obec.org","iPad (A16) (Wi-Fi + Cellular 128 GB Silver)","26.1.0","35 787985 039236 2","AC:82:F0:9E:33:08","2/28/2026 5:11:39 PM","TC; All; สพม.นครราชสีมา; TC_จักราชวิทยา; จักราชวิทยา","รร.จักราชวิทยา"
"FQPFWT26QD","SC745","จักราชวิทยา_SC745","จักราชวิทยา_SC745_FQPFWT26QD","Student_149_1030201383","Student149","Admin","obec68zone1@obec.org","iPad (A16) (Wi-Fi + Cellular 128 GB Silver)","26.1.0","35 787985 031281 6","AC:82:F0:A5:79:69","2/28/2026 10:22:13 AM","SC; All; สพม.นครราชสีมา; จักราชวิทยา; SC_จักราชวิทยา","รร.จักราชวิทยา"
"FJFVRWW0XJ","SC703","จักราชวิทยา_SC703","จักราชวิทยา_SC703_FJFVRWW0XJ","Student_141_1030201383","Student141","Admin","obec68zone1@obec.org","iPad (A16) (Wi-Fi + Cellular 128 GB Silver)","26.1.0","35 787985 074252 5","AC:82:F0:9C:F3:12","2/28/2026 10:22:10 AM","SC; All; สพม.นครราชสีมา; จักราชวิทยา; SC_จักราชวิทยา","รร.จักราชวิทยา"
"J59NVM524G","SC699","จักราชวิทยา_SC699","จักราชวิทยา_SC699_J59NVM524G","Student_140_1030201383","Student140","Admin","obec68zone1@obec.org","iPad (A16) (Wi-Fi + Cellular 128 GB Silver)","26.1.0","35 787985 095256 1","AC:82:F0:AB:7F:D3","2/28/2026 8:11:32 AM","SC; All; สพม.นครราชสีมา; จักราชวิทยา; SC_จักราชวิทยา","รร.จักราชวิทยา"
"HRXH7Q44Q5","SC733","จักราชวิทยา_SC733","จักราชวิทยา_SC733_HRXH7Q44Q5","Student_147_1030201383","Student147","Admin","obec68zone1@obec.org","iPad (A16) (Wi-Fi + Cellular 128 GB Silver)","26.2.1","35 787985 086630 8","AC:82:F0:9E:5B:78","2/26/2026 1:05:08 PM","SC; All; สพม.นครราชสีมา; จักราชวิทยา; SC_จักราชวิทยา","รร.จักราชวิทยา"
"K4N02W7X6P","SC335","จักราชวิทยา_SC335","จักราชวิทยา_SC335_K4N02W7X6P","Student_67_1030201383","Student67","Admin","obec68zone1@obec.org","iPad (A16) (Wi-Fi + Cellular 128 GB Silver)","26.1.0","35 787985 069254 8","AC:82:F0:AE:93:EE","2/25/2026 1:33:10 AM","SC; All; สพม.นครราชสีมา; จักราชวิทยา; SC_จักราชวิทยา","รร.จักราชวิทยา"
"CKYQWYG41L","SC725","จักราชวิทยา_SC725","จักราชวิทยา_SC725_CKYQWYG41L","Student_145_1030201383","Student145","Admin","obec68zone1@obec.org","iPad (A16) (Wi-Fi + Cellular 128 GB Silver)","26.1.0","35 787985 024755 8","AC:82:F0:A5:F1:BE","2/24/2026 3:41:39 PM","SC; All; สพม.นครราชสีมา; จักราชวิทยา; SC_จักราชวิทยา","รร.จักราชวิทยา"
"GVH321M9V7","SC707","จักราชวิทยา_SC707","จักราชวิทยา_SC707_GVH321M9V7","Student_142_1030201383","Student142","Admin","obec68zone1@obec.org","iPad (A16) (Wi-Fi + Cellular 128 GB Silver)","26.1.0","35 787985 042224 3","AC:82:F0:A3:F3:F6","2/24/2026 3:38:34 PM","SC; All; สพม.นครราชสีมา; จักราชวิทยา; SC_จักราชวิทยา","รร.จักราชวิทยา"
"DKGG205070","SC747","จักราชวิทยา_SC747","จักราชวิทยา_SC747_DKGG205070","Student_150_1030201383","Student150","Admin","obec68zone1@obec.org","iPad (A16) (Wi-Fi + Cellular 128 GB Silver)","26.1.0","35 787985 067970 1","AC:82:F0:A9:B4:92","2/24/2026 1:50:33 PM","SC; All; สพม.นครราชสีมา; จักราชวิทยา; SC_จักราชวิทยา","รร.จักราชวิทยา"
"HKQRKJ64WC","SC697","จักราชวิทยา_SC697","จักราชวิทยา_SC697_HKQRKJ64WC","Student_140_1030201383","Student140","Admin","obec68zone1@obec.org","iPad (A16) (Wi-Fi + Cellular 128 GB Silver)","26.3.0","35 787985 019683 9","AC:82:F0:9F:D1:B1","2/24/2026 12:35:08 PM","SC; All; สพม.นครราชสีมา; จักราชวิทยา; SC_จักราชวิทยา","รร.จักราชวิทยา"
"FV2JWG7XKP","TC29","จักราชวิทยา_TC29","จักราชวิทยา_TC29_FV2JWG7XKP","Teacher_06_1030201383","Teacher06","Admin","obec68zone1@obec.org","iPad (A16) (Wi-Fi + Cellular 128 GB Silver)","26.1.0","35 787985 072763 3","AC:82:F0:A6:E6:84","2/24/2026 12:34:44 PM","TC; All; สพม.นครราชสีมา; TC_จักราชวิทยา; จักราชวิทยา","รร.จักราชวิทยา"
"GFJ7N0VYX4","SC714","จักราชวิทยา_SC714","จักราชวิทยา_SC714_GFJ7N0VYX4","Student_143_1030201383","Student143","Admin","obec68zone1@obec.org","iPad (A16) (Wi-Fi + Cellular 128 GB Silver)","26.3.0","35 787985 087786 7","AC:82:F0:A3:2E:BF","2/23/2026 3:50:29 PM","SC; All; สพม.นครราชสีมา; จักราชวิทยา; SC_จักราชวิทยา","รร.จักราชวิทยา"
"C2YC9VMP4X","SC701","จักราชวิทยา_SC701","จักราชวิทยา_SC701_C2YC9VMP4X","Student_141_1030201383","Student141","Admin","obec68zone1@obec.org","iPad (A16) (Wi-Fi + Cellular 128 GB Silver)","26.1.0","35 787985 009082 6","AC:82:F0:99:70:CA","2/23/2026 3:35:46 PM","SC; All; สพม.นครราชสีมา; จักราชวิทยา; SC_จักราชวิทยา","รร.จักราชวิทยา"
"GFYP9W4X29","SC704","จักราชวิทยา_SC704","จักราชวิทยา_SC704_GFYP9W4X29","Student_141_1030201383","Student141","Admin","obec68zone1@obec.org","iPad (A16) (Wi-Fi + Cellular 128 GB Silver)","26.2.1","35 787985 081510 7","AC:82:F0:9B:DB:02","2/23/2026 3:27:18 PM","SC; All; สพม.นครราชสีมา; จักราชวิทยา; SC_จักราชวิทยา","รร.จักราชวิทยา"
"MXJLQGW1H6","SC705","จักราชวิทยา_SC705","จักราชวิทยา_SC705_MXJLQGW1H6","Student_141_1030201383","Student141","Admin","obec68zone1@obec.org","iPad (A16) (Wi-Fi + Cellular 128 GB Silver)","26.1.0","35 787985 005737 9","AC:82:F0:AA:66:12","2/23/2026 3:24:50 PM","SC; All; สพม.นครราชสีมา; จักราชวิทยา; SC_จักราชวิทยา","รร.จักราชวิทยา"
"H66FH20YGG","SC691","จักราชวิทยา_SC691","จักราชวิทยา_SC691_H66FH20YGG","Student_139_1030201383","Student139","Admin","obec68zone1@obec.org","iPad (A16) (Wi-Fi + Cellular 128 GB Silver)","26.1.0","35 787985 035506 2","AC:82:F0:A8:D0:73","2/23/2026 3:21:48 PM","SC; All; สพม.นครราชสีมา; จักราชวิทยา; SC_จักราชวิทยา","รร.จักราชวิทยา"
"C9X2XLQY9F","SC702","จักราชวิทยา_SC702","จักราชวิทยา_SC702_C9X2XLQY9F","Student_141_1030201383","Student141","Admin","obec68zone1@obec.org","iPad (A16) (Wi-Fi + Cellular 128 GB Silver)","26.2.1","35 787985 052691 0","AC:82:F0:AE:46:54","2/23/2026 3:14:52 PM","SC; All; สพม.นครราชสีมา; จักราชวิทยา; SC_จักราชวิทยา","รร.จักราชวิทยา"
"FY6N0LKVP7","SC690","จักราชวิทยา_SC690","จักราชวิทยา_SC690_FY6N0LKVP7","Student_138_1030201383","Student138","Admin","obec68zone1@obec.org","iPad (A16) (Wi-Fi + Cellular 128 GB Silver)","26.2.1","35 787985 086040 0","AC:82:F0:A9:FD:B5","2/23/2026 2:36:51 PM","SC; All; สพม.นครราชสีมา; จักราชวิทยา; SC_จักราชวิทยา","รร.จักราชวิทยา"
"CDJNFP4MXM","SC736","จักราชวิทยา_SC736","จักราชวิทยา_SC736_CDJNFP4MXM","Student_148_1030201383","Student148","Admin","obec68zone1@obec.org","iPad (A16) (Wi-Fi + Cellular 128 GB Silver)","26.1.0","35 787985 054336 0","AC:82:F0:A3:72:4D","2/23/2026 1:20:27 PM","SC; All; สพม.นครราชสีมา; จักราชวิทยา; SC_จักราชวิทยา","รร.จักราชวิทยา"
"FG9L4Y9HC2","SC717","จักราชวิทยา_SC717","จักราชวิทยา_SC717_FG9L4Y9HC2","Student_144_1030201383","Student144","Admin","obec68zone1@obec.org","iPad (A16) (Wi-Fi + Cellular 128 GB Silver)","26.1.0","35 787985 074946 2","AC:82:F0:AE:4B:25","2/23/2026 10:40:10 AM","SC; All; สพม.นครราชสีมา; จักราชวิทยา; SC_จักราชวิทยา","รร.จักราชวิทยา"
"MGFPJCWRMJ","SC1127","จักราชวิทยา_SC1127","จักราชวิทยา_SC1127_MGFPJCWRMJ","Student_226_1030201383","Student226","Admin","obec68zone1@obec.org","iPad (A16) (Wi-Fi + Cellular 128 GB Silver)","26.1.0","35 787985 029517 7","AC:82:F0:9C:1B:B3","2/23/2026 10:20:09 AM","SC; All; สพม.นครราชสีมา; จักราชวิทยา; SC_จักราชวิทยา","รร.จักราชวิทยา"
"J57T23JLVM","SC658","จักราชวิทยา_SC658","จักราชวิทยา_SC658_J57T23JLVM","Student_132_1030201383","Student132","Admin","obec68zone1@obec.org","iPad (A16) (Wi-Fi + Cellular 128 GB Silver)","26.1.0","35 787985 032561 0","AC:82:F0:9C:0A:0E","2/22/2026 6:25:04 AM","SC; All; สพม.นครราชสีมา; จักราชวิทยา; SC_จักราชวิทยา","รร.จักราชวิทยา"
"JYD76GFP95","SC505","จักราชวิทยา_SC505","จักราชวิทยา_SC505_JYD76GFP95","Student_101_1030201383","Student101","Admin","obec68zone1@obec.org","iPad (A16) (Wi-Fi + Cellular 128 GB Silver)","26.1.0","35 787985 048328 6","AC:82:F0:9A:E9:F0","2/10/2026 11:52:11 AM","SC; All; สพม.นครราชสีมา; จักราชวิทยา; SC_จักราชวิทยา","รร.จักราชวิทยา"
"K66726145X","SC511","จักราชวิทยา_SC511","จักราชวิทยา_SC511_K66726145X","Student_103_1030201383","Student103","Admin","obec68zone1@obec.org","iPad (A16) (Wi-Fi + Cellular 128 GB Silver)","26.1.0","35 758565 019467 2","AC:82:F0:A9:32:D9","2/10/2026 11:51:58 AM","SC; All; สพม.นครราชสีมา; จักราชวิทยา; SC_จักราชวิทยา","รร.จักราชวิทยา"
"FN0Q552J5C","SC526","จักราชวิทยา_SC526","จักราชวิทยา_SC526_FN0Q552J5C","Student_106_1030201383","Student106","Admin","obec68zone1@obec.org","iPad (A16) (Wi-Fi + Cellular 128 GB Silver)","26.1.0","35 787985 004459 1","AC:82:F0:AE:24:12","2/10/2026 11:51:01 AM","SC; All; สพม.นครราชสีมา; จักราชวิทยา; SC_จักราชวิทยา","รร.จักราชวิทยา"
"D4J94JQJC5","SC517","จักราชวิทยา_SC517","จักราชวิทยา_SC517_D4J94JQJC5","Student_104_1030201383","Student104","Admin","obec68zone1@obec.org","iPad (A16) (Wi-Fi + Cellular 128 GB Silver)","26.1.0","35 787985 092479 2","AC:82:F0:AC:05:11","2/10/2026 11:50:44 AM","SC; All; สพม.นครราชสีมา; จักราชวิทยา; SC_จักราชวิทยา","รร.จักราชวิทยา"
"G3JFJQ0MV3","SC311","จักราชวิทยา_SC311","จักราชวิทยา_SC311_G3JFJQ0MV3","Student_63_1030201383","Student63","Admin","obec68zone1@obec.org","iPad (A16) (Wi-Fi + Cellular 128 GB Silver)","26.1.0","35 787985 015808 6","AC:82:F0:9C:B4:38","2/10/2026 11:50:40 AM","SC; All; สพม.นครราชสีมา; จักราชวิทยา; SC_จักราชวิทยา","รร.จักราชวิทยา"
"K60QV0MHVW","SC509","จักราชวิทยา_SC509","จักราชวิทยา_SC509_K60QV0MHVW","Student_102_1030201383","Student102","Admin","obec68zone1@obec.org","iPad (A16) (Wi-Fi + Cellular 128 GB Silver)","26.1.0","35 787985 028255 5","AC:82:F0:AC:A6:90","2/10/2026 11:48:32 AM","SC; All; สพม.นครราชสีมา; จักราชวิทยา; SC_จักราชวิทยา","รร.จักราชวิทยา"
"JY2G5QL734","SC689","จักราชวิทยา_SC689","จักราชวิทยา_SC689_JY2G5QL734","Student_138_1030201383","Student138","Admin","obec68zone1@obec.org","iPad (A16) (Wi-Fi + Cellular 128 GB Silver)","26.1.0","35 787985 073395 3","AC:82:F0:A5:94:B3","2/10/2026 11:48:02 AM","SC; All; สพม.นครราชสีมา; จักราชวิทยา; SC_จักราชวิทยา","รร.จักราชวิทยา"
"KD2PRGC4D0","SC1168","จักราชวิทยา_SC1168","จักราชวิทยา_SC1168_KD2PRGC4D0","Student_234_1030201383","Student234","Admin","obec68zone1@obec.org","iPad (A16) (Wi-Fi + Cellular 128 GB Silver)","26.1.0","35 787985 022251 0","AC:82:F0:9D:C7:F6","2/10/2026 11:40:24 AM","SC; All; สพม.นครราชสีมา; จักราชวิทยา; SC_จักราชวิทยา","รร.จักราชวิทยา"
"F5VH373V0R","SC1170","จักราชวิทยา_SC1170","จักราชวิทยา_SC1170_F5VH373V0R","Student_234_1030201383","Student234","Admin","obec68zone1@obec.org","iPad (A16) (Wi-Fi + Cellular 128 GB Silver)","26.1.0","35 787985 080830 0","AC:82:F0:9A:C1:36","2/10/2026 11:35:34 AM","SC; All; สพม.นครราชสีมา; จักราชวิทยา; SC_จักราชวิทยา","รร.จักราชวิทยา"
"JL72V4CGJ9","SC1167","จักราชวิทยา_SC1167","จักราชวิทยา_SC1167_JL72V4CGJ9","Student_234_1030201383","Student234","Admin","obec68zone1@obec.org","iPad (A16) (Wi-Fi + Cellular 128 GB Silver)","26.1.0","35 787985 023267 5","AC:82:F0:A2:F4:1D","2/10/2026 11:35:32 AM","SC; All; สพม.นครราชสีมา; จักราชวิทยา; SC_จักราชวิทยา","รร.จักราชวิทยา"
"JQDC65HX5H","SC1166","จักราชวิทยา_SC1166","จักราชวิทยา_SC1166_JQDC65HX5H","Student_234_1030201383","Student234","Admin","obec68zone1@obec.org","iPad (A16) (Wi-Fi + Cellular 128 GB Silver)","26.1.0","35 787985 065517 2","AC:82:F0:A6:2C:88","2/10/2026 11:34:45 AM","SC; All; สพม.นครราชสีมา; จักราชวิทยา; SC_จักราชวิทยา","รร.จักราชวิทยา"
"FDYDC9HTPH","SC1169","จักราชวิทยา_SC1169","จักราชวิทยา_SC1169_FDYDC9HTPH","Student_234_1030201383","Student234","Admin","obec68zone1@obec.org","iPad (A16) (Wi-Fi + Cellular 128 GB Silver)","26.1.0","35 787985 052196 0","AC:82:F0:A4:3E:FC","2/10/2026 11:34:24 AM","SC; All; สพม.นครราชสีมา; จักราชวิทยา; SC_จักราชวิทยา","รร.จักราชวิทยา"
"MQ4YV9G4MQ","SC1157","จักราชวิทยา_SC1157","จักราชวิทยา_SC1157_MQ4YV9G4MQ","Student_232_1030201383","Student232","Admin","obec68zone1@obec.org","iPad (A16) (Wi-Fi + Cellular 128 GB Silver)","26.1.0","35 787985 005829 4","AC:82:F0:A6:62:A6","2/10/2026 11:27:08 AM","SC; All; สพม.นครราชสีมา; จักราชวิทยา; SC_จักราชวิทยา","รร.จักราชวิทยา"
"C4RXV471X9","SC1158","จักราชวิทยา_SC1158","จักราชวิทยา_SC1158_C4RXV471X9","Student_232_1030201383","Student232","Admin","obec68zone1@obec.org","iPad (A16) (Wi-Fi + Cellular 128 GB Silver)","26.1.0","35 787985 059028 8","AC:82:F0:9D:74:26","2/10/2026 11:26:36 AM","SC; All; สพม.นครราชสีมา; จักราชวิทยา; SC_จักราชวิทยา","รร.จักราชวิทยา"
"FVMG0PKWNC","SC1159","จักราชวิทยา_SC1159","จักราชวิทยา_SC1159_FVMG0PKWNC","Student_232_1030201383","Student232","Admin","obec68zone1@obec.org","iPad (A16) (Wi-Fi + Cellular 128 GB Silver)","26.1.0","35 787985 041925 6","AC:82:F0:9A:63:17","2/10/2026 11:25:43 AM","SC; All; สพม.นครราชสีมา; จักราชวิทยา; SC_จักราชวิทยา","รร.จักราชวิทยา"
"LXMP4V4LF4","SC1156","จักราชวิทยา_SC1156","จักราชวิทยา_SC1156_LXMP4V4LF4","Student_232_1030201383","Student232","Admin","obec68zone1@obec.org","iPad (A16) (Wi-Fi + Cellular 128 GB Silver)","26.1.0","35 787985 074062 8","AC:82:F0:9F:5E:00","2/10/2026 11:25:18 AM","SC; All; สพม.นครราชสีมา; จักราชวิทยา; SC_จักราชวิทยา","รร.จักราชวิทยา"
"GN6LXFXJ3X","SC1160","จักราชวิทยา_SC1160","จักราชวิทยา_SC1160_GN6LXFXJ3X","Student_232_1030201383","Student232","Admin","obec68zone1@obec.org","iPad (A16) (Wi-Fi + Cellular 128 GB Silver)","26.1.0","35 787985 070730 4","AC:82:F0:A6:44:80","2/10/2026 11:23:49 AM","SC; All; สพม.นครราชสีมา; จักราชวิทยา; SC_จักราชวิทยา","รร.จักราชวิทยา"
"M7VY9W7C40","SC873","จักราชวิทยา_SC873","จักราชวิทยา_SC873_M7VY9W7C40","Student_175_1030201383","Student175","Admin","obec68zone1@obec.org","iPad (A16) (Wi-Fi + Cellular 128 GB Silver)","26.1.0","35 787985 080630 4","AC:82:F0:9F:B7:6D","2/10/2026 11:22:02 AM","SC; All; สพม.นครราชสีมา; จักราชวิทยา; SC_จักราชวิทยา","รร.จักราชวิทยา"
"HPHW50M4RL","TC115","จักราชวิทยา_TC115","จักราชวิทยา_TC115_HPHW50M4RL","Teacher_23_1030201383","Teacher23","Admin","obec68zone1@obec.org","iPad (A16) (Wi-Fi + Cellular 128 GB Silver)","26.1.0","35 787985 089022 5","AC:82:F0:A7:05:EC","2/10/2026 11:15:27 AM","TC; All; สพม.นครราชสีมา; TC_จักราชวิทยา; จักราชวิทยา","รร.จักราชวิทยา"
"DQTHGPM6KF","SC1141","จักราชวิทยา_SC1141","จักราชวิทยา_SC1141_DQTHGPM6KF","Student_229_1030201383","Student229","Admin","obec68zone1@obec.org","iPad (A16) (Wi-Fi + Cellular 128 GB Silver)","26.1.0","35 787985 099206 2","AC:82:F0:AD:83:2E","2/10/2026 11:10:33 AM","SC; All; สพม.นครราชสีมา; จักราชวิทยา; SC_จักราชวิทยา","รร.จักราชวิทยา"
"MR9FJW21F3","SC1144","จักราชวิทยา_SC1144","จักราชวิทยา_SC1144_MR9FJW21F3","Student_229_1030201383","Student229","Admin","obec68zone1@obec.org","iPad (A16) (Wi-Fi + Cellular 128 GB Silver)","26.1.0","35 787985 016621 2","AC:82:F0:AB:95:23","2/10/2026 11:06:24 AM","SC; All; สพม.นครราชสีมา; จักราชวิทยา; SC_จักราชวิทยา","รร.จักราชวิทยา"
"L25917W4N3","SC1142","จักราชวิทยา_SC1142","จักราชวิทยา_SC1142_L25917W4N3","Student_229_1030201383","Student229","Admin","obec68zone1@obec.org","iPad (A16) (Wi-Fi + Cellular 128 GB Silver)","26.1.0","35 787985 019742 3","AC:82:F0:A7:9B:E6","2/10/2026 11:05:28 AM","SC; All; สพม.นครราชสีมา; จักราชวิทยา; SC_จักราชวิทยา","รร.จักราชวิทยา"
"CWHYH7T5F4","SC1143","จักราชวิทยา_SC1143","จักราชวิทยา_SC1143_CWHYH7T5F4","Student_229_1030201383","Student229","Admin","obec68zone1@obec.org","iPad (A16) (Wi-Fi + Cellular 128 GB Silver)","26.1.0","35 787985 083263 1","AC:82:F0:A7:81:56","2/10/2026 11:05:20 AM","SC; All; สพม.นครราชสีมา; จักราชวิทยา; SC_จักราชวิทยา","รร.จักราชวิทยา"
"KTCQ9HVWGM","SC1119","จักราชวิทยา_SC1119","จักราชวิทยา_SC1119_KTCQ9HVWGM","Student_224_1030201383","Student224","Admin","obec68zone1@obec.org","iPad (A16) (Wi-Fi + Cellular 128 GB Silver)","26.1.0","35 787985 024506 5","AC:82:F0:9B:2C:DF","2/10/2026 11:03:27 AM","SC; All; สพม.นครราชสีมา; จักราชวิทยา; SC_จักราชวิทยา","รร.จักราชวิทยา"
"H33WX6X3HW","SC1145","จักราชวิทยา_SC1145","จักราชวิทยา_SC1145_H33WX6X3HW","Student_229_1030201383","Student229","Admin","obec68zone1@obec.org","iPad (A16) (Wi-Fi + Cellular 128 GB Silver)","26.1.0","35 787985 026931 3","AC:82:F0:9C:F4:03","2/10/2026 11:02:22 AM","SC; All; สพม.นครราชสีมา; จักราชวิทยา; SC_จักราชวิทยา","รร.จักราชวิทยา"
"DVH07R2743","SC1120","จักราชวิทยา_SC1120","จักราชวิทยา_SC1120_DVH07R2743","Student_224_1030201383","Student224","Admin","obec68zone1@obec.org","iPad (A16) (Wi-Fi + Cellular 128 GB Silver)","26.1.0","35 787985 096967 2","AC:82:F0:A1:53:43","2/10/2026 10:55:36 AM","SC; All; สพม.นครราชสีมา; จักราชวิทยา; SC_จักราชวิทยา","รร.จักราชวิทยา"
"L4WYKRQXL2","SC1173","จักราชวิทยา_SC1173","จักราชวิทยา_SC1173_L4WYKRQXL2","Student_235_1030201383","Student235","Admin","obec68zone1@obec.org","iPad (A16) (Wi-Fi + Cellular 128 GB Silver)","26.1.0","35 787985 007379 8","AC:82:F0:A2:D6:62","2/10/2026 10:47:49 AM","SC; All; สพม.นครราชสีมา; จักราชวิทยา; SC_จักราชวิทยา","รร.จักราชวิทยา"
"J7RX4HFRX6","SC1161","จักราชวิทยา_SC1161","จักราชวิทยา_SC1161_J7RX4HFRX6","Student_233_1030201383","Student233","Admin","obec68zone1@obec.org","iPad (A16) (Wi-Fi + Cellular 128 GB Silver)","26.1.0","35 787985 072374 9","AC:82:F0:A9:22:91","2/10/2026 10:42:33 AM","SC; All; สพม.นครราชสีมา; จักราชวิทยา; SC_จักราชวิทยา","รร.จักราชวิทยา"
"H3F9HFWGK9","SC1163","จักราชวิทยา_SC1163","จักราชวิทยา_SC1163_H3F9HFWGK9","Student_233_1030201383","Student233","Admin","obec68zone1@obec.org","iPad (A16) (Wi-Fi + Cellular 128 GB Silver)","26.1.0","35 787985 060033 5","AC:82:F0:A6:C6:10","2/10/2026 10:41:36 AM","SC; All; สพม.นครราชสีมา; จักราชวิทยา; SC_จักราชวิทยา","รร.จักราชวิทยา"
"LX2NC4GWX7","SC1165","จักราชวิทยา_SC1165","จักราชวิทยา_SC1165_LX2NC4GWX7","Student_233_1030201383","Student233","Admin","obec68zone1@obec.org","iPad (A16) (Wi-Fi + Cellular 128 GB Silver)","26.1.0","35 787985 096353 5","AC:82:F0:9D:06:AB","2/10/2026 10:41:00 AM","SC; All; สพม.นครราชสีมา; จักราชวิทยา; SC_จักราชวิทยา","รร.จักราชวิทยา"
"K7P4R39YKV","SC1172","จักราชวิทยา_SC1172","จักราชวิทยา_SC1172_K7P4R39YKV","Student_235_1030201383","Student235","Admin","obec68zone1@obec.org","iPad (A16) (Wi-Fi + Cellular 128 GB Silver)","26.1.0","35 787985 041912 4","AC:82:F0:A0:EB:70","2/10/2026 10:39:52 AM","SC; All; สพม.นครราชสีมา; จักราชวิทยา; SC_จักราชวิทยา","รร.จักราชวิทยา"
"FHYD9NYQ59","SC1162","จักราชวิทยา_SC1162","จักราชวิทยา_SC1162_FHYD9NYQ59","Student_233_1030201383","Student233","Admin","obec68zone1@obec.org","iPad (A16) (Wi-Fi + Cellular 128 GB Silver)","26.1.0","35 787985 067107 0","AC:82:F0:A6:9C:30","2/10/2026 10:38:30 AM","SC; All; สพม.นครราชสีมา; จักราชวิทยา; SC_จักราชวิทยา","รร.จักราชวิทยา"
"H5HC06G671","SC1164","จักราชวิทยา_SC1164","จักราชวิทยา_SC1164_H5HC06G671","Student_233_1030201383","Student233","Admin","obec68zone1@obec.org","iPad (A16) (Wi-Fi + Cellular 128 GB Silver)","26.1.0","35 787985 017710 2","AC:82:F0:A8:E7:A5","2/10/2026 10:37:38 AM","SC; All; สพม.นครราชสีมา; จักราชวิทยา; SC_จักราชวิทยา","รร.จักราชวิทยา"
"LXCY9Q942G","SC855","จักราชวิทยา_SC855","จักราชวิทยา_SC855_LXCY9Q942G","Student_171_1030201383","Student171","Admin","obec68zone1@obec.org","iPad (A16) (Wi-Fi + Cellular 128 GB Silver)","26.1.0","35 787985 037779 3","AC:82:F0:A8:3B:36","2/10/2026 10:31:42 AM","SC; All; สพม.นครราชสีมา; จักราชวิทยา; SC_จักราชวิทยา","รร.จักราชวิทยา"
"GJFT9G5XF2","SC1171","จักราชวิทยา_SC1171","จักราชวิทยา_SC1171_GJFT9G5XF2","Student_235_1030201383","Student235","Admin","obec68zone1@obec.org","iPad (A16) (Wi-Fi + Cellular 128 GB Silver)","26.1.0","35 787985 007540 5","AC:82:F0:AB:4F:5C","2/10/2026 10:27:27 AM","SC; All; สพม.นครราชสีมา; จักราชวิทยา; SC_จักราชวิทยา","รร.จักราชวิทยา"
"G4JGK6R14T","SC951","จักราชวิทยา_SC951","จักราชวิทยา_SC951_G4JGK6R14T","Student_191_1030201383","Student191","Admin","obec68zone1@obec.org","iPad (A16) (Wi-Fi + Cellular 128 GB Silver)","26.1.0","35 787985 082530 4","AC:82:F0:9D:ED:84","2/10/2026 10:23:10 AM","SC; All; สพม.นครราชสีมา; จักราชวิทยา; SC_จักราชวิทยา","รร.จักราชวิทยา"
"L92WH549JW","SC1071","จักราชวิทยา_SC1071","จักราชวิทยา_SC1071_L92WH549JW","Student_215_1030201383","Student215","Admin","obec68zone1@obec.org","iPad (A16) (Wi-Fi + Cellular 128 GB Silver)","26.1.0","35 787985 098258 4","AC:82:F0:A2:89:0D","2/10/2026 10:17:36 AM","SC; All; สพม.นครราชสีมา; จักราชวิทยา; SC_จักราชวิทยา","รร.จักราชวิทยา"
"JQD64X49P4","SC1148","จักราชวิทยา_SC1148","จักราชวิทยา_SC1148_JQD64X49P4","Student_230_1030201383","Student230","Admin","obec68zone1@obec.org","iPad (A16) (Wi-Fi + Cellular 128 GB Silver)","26.1.0","35 787985 057575 0","AC:82:F0:98:F8:CC","2/10/2026 10:07:25 AM","SC; All; สพม.นครราชสีมา; จักราชวิทยา; SC_จักราชวิทยา","รร.จักราชวิทยา"
"K9X3W33473","SC1149","จักราชวิทยา_SC1149","จักราชวิทยา_SC1149_K9X3W33473","Student_230_1030201383","Student230","Admin","obec68zone1@obec.org","iPad (A16) (Wi-Fi + Cellular 128 GB Silver)","26.1.0","35 787985 022655 2","AC:82:F0:9D:B7:42","2/10/2026 10:05:53 AM","SC; All; สพม.นครราชสีมา; จักราชวิทยา; SC_จักราชวิทยา","รร.จักราชวิทยา"
"KYFFVVD7FQ","SC1150","จักราชวิทยา_SC1150","จักราชวิทยา_SC1150_KYFFVVD7FQ","Student_230_1030201383","Student230","Admin","obec68zone1@obec.org","iPad (A16) (Wi-Fi + Cellular 128 GB Silver)","26.1.0","35 787985 015324 4","AC:82:F0:9A:95:51","2/10/2026 10:05:33 AM","SC; All; สพม.นครราชสีมา; จักราชวิทยา; SC_จักราชวิทยา","รร.จักราชวิทยา"
"G34DVXY9M5","SC1147","จักราชวิทยา_SC1147","จักราชวิทยา_SC1147_G34DVXY9M5","Student_230_1030201383","Student230","Admin","obec68zone1@obec.org","iPad (A16) (Wi-Fi + Cellular 128 GB Silver)","26.1.0","35 787985 005816 1","AC:82:F0:A8:5D:FD","2/10/2026 10:05:24 AM","SC; All; สพม.นครราชสีมา; จักราชวิทยา; SC_จักราชวิทยา","รร.จักราชวิทยา"
"L1PW4CGWY9","SC1146","จักราชวิทยา_SC1146","จักราชวิทยา_SC1146_L1PW4CGWY9","Student_230_1030201383","Student230","Admin","obec68zone1@obec.org","iPad (A16) (Wi-Fi + Cellular 128 GB Silver)","26.1.0","35 787985 011644 9","AC:82:F0:A3:33:8B","2/10/2026 10:02:33 AM","SC; All; สพม.นครราชสีมา; จักราชวิทยา; SC_จักราชวิทยา","รร.จักราชวิทยา"
"K07L45NHDQ","SC1122","จักราชวิทยา_SC1122","จักราชวิทยา_SC1122_K07L45NHDQ","Student_225_1030201383","Student225","Admin","obec68zone1@obec.org","iPad (A16) (Wi-Fi + Cellular 128 GB Silver)","26.1.0","35 787985 069542 6","AC:82:F0:A8:2A:B9","2/10/2026 9:50:38 AM","SC; All; สพม.นครราชสีมา; จักราชวิทยา; SC_จักราชวิทยา","รร.จักราชวิทยา"
"FGWQ02HNFJ","SC1124","จักราชวิทยา_SC1124","จักราชวิทยา_SC1124_FGWQ02HNFJ","Student_225_1030201383","Student225","Admin","obec68zone1@obec.org","iPad (A16) (Wi-Fi + Cellular 128 GB Silver)","26.1.0","35 787985 093628 3","AC:82:F0:9B:22:E5","2/10/2026 9:49:46 AM","SC; All; สพม.นครราชสีมา; จักราชวิทยา; SC_จักราชวิทยา","รร.จักราชวิทยา"
"K4FDJ61QNY","SC1123","จักราชวิทยา_SC1123","จักราชวิทยา_SC1123_K4FDJ61QNY","Student_225_1030201383","Student225","Admin","obec68zone1@obec.org","iPad (A16) (Wi-Fi + Cellular 128 GB Silver)","26.1.0","35 787985 024029 8","AC:82:F0:AC:7B:CD","2/10/2026 9:49:22 AM","SC; All; สพม.นครราชสีมา; จักราชวิทยา; SC_จักราชวิทยา","รร.จักราชวิทยา"
"J0KKXR392T","SC1125","จักราชวิทยา_SC1125","จักราชวิทยา_SC1125_J0KKXR392T","Student_225_1030201383","Student225","Admin","obec68zone1@obec.org","iPad (A16) (Wi-Fi + Cellular 128 GB Silver)","26.1.0","35 787985 032917 4","AC:82:F0:A2:77:E8","2/10/2026 9:48:21 AM","SC; All; สพม.นครราชสีมา; จักราชวิทยา; SC_จักราชวิทยา","รร.จักราชวิทยา"
"F03HFXC99M","SC1121","จักราชวิทยา_SC1121","จักราชวิทยา_SC1121_F03HFXC99M","Student_225_1030201383","Student225","Admin","obec68zone1@obec.org","iPad (A16) (Wi-Fi + Cellular 128 GB Silver)","26.1.0","35 787985 014815 2","AC:82:F0:9F:3C:E3","2/10/2026 9:47:56 AM","SC; All; สพม.นครราชสีมา; จักราชวิทยา; SC_จักราชวิทยา","รร.จักราชวิทยา"
"JT6CF7LHVC","SC1154","จักราชวิทยา_SC1154","จักราชวิทยา_SC1154_JT6CF7LHVC","Student_231_1030201383","Student231","Admin","obec68zone1@obec.org","iPad (A16) (Wi-Fi + Cellular 128 GB Silver)","26.1.0","35 787985 064368 1","AC:82:F0:AE:97:6E","2/10/2026 9:46:59 AM","SC; All; สพม.นครราชสีมา; จักราชวิทยา; SC_จักราชวิทยา","รร.จักราชวิทยา"
"G70QPYMJ6J","SC1151","จักราชวิทยา_SC1151","จักราชวิทยา_SC1151_G70QPYMJ6J","Student_231_1030201383","Student231","Admin","obec68zone1@obec.org","iPad (A16) (Wi-Fi + Cellular 128 GB Silver)","26.1.0","35 787985 084798 5","AC:82:F0:A0:73:1B","2/10/2026 9:46:50 AM","SC; All; สพม.นครราชสีมา; จักราชวิทยา; SC_จักราชวิทยา","รร.จักราชวิทยา"
"D6WYF6D6HT","SC1153","จักราชวิทยา_SC1153","จักราชวิทยา_SC1153_D6WYF6D6HT","Student_231_1030201383","Student231","Admin","obec68zone1@obec.org","iPad (A16) (Wi-Fi + Cellular 128 GB Silver)","26.1.0","35 787985 082311 9","AC:82:F0:A9:37:4C","2/10/2026 9:46:18 AM","SC; All; สพม.นครราชสีมา; จักราชวิทยา; SC_จักราชวิทยา","รร.จักราชวิทยา"
"HX7MVK42R7","SC1152","จักราชวิทยา_SC1152","จักราชวิทยา_SC1152_HX7MVK42R7","Student_231_1030201383","Student231","Admin","obec68zone1@obec.org","iPad (A16) (Wi-Fi + Cellular 128 GB Silver)","26.1.0","35 787985 078373 5","AC:82:F0:AB:34:8E","2/10/2026 9:46:11 AM","SC; All; สพม.นครราชสีมา; จักราชวิทยา; SC_จักราชวิทยา","รร.จักราชวิทยา"
"F774LVVD6D","SC1014","จักราชวิทยา_SC1014","จักราชวิทยา_SC1014_F774LVVD6D","Student_203_1030201383","Student203","Admin","obec68zone1@obec.org","iPad (A16) (Wi-Fi + Cellular 128 GB Silver)","26.1.0","35 787985 048860 8","AC:82:F0:9C:C1:62","2/10/2026 9:45:26 AM","SC; All; สพม.นครราชสีมา; จักราชวิทยา; SC_จักราชวิทยา","รร.จักราชวิทยา"
"CRWFF22DJP","SC1135","จักราชวิทยา_SC1135","จักราชวิทยา_SC1135_CRWFF22DJP","Student_227_1030201383","Student227","Admin","obec68zone1@obec.org","iPad (A16) (Wi-Fi + Cellular 128 GB Silver)","26.1.0","35 787985 047911 0","AC:82:F0:9B:F7:1E","2/10/2026 9:44:26 AM","SC; All; สพม.นครราชสีมา; จักราชวิทยา; SC_จักราชวิทยา","รร.จักราชวิทยา"
"GJYPQK3G00","SC1085","จักราชวิทยา_SC1085","จักราชวิทยา_SC1085_GJYPQK3G00","Student_217_1030201383","Student217","Admin","obec68zone1@obec.org","iPad (A16) (Wi-Fi + Cellular 128 GB Silver)","26.1.0","35 787985 004427 8","AC:82:F0:9F:8F:03","2/10/2026 9:44:15 AM","SC; All; สพม.นครราชสีมา; จักราชวิทยา; SC_จักราชวิทยา","รร.จักราชวิทยา"
"GJC46KJTG2","SC1155","จักราชวิทยา_SC1155","จักราชวิทยา_SC1155_GJC46KJTG2","Student_231_1030201383","Student231","Admin","obec68zone1@obec.org","iPad (A16) (Wi-Fi + Cellular 128 GB Silver)","26.1.0","35 787985 026787 9","AC:82:F0:A1:D7:1A","2/10/2026 9:43:59 AM","SC; All; สพม.นครราชสีมา; จักราชวิทยา; SC_จักราชวิทยา","รร.จักราชวิทยา"
"KP91L655W9","SC1131","จักราชวิทยา_SC1131","จักราชวิทยา_SC1131_KP91L655W9","Student_227_1030201383","Student227","Admin","obec68zone1@obec.org","iPad (A16) (Wi-Fi + Cellular 128 GB Silver)","26.1.0","35 787985 005152 1","AC:82:F0:AD:84:CB","2/10/2026 9:43:02 AM","SC; All; สพม.นครราชสีมา; จักราชวิทยา; SC_จักราชวิทยา","รร.จักราชวิทยา"
"LDQ379FDJ9","SC1133","จักราชวิทยา_SC1133","จักราชวิทยา_SC1133_LDQ379FDJ9","Student_227_1030201383","Student227","Admin","obec68zone1@obec.org","iPad (A16) (Wi-Fi + Cellular 128 GB Silver)","26.1.0","35 787985 046504 4","AC:82:F0:9D:78:A9","2/10/2026 9:43:01 AM","SC; All; สพม.นครราชสีมา; จักราชวิทยา; SC_จักราชวิทยา","รร.จักราชวิทยา"
"GQGPV4GW75","SC1134","จักราชวิทยา_SC1134","จักราชวิทยา_SC1134_GQGPV4GW75","Student_227_1030201383","Student227","Admin","obec68zone1@obec.org","iPad (A16) (Wi-Fi + Cellular 128 GB Silver)","26.1.0","35 787985 053749 5","AC:82:F0:A6:DA:14","2/10/2026 9:43:00 AM","SC; All; สพม.นครราชสีมา; จักราชวิทยา; SC_จักราชวิทยา","รร.จักราชวิทยา"
"D349JWH21Y","SC1132","จักราชวิทยา_SC1132","จักราชวิทยา_SC1132_D349JWH21Y","Student_227_1030201383","Student227","Admin","obec68zone1@obec.org","iPad (A16) (Wi-Fi + Cellular 128 GB Silver)","26.1.0","35 787985 075509 7","AC:82:F0:9A:44:24","2/10/2026 9:42:28 AM","SC; All; สพม.นครราชสีมา; จักราชวิทยา; SC_จักราชวิทยา","รร.จักราชวิทยา"
"D19VP6YTGQ","SC1126","จักราชวิทยา_SC1126","จักราชวิทยา_SC1126_D19VP6YTGQ","Student_226_1030201383","Student226","Admin","obec68zone1@obec.org","iPad (A16) (Wi-Fi + Cellular 128 GB Silver)","26.1.0","35 787985 054925 0","AC:82:F0:9B:94:75","2/10/2026 9:17:10 AM","SC; All; สพม.นครราชสีมา; จักราชวิทยา; SC_จักราชวิทยา","รร.จักราชวิทยา"
"GNW7JG9LH4","SC1128","จักราชวิทยา_SC1128","จักราชวิทยา_SC1128_GNW7JG9LH4","Student_226_1030201383","Student226","Admin","obec68zone1@obec.org","iPad (A16) (Wi-Fi + Cellular 128 GB Silver)","26.1.0","35 787985 061717 2","AC:82:F0:9E:37:19","2/10/2026 9:15:27 AM","SC; All; สพม.นครราชสีมา; จักราชวิทยา; SC_จักราชวิทยา","รร.จักราชวิทยา"
"H0CMWW1GK4","SC1129","จักราชวิทยา_SC1129","จักราชวิทยา_SC1129_H0CMWW1GK4","Student_226_1030201383","Student226","Admin","obec68zone1@obec.org","iPad (A16) (Wi-Fi + Cellular 128 GB Silver)","26.1.0","35 787985 034059 3","AC:82:F0:A9:F0:46","2/10/2026 9:15:03 AM","SC; All; สพม.นครราชสีมา; จักราชวิทยา; SC_จักราชวิทยา","รร.จักราชวิทยา"
"KCWJ41RY77","SC1130","จักราชวิทยา_SC1130","จักราชวิทยา_SC1130_KCWJ41RY77","Student_226_1030201383","Student226","Admin","obec68zone1@obec.org","iPad (A16) (Wi-Fi + Cellular 128 GB Silver)","26.1.0","35 787985 086696 9","AC:82:F0:A1:37:53","2/10/2026 9:14:22 AM","SC; All; สพม.นครราชสีมา; จักราชวิทยา; SC_จักราชวิทยา","รร.จักราชวิทยา"
"GG9PC764FC","SC1138","จักราชวิทยา_SC1138","จักราชวิทยา_SC1138_GG9PC764FC","Student_228_1030201383","Student228","Admin","obec68zone1@obec.org","iPad (A16) (Wi-Fi + Cellular 128 GB Silver)","26.1.0","35 787985 004447 6","AC:82:F0:AB:6E:12","2/10/2026 9:12:01 AM","SC; All; สพม.นครราชสีมา; จักราชวิทยา; SC_จักราชวิทยา","รร.จักราชวิทยา"
"KWLD6HPQTV","SC1140","จักราชวิทยา_SC1140","จักราชวิทยา_SC1140_KWLD6HPQTV","Student_228_1030201383","Student228","Admin","obec68zone1@obec.org","iPad (A16) (Wi-Fi + Cellular 128 GB Silver)","26.1.0","35 787985 034196 3","AC:82:F0:A0:53:BE","2/10/2026 9:11:29 AM","SC; All; สพม.นครราชสีมา; จักราชวิทยา; SC_จักราชวิทยา","รร.จักราชวิทยา"
"G2CJP4K45G","SC962","จักราชวิทยา_SC962","จักราชวิทยา_SC962_G2CJP4K45G","Student_193_1030201383","Student193","Admin","obec68zone1@obec.org","iPad (A16) (Wi-Fi + Cellular 128 GB Silver)","26.1.0","35 787985 035940 3","AC:82:F0:9E:F1:7B","2/10/2026 9:10:44 AM","SC; All; สพม.นครราชสีมา; จักราชวิทยา; SC_จักราชวิทยา","รร.จักราชวิทยา"
"FC7PN6QYFC","SC1139","จักราชวิทยา_SC1139","จักราชวิทยา_SC1139_FC7PN6QYFC","Student_228_1030201383","Student228","Admin","obec68zone1@obec.org","iPad (A16) (Wi-Fi + Cellular 128 GB Silver)","26.1.0","35 787985 082707 8","AC:82:F0:AB:18:F9","2/10/2026 9:09:50 AM","SC; All; สพม.นครราชสีมา; จักราชวิทยา; SC_จักราชวิทยา","รร.จักราชวิทยา"
"C1FPWJK7M1","SC1137","จักราชวิทยา_SC1137","จักราชวิทยา_SC1137_C1FPWJK7M1","Student_228_1030201383","Student228","Admin","obec68zone1@obec.org","iPad (A16) (Wi-Fi + Cellular 128 GB Silver)","26.1.0","35 787985 072965 4","AC:82:F0:A1:4A:FE","2/10/2026 9:07:23 AM","SC; All; สพม.นครราชสีมา; จักราชวิทยา; SC_จักราชวิทยา","รร.จักราชวิทยา"
"F0CFC4G00W","SC1136","จักราชวิทยา_SC1136","จักราชวิทยา_SC1136_F0CFC4G00W","Student_228_1030201383","Student228","Admin","obec68zone1@obec.org","iPad (A16) (Wi-Fi + Cellular 128 GB Silver)","26.1.0","35 787985 024569 3","AC:82:F0:A7:95:14","2/10/2026 9:06:52 AM","SC; All; สพม.นครราชสีมา; จักราชวิทยา; SC_จักราชวิทยา","รร.จักราชวิทยา"
"GDJK7N04T4","TC19","จักราชวิทยา_TC19","จักราชวิทยา_TC19_GDJK7N04T4","Teacher_04_1030201383","Teacher04","Admin","obec68zone1@obec.org","iPad (A16) (Wi-Fi + Cellular 128 GB Silver)","26.1.0","35 787985 015933 2","AC:82:F0:9B:13:A0","2/3/2026 11:42:21 AM","TC; All; สพม.นครราชสีมา; TC_จักราชวิทยา; จักราชวิทยา","รร.จักราชวิทยา"
"CR376XKWPD","TC22","จักราชวิทยา_TC22","จักราชวิทยา_TC22_CR376XKWPD","Teacher_05_1030201383","Teacher05","Admin","obec68zone1@obec.org","iPad (A16) (Wi-Fi + Cellular 128 GB Silver)","26.1.0","35 787985 051667 1","AC:82:F0:A9:86:3E","1/30/2026 6:34:47 AM","TC; All; สพม.นครราชสีมา; TC_จักราชวิทยา; จักราชวิทยา","รร.จักราชวิทยา"
"GJ996MMWCW","TC103","จักราชวิทยา_TC103","จักราชวิทยา_TC103_GJ996MMWCW","Teacher_21_1030201383","Teacher21","Admin","obec68zone1@obec.org","iPad (A16) (Wi-Fi + Cellular 128 GB Silver)","26.1.0","35 787985 088498 8","AC:82:F0:9E:AB:EF","1/15/2026 4:24:17 PM","TC; All; สพม.นครราชสีมา; TC_จักราชวิทยา; จักราชวิทยา","รร.จักราชวิทยา"
